name,color,difficulty,min_elevation,max_elevation,wkt
Gubałówka - Kiry,#16A34A,standard,911,1094,"MULTILINESTRING((19.891871 49.300482,19.891481 49.299854,19.891281 49.299643,19.891069 49.299446,19.890683 49.299255,19.890473 49.299169),(19.884951 49.29605,19.885031 49.296072,19.885123 49.296106,19.885304 49.296145,19.88553 49.296182,19.885816 49.296245,19.885916 49.29628,19.886001 49.296336,19.886061 49.29639,19.886103 49.296456,19.886126 49.296581,19.886182 49.296676,19.886254 49.296697,19.886395 49.296664,19.886509 49.296631,19.886774 49.296573,19.886896 49.296562,19.887002 49.29656,19.887208 49.296584,19.887359 49.296613,19.887548 49.296707,19.887591 49.296733,19.887815 49.296893,19.888067 49.29703,19.888462 49.297184,19.8887 49.297287,19.888907 49.29742,19.889143 49.297642,19.889436 49.297866,19.889878 49.298242,19.889918 49.298293,19.890015 49.298418,19.890388 49.299062,19.890473 49.299169),(19.881782 49.293339,19.881925 49.293405,19.882263 49.293622,19.882343 49.2937,19.88247 49.293823,19.882596 49.293918,19.882754 49.294005,19.882869 49.294091,19.882945 49.294136,19.882985 49.294182,19.883105 49.294294,19.88328 49.294441,19.883511 49.294708,19.883619 49.294828,19.883753 49.29503,19.883866 49.295186,19.883962 49.295315,19.884061 49.295385,19.884281 49.295559,19.884683 49.295795,19.884951 49.29605),(19.880783 49.292115,19.880786 49.292144,19.880798 49.292171,19.880821 49.292195,19.881238 49.292457,19.881402 49.292557,19.881475 49.292617,19.881524 49.292669,19.881543 49.292694,19.881563 49.292731,19.88158 49.292772,19.881782 49.293339),(19.875991 49.288867,19.876229 49.289251,19.876584 49.289543,19.876719 49.289671,19.876799 49.289829,19.876927 49.290062,19.877031 49.290195,19.877098 49.290264,19.877206 49.290368,19.877259 49.290411,19.87728 49.290427,19.877364 49.290451,19.877513 49.290457,19.877742 49.290472,19.878181 49.29059,19.878438 49.290679,19.878671 49.29078,19.879081 49.291003,19.87932 49.291127,19.879537 49.291273,19.87974 49.29142,19.879829 49.291497,19.879867 49.291545,19.879907 49.291602,19.87992 49.291652,19.87994 49.29169,19.879987 49.29173,19.880082 49.2918,19.880583 49.292076,19.880653 49.292104,19.880732 49.292114,19.880783 49.292115),(19.87342 49.28641,19.8736 49.286532,19.873782 49.286621,19.873881 49.286738,19.873994 49.286995,19.874104 49.28714,19.87426 49.287225,19.874512 49.287319,19.874879 49.287408,19.875335 49.287538,19.875778 49.287788,19.875998 49.287968,19.876054 49.288068,19.876067 49.288187,19.875991 49.288867),(19.873382 49.286368,19.87342 49.28641),(19.872157 49.282993,19.872294 49.283458,19.872409 49.283767,19.872729 49.284458,19.872809 49.28463,19.87291 49.284894,19.87298 49.285088,19.873055 49.285155,19.873146 49.285291,19.87323 49.285365,19.873278 49.285451,19.873328 49.285717,19.873307 49.286224,19.873329 49.286311,19.873382 49.286368),(19.869512 49.27668,19.869726 49.277037,19.869874 49.277145,19.870113 49.277254,19.870587 49.277317,19.870799 49.277434,19.871006 49.27766,19.871156 49.277953,19.871571 49.28006,19.871747 49.280945,19.872051 49.282485,19.872157 49.282993),(19.868932 49.275474,19.868966 49.275576,19.868992 49.275652,19.869084 49.275876,19.869512 49.27668))"
Stacja IMGW - Świnicka Przełęcz,#1F2937,standard,1504,1525,"MULTILINESTRING((20.00639 49.244913,20.006391 49.244789,20.006374 49.244729,20.006307 49.244609,20.006314 49.244497,20.006318 49.244446,20.006308 49.244402,20.006238 49.244251,20.006104 49.244041))"
Gubałówka - Ciemniak,#16A34A,standard,970,980,"MULTILINESTRING((19.880783 49.292115,19.880786 49.292144,19.880798 49.292171,19.880821 49.292195,19.881238 49.292457,19.881402 49.292557,19.881475 49.292617,19.881524 49.292669,19.881543 49.292694,19.881563 49.292731,19.88158 49.292772,19.881782 49.293339))"
Szlak 5801,#16A34A,standard,1420,1887,"MULTILINESTRING((20.004931 49.191155,20.005098 49.191207,20.005163 49.191224,20.005362 49.191248,20.006061 49.191332),(20.006061 49.191332,20.006141 49.191345),(20.006141 49.191345,20.00673 49.191434,20.007082 49.191482,20.007369 49.191564,20.007836 49.191586,20.008163 49.191622,20.008548 49.191692,20.008914 49.191681,20.009321 49.191639),(20.009321 49.191639,20.009393 49.191611),(20.009393 49.191611,20.009581 49.191478),(20.009581 49.191478,20.009656 49.191446),(20.009656 49.191446,20.010102 49.191294,20.010644 49.191276),(20.010644 49.191276,20.010744 49.19127),(20.010744 49.19127,20.010781 49.19125,20.011294 49.191137,20.011777 49.191108,20.012326 49.191097,20.01247 49.191147,20.012564 49.191358,20.012809 49.191564,20.012959 49.191743,20.013236 49.191869,20.01351 49.191956,20.013823 49.192101,20.014113 49.192218,20.014312 49.192433,20.014292 49.192467),(20.014292 49.192467,20.014265 49.192647),(20.014265 49.192647,20.014217 49.192857,20.014188 49.19299,20.014178 49.1931,20.01393 49.193477,20.013801 49.193551,20.013536 49.193551,20.013447 49.193598,20.013306 49.193656,20.013163 49.193701,20.013021 49.193724,20.01267 49.193891,20.012468 49.193952,20.012299 49.193959,20.012197 49.194024,20.012066 49.194075,20.011798 49.194131,20.011436 49.19422,20.011251 49.194344,20.011114 49.194443,20.01117 49.194504,20.011453 49.19462,20.011704 49.194683,20.01198 49.194876,20.012189 49.194953,20.012305 49.195025,20.012345 49.195075,20.012385 49.19511,20.012246 49.195138,20.011978 49.195165,20.01165 49.195185,20.011422 49.195263,20.011216 49.195309,20.011103 49.195316,20.011007 49.195355,20.010948 49.195396,20.010977 49.195428,20.01117 49.195515,20.011267 49.195545,20.011286 49.195593,20.011374 49.195654,20.011564 49.195677,20.01164 49.195701,20.011736 49.195763,20.011771 49.195808,20.011868 49.195855,20.011937 49.195947,20.012037 49.195996,20.012046 49.196078,20.012152 49.196131,20.012144 49.19622,20.012227 49.196309,20.012259 49.196343,20.012211 49.196434,20.012158 49.196535,20.012137 49.19655,20.012279 49.1966,20.0122 49.196633,20.012231 49.19666,20.012218 49.196675,20.012324 49.196678,20.012311 49.196717,20.012181 49.196751,20.012144 49.196793,20.012184 49.196825,20.012353 49.196879,20.012459 49.196913,20.012546 49.196968,20.01247 49.197016,20.01246 49.197019,20.012388 49.197038,20.012286 49.197049,20.012297 49.197075,20.012399 49.197147,20.012536 49.19721,20.012581 49.197231,20.012769 49.19732,20.012877 49.197444,20.012733 49.197491,20.012683 49.197566,20.012718 49.19764,20.012656 49.197738,20.012687 49.197835,20.012674 49.19784,20.012611 49.197876,20.012573 49.197929,20.012494 49.19805,20.012345 49.198108,20.012289 49.198139,20.012249 49.198197,20.012269 49.198257,20.012226 49.198378,20.012168 49.198554,20.012171 49.19869,20.012117 49.198901,20.012109 49.199058,20.012077 49.199152,20.012141 49.199274,20.012211 49.199418,20.012214 49.199573,20.012194 49.199756,20.012192 49.199841,20.012172 49.199959,20.012174 49.200053,20.012138 49.200138,20.012082 49.200304,20.012028 49.200397,20.011946 49.200654,20.011937 49.200707,20.011986 49.200794,20.01191 49.200986,20.011862 49.201035,20.011868 49.201077,20.011792 49.20114,20.011725 49.201278,20.01153 49.201467,20.011454 49.201683,20.011297 49.201904,20.011248 49.201972,20.011237 49.202083,20.011229 49.202172,20.011166 49.202232,20.011066 49.202354,20.010854 49.202556,20.010706 49.202845,20.010682 49.202934,20.010722 49.202999,20.01061 49.203118,20.010322 49.203229,20.010141 49.203356,20.010084 49.20342,20.009966 49.203481,20.009824 49.203542,20.009668 49.203625,20.009454 49.203645,20.009164 49.203632,20.00885 49.203603,20.008686 49.203641,20.008638 49.203664,20.008609 49.203724,20.008619 49.20376,20.008712 49.20379,20.008756 49.203863,20.008762 49.203933,20.008839 49.203981,20.00888 49.204035,20.008913 49.204087,20.008938 49.204142,20.008929 49.204166,20.008948 49.204211,20.008956 49.204257,20.00898 49.204276,20.008943 49.204361,20.008967 49.204384,20.00899 49.204431,20.009004 49.20445,20.008992 49.204487,20.009003 49.204523,20.008984 49.204544,20.008893 49.20456,20.008681 49.204597,20.008614 49.204576,20.008552 49.204589,20.008517 49.204603,20.008515 49.20462,20.008524 49.204639,20.008477 49.204638,20.008387 49.204616,20.008263 49.204631,20.008178 49.204632,20.008075 49.204613,20.007978 49.204622,20.007727 49.204618,20.007597 49.204666))"
Kozia Przełęcz - Kozi Wierch,#DC2626,standard,2065,2216,"MULTILINESTRING((20.025325 49.219552,20.025265 49.219468,20.025185 49.219367,20.02513 49.219278,20.025144 49.219174),(20.025144 49.219174,20.025368 49.219347,20.025543 49.219467,20.025708 49.21952,20.025936 49.219533,20.026097 49.219569,20.026196 49.21954,20.026315 49.219572,20.026289 49.219501,20.026112 49.219433,20.025999 49.219315,20.025924 49.219287,20.025933 49.219219,20.025998 49.219169,20.026117 49.219138,20.026181 49.219113,20.02621 49.219074,20.026282 49.219085,20.026392 49.219119,20.026498 49.219079,20.026631 49.218992,20.026729 49.218956,20.02677 49.2189,20.026921 49.2189,20.027026 49.218868,20.02715 49.218821,20.027324 49.218813,20.027415 49.218669,20.027482 49.218643,20.027643 49.218698,20.027949 49.218485),(20.027949 49.218485,20.028106 49.218449,20.028285 49.218461,20.028463 49.21841,20.02852 49.218422,20.028592 49.218381,20.028577 49.218331,20.028639 49.21833,20.028705 49.218317))"
Szlak 0932,#DC2626,standard,1491,1675,"MULTILINESTRING((20.014312 49.192433,20.014362 49.192465,20.014386 49.192489),(20.014386 49.192489,20.015103 49.192833),(20.015103 49.192833,20.015156 49.192896),(20.015156 49.192896,20.015258 49.192987,20.015521 49.193117,20.015659 49.193196,20.015756 49.193295,20.016108 49.193647,20.01648 49.193905),(20.01648 49.193905,20.016582 49.193937),(20.016582 49.193937,20.016973 49.194124,20.017161 49.194153,20.017349 49.194201,20.01761 49.194389,20.017806 49.194518,20.017948 49.194583,20.018025 49.194703,20.01804 49.194711,20.018186 49.194789,20.018521 49.194937,20.018623 49.194984,20.018742 49.194975,20.018867 49.195036,20.019034 49.195366,20.019139 49.195473,20.019304 49.195566,20.019665 49.19564,20.02 49.195813,20.02004 49.195859,20.020086 49.196006,20.020158 49.196043,20.020302 49.196055,20.020443 49.196076,20.020639 49.196145,20.020764 49.196145,20.020864 49.196132,20.021065 49.196138,20.021293 49.196157,20.021462 49.196183,20.021577 49.196188,20.021684 49.196204,20.0218 49.196173,20.021896 49.196169,20.02224 49.196241,20.022492 49.196264,20.022658 49.196306,20.022789 49.196299,20.022929 49.196259,20.023052 49.196255,20.023179 49.19628,20.023248 49.196282,20.023307 49.19626,20.023323 49.196252,20.023321 49.19624,20.023315 49.196217,20.023378 49.196218,20.0235 49.196215,20.023598 49.196246,20.023821 49.196275,20.023933 49.196252,20.02398 49.196232,20.024084 49.196228,20.024178 49.196081,20.024233 49.195916,20.024298 49.195873,20.024372 49.195865,20.024487 49.195819,20.02461 49.195704,20.024721 49.195647,20.024756 49.195602,20.024821 49.195575,20.0249 49.195562,20.024981 49.195438,20.025001 49.19545,20.025012 49.195416,20.024998 49.195369,20.025048 49.19521,20.025081 49.195225,20.025134 49.195181,20.025115 49.195111,20.025144 49.195088,20.025119 49.195005,20.025158 49.195005,20.025131 49.1949,20.025158 49.194855,20.025289 49.194857,20.025433 49.194841,20.025517 49.194842,20.025555 49.19483,20.025609 49.19482,20.02563 49.194766,20.025736 49.194778,20.025737 49.194756,20.026154 49.194685,20.026445 49.194697,20.026593 49.194627,20.02674 49.194635,20.026791 49.194579,20.02696 49.194564,20.02707 49.194575,20.027245 49.19447,20.027416 49.194401,20.027483 49.194374,20.027579 49.194336,20.027637 49.19432,20.027734 49.194293,20.027946 49.194238,20.028018 49.194164,20.028027 49.194139,20.028067 49.194091))"
Szlak 2907,#2563EB,standard,970,1660,"MULTILINESTRING((20.122422 49.179999,20.122349 49.180035,20.122168 49.180061,20.122042 49.1801,20.12171 49.180054,20.12163 49.180045,20.121489 49.180003,20.121433 49.179982,20.121359 49.180008,20.121265 49.180008,20.121194 49.180006,20.121055 49.180095,20.120845 49.180121,20.12076 49.180154,20.120647 49.180149,20.120516 49.180208,20.120438 49.180225,20.120244 49.180082,20.120011 49.180036,20.119577 49.179731,20.118984 49.179886,20.119085 49.180117,20.119083 49.180143,20.11902 49.180259,20.119024 49.18032,20.119027 49.180335,20.119006 49.180348,20.118981 49.180345,20.11897 49.180355,20.118975 49.180384,20.119026 49.180436,20.11911 49.180502,20.119231 49.18062,20.119257 49.180661,20.11924 49.180672,20.119223 49.180675,20.119083 49.180643,20.118716 49.18052,20.118672 49.180507,20.118651 49.180521,20.118656 49.180545,20.118707 49.180605,20.118785 49.180819,20.118817 49.181097,20.118807 49.181158,20.118772 49.181166,20.118735 49.181158,20.118552 49.181014,20.118473 49.180996,20.118416 49.180994,20.118374 49.180993,20.118331 49.180998,20.118283 49.180993,20.118225 49.181002,20.118216 49.181008,20.118236 49.181104,20.118229 49.181124,20.118204 49.181128,20.118172 49.181116,20.118023 49.181034,20.117984 49.181024,20.117959 49.181041,20.117948 49.181069,20.117903 49.18128,20.118016 49.181453,20.11797 49.181509,20.117855 49.18157,20.117678 49.181551,20.11759 49.181509,20.117525 49.181511,20.117512 49.181675,20.117421 49.181689,20.117176 49.181591,20.116935 49.181532,20.116718 49.181483,20.116613 49.181523,20.116592 49.181621,20.116519 49.181682,20.116474 49.181758,20.11647 49.181801,20.116643 49.182043,20.116825 49.182471,20.116825 49.182547,20.116809 49.182564,20.116777 49.182564,20.116702 49.182552,20.116654 49.182568,20.116631 49.18259,20.116619 49.182617,20.116667 49.182715,20.116967 49.182979,20.11697 49.183001,20.116963 49.183024,20.116864 49.183247,20.11682 49.183334,20.116813 49.18336,20.116819 49.183388,20.116832 49.183423,20.116823 49.183444,20.11678 49.183464,20.116667 49.183496,20.116624 49.183522,20.116602 49.18356,20.11661 49.183595,20.116696 49.183912,20.116737 49.184007,20.116734 49.184035,20.11671 49.184044,20.116642 49.184021,20.116522 49.183987,20.11647 49.183997,20.116439 49.184027,20.116399 49.184069,20.116322 49.184146,20.116315 49.184168,20.116328 49.184199,20.11637 49.184276,20.116417 49.184327,20.116435 49.184387,20.116442 49.18448,20.116383 49.184626,20.116348 49.184796,20.116096 49.184814,20.115986 49.184851,20.116085 49.185045,20.115983 49.185112,20.115984 49.185215,20.115967 49.185233,20.115814 49.185236,20.115664 49.185266,20.115645 49.185327,20.115658 49.185364,20.115841 49.185511,20.115874 49.185547,20.115868 49.185579,20.115846 49.185609,20.115819 49.185624,20.115733 49.18562,20.115567 49.185601,20.11552 49.185611,20.115498 49.185629,20.115491 49.185655,20.115548 49.18573,20.115774 49.185932,20.115924 49.186355,20.115804 49.186701,20.115773 49.186725,20.115648 49.186769,20.115608 49.186801,20.115593 49.186855,20.115587 49.186914,20.115617 49.186983,20.115677 49.187082,20.115795 49.187194,20.115964 49.187329,20.115957 49.187467,20.115956 49.187494,20.115951 49.187736,20.116007 49.18786,20.116049 49.187953,20.116055 49.187987,20.115994 49.188162,20.115992 49.188217,20.116005 49.1883,20.116015 49.188399,20.116027 49.188458,20.116048 49.188507,20.11608 49.188542,20.116115 49.188572,20.11617 49.188607,20.116189 49.188632,20.116331 49.188815,20.116356 49.188865,20.116597 49.189266),(20.116597 49.189266,20.116734 49.189349,20.116865 49.189487,20.116898 49.189628,20.116927 49.189698,20.116957 49.189771,20.116991 49.189862,20.117064 49.189985,20.11711 49.19013,20.117122 49.190192,20.117096 49.190302,20.117066 49.190446,20.117056 49.190579,20.116981 49.190688,20.116874 49.19079,20.11675 49.190905,20.116675 49.191068),(20.116675 49.191068,20.116683 49.191174,20.116673 49.191223,20.116641 49.191287,20.116604 49.191353,20.116522 49.191472,20.116479 49.191629,20.116527 49.191787,20.116621 49.191969,20.116755 49.192224,20.11693 49.192532,20.116942 49.192596,20.116939 49.192652,20.116929 49.192705,20.116838 49.1929,20.116775 49.193039,20.116761 49.193091,20.116759 49.193155,20.116785 49.193384,20.116688 49.193591,20.116581 49.193729,20.116407 49.193961,20.116197 49.194208,20.116058 49.194353,20.116002 49.194488,20.11598 49.194579,20.115953 49.194793,20.115919 49.19508,20.115894 49.195129,20.115855 49.195159,20.115824 49.195178,20.115793 49.195197,20.11566 49.195244,20.115432 49.19532,20.115335 49.19536,20.115299 49.195397,20.115279 49.19547,20.115274 49.195523,20.115275 49.195588,20.115291 49.195652,20.115313 49.195698,20.115366 49.195756,20.115404 49.195802,20.11542 49.195831,20.115436 49.195947,20.115444 49.196001,20.115438 49.196048,20.115424 49.196078,20.115325 49.196209,20.115059 49.196382,20.115003 49.19646,20.114966 49.19651,20.114918 49.196623,20.114888 49.196677,20.114827 49.196767,20.114825 49.19679,20.114839 49.196818,20.114876 49.196831,20.114919 49.196835,20.114976 49.19683,20.11506 49.196814,20.115086 49.196817,20.115122 49.196828),(20.115122 49.196828,20.115232 49.196875),(20.115232 49.196875,20.115245 49.196888,20.115261 49.196908,20.115285 49.196963,20.115285 49.19704,20.115267 49.197075,20.11524 49.197111,20.11521 49.197146,20.115195 49.197175,20.115188 49.197216,20.115175 49.197289,20.115156 49.197327,20.115127 49.197361,20.115053 49.197434,20.114995 49.197473,20.114901 49.197537,20.114868 49.197572,20.114826 49.197627,20.114765 49.197715,20.114726 49.197758,20.114632 49.197839,20.114598 49.197878,20.114516 49.197992,20.114411 49.198067,20.114376 49.198103,20.114333 49.19816,20.114277 49.198216,20.114159 49.198292,20.114129 49.198317,20.114115 49.198347,20.114087 49.198454,20.114071 49.198536,20.114067 49.198598,20.114058 49.198628,20.114038 49.198654,20.113979 49.198723,20.113947 49.198761,20.113834 49.198972,20.113815 49.199022,20.113808 49.199061,20.113804 49.199093,20.113792 49.199115,20.113779 49.199135,20.113754 49.199158,20.1137 49.199198,20.113659 49.199233,20.113626 49.199267,20.113609 49.199295,20.113542 49.199436,20.113507 49.19951,20.113494 49.199529,20.113466 49.199549,20.11343 49.19956,20.113384 49.199572,20.113311 49.199594,20.113051 49.199702,20.112863 49.19976,20.11274 49.199796,20.112681 49.199817,20.112643 49.199852,20.112616 49.199889,20.112605 49.199933,20.112606 49.199979,20.112622 49.200027,20.112654 49.2001,20.112668 49.200144,20.112678 49.200194,20.112679 49.200288,20.112669 49.200346,20.112654 49.200388,20.112637 49.200423,20.11261 49.20046,20.112546 49.200533,20.112485 49.200619,20.112451 49.200674,20.112432 49.200717,20.11242 49.200772,20.1124 49.200819,20.112381 49.200856,20.112357 49.200879,20.112281 49.200936,20.112236 49.200977,20.112187 49.201035,20.111949 49.201561,20.111901 49.201648,20.111869 49.201684,20.111822 49.201709,20.111738 49.201751,20.111679 49.201787,20.111605 49.201842,20.111579 49.201862,20.11153 49.201881,20.111475 49.201892,20.111399 49.201902,20.111326 49.201924,20.111274 49.201945,20.111242 49.201969,20.111206 49.202027,20.11114 49.202085,20.111086 49.20212,20.11099 49.202155,20.110886 49.202185,20.110829 49.2022,20.110775 49.202225,20.110734 49.202259,20.110677 49.202313,20.110569 49.202507,20.110528 49.202574,20.110498 49.20261,20.110473 49.202628,20.110435 49.202643,20.110344 49.202675,20.110236 49.202705,20.110173 49.202737,20.110135 49.202769,20.110093 49.202808,20.11006 49.202845,20.109966 49.202989,20.109937 49.203036,20.109937 49.203071,20.10995 49.203105,20.109979 49.203139,20.110009 49.203178,20.11003 49.203213,20.110041 49.20325,20.110106 49.203637,20.110107 49.203704,20.110093 49.203752,20.110064 49.203832,20.110036 49.203921,20.110007 49.20396,20.109808 49.204184,20.109629 49.204349,20.109507 49.204441,20.109469 49.20449,20.109396 49.204635,20.109367 49.204664,20.109325 49.204687,20.109273 49.204708,20.109234 49.204728,20.109084 49.204867,20.109017 49.204926,20.109007 49.204953,20.109006 49.205003,20.109021 49.205064,20.109076 49.205149,20.109087 49.205176,20.10909 49.205219,20.109093 49.205258,20.109086 49.205325),(20.109086 49.205325,20.109058 49.205378),(20.109058 49.205378,20.108995 49.205504,20.108964 49.205557,20.108931 49.205583,20.108883 49.2056,20.108755 49.205638,20.108679 49.205663,20.108631 49.205682,20.108595 49.20571,20.108583 49.205737,20.108563 49.205804,20.108537 49.205996,20.108463 49.206409,20.108429 49.206678,20.108416 49.207102,20.108403 49.207388,20.108375 49.207486,20.108072 49.208046),(20.108072 49.208046,20.107975 49.208196,20.107961 49.208252,20.107956 49.208347,20.107967 49.208629,20.107968 49.208873,20.107948 49.208992,20.107909 49.20904,20.107871 49.209069,20.10762 49.209211,20.107423 49.209397,20.107276 49.209514,20.107032 49.209647,20.106489 49.209958,20.106428 49.210012,20.10617 49.210288,20.10576 49.21068,20.105633 49.210782,20.105359 49.211004,20.10497 49.211202,20.1047 49.211313,20.10449 49.211384,20.104095 49.211449,20.103787 49.211528,20.103607 49.21157,20.103553 49.211579),(20.103553 49.211579,20.10339 49.211582),(20.10339 49.211582,20.103375 49.211582,20.103304 49.211591,20.103247 49.211608,20.103185 49.211646,20.103102 49.211706,20.103005 49.21177,20.102914 49.211812,20.102715 49.211883,20.102531 49.211953,20.102432 49.212015,20.102367 49.212065,20.102346 49.212083,20.10232 49.212094,20.102295 49.212198,20.102324 49.21225,20.102679 49.212465,20.10302 49.212737,20.103469 49.213082,20.103618 49.213233,20.103656 49.213293,20.103692 49.213392,20.103696 49.213462,20.103682 49.213524,20.10367 49.213571,20.103636 49.213641,20.103597 49.21369,20.10354 49.213749,20.103504 49.21378,20.103457 49.213806,20.103229 49.213865,20.102971 49.213925,20.102835 49.213946,20.102694 49.21395,20.10246 49.213934,20.102338 49.2139,20.102232 49.213917,20.102102 49.213954,20.102007 49.213991,20.101898 49.214045,20.101792 49.214128,20.101658 49.214225,20.101389 49.214417,20.101166 49.214573,20.101022 49.214689,20.100935 49.214766,20.100867 49.21484,20.100819 49.214894,20.100713 49.214967,20.100675 49.215027,20.100627 49.2151,20.100453 49.215368,20.100354 49.215567,20.100206 49.21592,20.100159 49.216248,20.100059 49.216814,20.100022 49.216991,20.100028 49.217203,20.100002 49.217448,20.099992 49.217552,20.099991 49.217864,20.099998 49.217953,20.100014 49.218033,20.100032 49.218086,20.100136 49.218276,20.100314 49.218561,20.100413 49.218756,20.100449 49.218855,20.100462 49.218913,20.100459 49.219132,20.10042 49.219286,20.100417 49.219397,20.100459 49.21954,20.100507 49.21964,20.100552 49.219749,20.100624 49.219837,20.100704 49.219913,20.100831 49.219987,20.100965 49.220057,20.101078 49.220122,20.101284 49.220267,20.101437 49.220391,20.101581 49.220543,20.101675 49.22067,20.101744 49.220759,20.101844 49.220902,20.102045 49.221184,20.102091 49.221249,20.102121 49.221311,20.102138 49.221371,20.102144 49.221418,20.102126 49.221462,20.102042 49.221625,20.102022 49.221774,20.102007 49.221878,20.102006 49.221919,20.102004 49.221983,20.102006 49.222016,20.102014 49.222048),(20.102014 49.222048,20.102053 49.222159),(20.102053 49.222159,20.102053 49.22219,20.102051 49.222207,20.102029 49.222227,20.101977 49.222283,20.101869 49.2224,20.101823 49.222468,20.101796 49.22253,20.101789 49.222612,20.10181 49.223079,20.101827 49.223194,20.101936 49.223669,20.101979 49.223883,20.102049 49.224447,20.10207 49.224537,20.102123 49.224643,20.102348 49.225001,20.102383 49.225088,20.102418 49.225188,20.102434 49.225247,20.102455 49.225349,20.102455 49.225425,20.102434 49.225503,20.102381 49.225614,20.10229 49.225754,20.102183 49.225918,20.102121 49.226044,20.102082 49.226153,20.102043 49.226346,20.101988 49.226541,20.101918 49.226818,20.101889 49.226915,20.101853 49.227019,20.101821 49.227094,20.101751 49.227222,20.10159 49.227511,20.101413 49.227794,20.101306 49.227982,20.101018 49.228437,20.100827 49.228803,20.100689 49.229022,20.100664 49.229115,20.100662 49.229228,20.100676 49.229299,20.100703 49.22946,20.100732 49.22957,20.100748 49.229651),(20.100748 49.229651,20.10076 49.230065,20.100761 49.230195,20.100742 49.230462),(20.100742 49.230462,20.100744 49.230761,20.100765 49.230884,20.100772 49.231,20.100773 49.231078,20.100761 49.231125,20.100736 49.231198,20.100717 49.231251,20.100682 49.231344,20.100659 49.231408,20.100649 49.231464,20.100646 49.231495,20.100644 49.23155,20.100648 49.231633,20.100679 49.231965,20.10071 49.232343,20.100705 49.232537,20.100659 49.23279,20.100645 49.232849,20.100622 49.232907,20.100589 49.232964,20.100547 49.233037,20.100397 49.233221,20.10028 49.233411,20.100245 49.233478,20.100131 49.233807,20.099954 49.234448,20.099898 49.234648,20.099896 49.234715,20.09991 49.234805,20.099918 49.234863,20.099935 49.234923,20.099957 49.235053,20.099986 49.235313,20.100018 49.235634,20.100053 49.236021,20.100061 49.236151,20.100069 49.236258,20.100093 49.236351,20.10012 49.236452,20.10016 49.236567,20.100222 49.236706,20.100337 49.236946,20.100423 49.237126,20.100484 49.237268,20.100533 49.237363,20.100604 49.237465,20.100674 49.237572,20.100741 49.237674,20.100779 49.237752,20.100831 49.237886,20.100836 49.237895,20.100857 49.237979),(20.114891 49.263329,20.11484 49.263312,20.114753 49.263307,20.114675 49.263299,20.114618 49.263289,20.114559 49.26327,20.114507 49.263253,20.114466 49.263237,20.114408 49.263207,20.114363 49.263183,20.114327 49.263157,20.114294 49.26313,20.114276 49.263103,20.114264 49.263074,20.114255 49.263042,20.114248 49.263004,20.11424 49.262918,20.114221 49.262738,20.114206 49.262675,20.114189 49.262623,20.114145 49.26249,20.114108 49.262368,20.114038 49.262113,20.113937 49.26182,20.113857 49.261621,20.11384 49.26157,20.113825 49.261516,20.11381 49.261435,20.113779 49.261249,20.113744 49.261112,20.113717 49.261028,20.11368 49.260942,20.113633 49.260854,20.113605 49.260806,20.113529 49.260696,20.11325 49.260272,20.113183 49.260227,20.113031 49.260022,20.112874 49.259785,20.11252 49.259228,20.112142 49.258697,20.112094 49.258627,20.112002 49.258533,20.111542 49.258243,20.110602 49.257671,20.110165 49.257437,20.109988 49.257313,20.109649 49.256992,20.10928 49.256698,20.109011 49.256516,20.10876 49.256369,20.108616 49.256307,20.108556 49.256269,20.108529 49.256226,20.108454 49.256031,20.108316 49.255767,20.10825 49.255673,20.108109 49.255542,20.107972 49.255455,20.107208 49.255134,20.106658 49.254865,20.106271 49.254627,20.105988 49.254497,20.105715 49.254319,20.105312 49.254066,20.104744 49.253706,20.104386 49.253484,20.104271 49.253398,20.104197 49.253319,20.104095 49.253213,20.104024 49.253099,20.103926 49.252983,20.103776 49.252873,20.103059 49.252369,20.102717 49.252088,20.102383 49.25175,20.10207 49.251448,20.101905 49.251224,20.101709 49.250833,20.10154 49.250431,20.101469 49.25021,20.101433 49.250033,20.101422 49.249939,20.101435 49.249863,20.10146 49.249806,20.101526 49.249584,20.101633 49.249313,20.101727 49.249011,20.101774 49.248454,20.101754 49.247869,20.101794 49.247647,20.101854 49.247414,20.101998 49.247072,20.102052 49.246923,20.102072 49.246814,20.102068 49.246722,20.102048 49.246651,20.101949 49.246399,20.101821 49.246017,20.101703 49.245626,20.101576 49.245285,20.101329 49.245005,20.10126 49.244858,20.101229 49.244707,20.101229 49.244566,20.101241 49.244248,20.101262 49.24335,20.101292 49.24302,20.101338 49.242871,20.10146 49.242606,20.101487 49.242296,20.101468 49.241959,20.101461 49.241791,20.101469 49.241475,20.101481 49.241121,20.10145 49.240914,20.101362 49.240737,20.10134 49.240679,20.10131 49.240628,20.101295 49.240568,20.101306 49.240504,20.10133 49.240434,20.101353 49.240318,20.101358 49.240292,20.101341 49.240226,20.101245 49.24012,20.101169 49.240071,20.101041 49.239973,20.10084 49.239791,20.100739 49.239643,20.100642 49.239557,20.100553 49.239446,20.100523 49.239366,20.10052 49.2393,20.100529 49.239169,20.100555 49.23901,20.100571 49.238876,20.100593 49.238784,20.100614 49.238714,20.1007 49.238566,20.100804 49.23842,20.10085 49.238303,20.100861 49.238201,20.100857 49.237979),(20.116144 49.263196,20.116076 49.263183,20.11601 49.263173,20.115927 49.263165,20.115884 49.263162,20.115837 49.26316,20.115784 49.26316,20.115738 49.263161,20.115671 49.263161,20.115601 49.263165,20.115547 49.263169,20.115432 49.263181,20.115346 49.263192,20.11527 49.2632,20.115202 49.263208,20.115134 49.263221,20.115072 49.263236,20.115026 49.263251,20.114985 49.263266,20.114945 49.263286,20.114916 49.263306,20.114891 49.263329))"
Szlak 2901,#2563EB,standard,1412,1771,"MULTILINESTRING((19.856271 49.196261,19.856166 49.19621,19.856142 49.196173,19.856132 49.196113,19.856099 49.196076,19.856011 49.196025,19.855991 49.195982,19.855944 49.195942,19.85583 49.195886,19.85575 49.195827,19.855651 49.195716,19.85564 49.195661,19.855643 49.195553,19.855672 49.195447,19.855688 49.195365,19.855728 49.195216,19.855955 49.194955,19.856145 49.194713,19.856194 49.194627,19.856243 49.194411,19.856275 49.194344,19.856341 49.194291,19.85644 49.194233,19.856489 49.194183,19.856495 49.194182,19.856536 49.194093,19.856611 49.194012,19.856795 49.193911,19.856825 49.193821,19.856788 49.193705,19.856793 49.193598,19.856863 49.19344,19.856864 49.193336,19.857096 49.192972,19.857383 49.192623,19.857763 49.192344,19.858082 49.192068,19.858692 49.19143,19.85874 49.191389,19.858857 49.191305,19.85892 49.191233,19.858924 49.191212,19.858737 49.191181,19.858821 49.191113,19.858834 49.191046,19.858906 49.191004,19.858906 49.190931,19.858974 49.190863,19.858983 49.190813,19.858969 49.190745,19.858975 49.190687,19.858996 49.190611,19.859052 49.190561,19.859114 49.190543,19.859103 49.190438,19.859327 49.19025,19.859443 49.190195,19.859491 49.190094,19.859556 49.19008,19.859612 49.19001,19.859644 49.189969,19.85962 49.189901,19.859558 49.189792,19.859495 49.189731,19.859494 49.189693,19.859556 49.189675,19.859837 49.189727,19.859998 49.189775,19.860089 49.189757,19.860107 49.189631,19.860172 49.189588,19.860213 49.189498,19.860196 49.189409,19.860218 49.18933,19.860328 49.189266,19.860384 49.189238,19.860477 49.189217,19.860613 49.189021,19.860701 49.188967,19.860717 49.188932,19.860679 49.18887,19.860732 49.188665,19.860744 49.188602,19.860857 49.188471,19.860889 49.188385,19.860948 49.188337,19.861004 49.188222,19.861012 49.188143,19.86106 49.188092,19.861055 49.18805,19.860969 49.187998,19.86073 49.187864,19.860679 49.187701,19.860703 49.187637,19.860712 49.187557,19.860674 49.187416,19.860629 49.187291,19.860594 49.187201,19.860607 49.187124,19.860583 49.187089,19.860521 49.187058,19.860537 49.187019,19.860535 49.186949,19.860501 49.186889,19.860544 49.186862,19.860536 49.186774,19.860516 49.18662,19.860382 49.18651,19.860296 49.186423,19.860343 49.186338,19.860332 49.186248,19.860355 49.186206,19.860333 49.186104,19.860284 49.186019,19.860266 49.185948,19.860246 49.185877,19.860229 49.18566,19.860186 49.185597,19.860118 49.185548,19.860155 49.185516,19.860208 49.185515,19.860215 49.185492,19.860063 49.185449,19.860025 49.185438,19.860012 49.185386,19.860076 49.185319,19.860086 49.18525,19.860108 49.185236,19.860175 49.185169,19.860183 49.185081,19.860219 49.185047,19.860223 49.184991,19.86019 49.184945,19.860258 49.184745,19.860232 49.184666,19.860233 49.184602,19.86021 49.184574,19.860224 49.184529,19.860285 49.1845,19.86036 49.184432,19.860343 49.184359,19.860414 49.18431,19.860492 49.184247,19.860612 49.1842,19.860586 49.184144,19.860589 49.184073,19.860671 49.184042,19.86065 49.183991,19.860705 49.183877,19.860764 49.183825,19.86088 49.183661,19.860922 49.183598,19.860967 49.183582,19.860951 49.183542,19.860994 49.183482,19.860999 49.183344,19.861061 49.183283,19.861181 49.183062,19.861203 49.182987,19.861267 49.182853,19.861296 49.182797,19.861331 49.182766,19.861385 49.182743,19.861583 49.182682,19.861733 49.1826,19.86175 49.182563,19.861779 49.182549,19.861809 49.182517,19.861844 49.182482,19.861975 49.182461,19.862061 49.182403,19.862149 49.182356,19.862189 49.182289,19.862208 49.182245,19.862193 49.182152,19.862252 49.182108,19.862298 49.181994,19.862367 49.181949,19.862426 49.181896,19.862442 49.181835,19.862714 49.181776,19.862784 49.181723,19.862813 49.181659,19.863045 49.181558,19.863055 49.181492,19.863182 49.181391,19.863252 49.181298,19.863285 49.181186,19.863364 49.181075,19.863364 49.181032,19.863391 49.180986,19.863498 49.180936,19.86354 49.180864,19.863513 49.180747,19.863575 49.180698,19.863613 49.180642,19.863607 49.180543,19.863614 49.180484,19.863745 49.180407,19.863879 49.180335,19.863921 49.180291,19.864099 49.180192,19.864193 49.180071,19.864342 49.180048,19.864558 49.179847))"
Trzydniowiański Wierch - Kończysty Wierch,#16A34A,standard,1694,1978,"MULTILINESTRING((19.807545 49.205638,19.807531 49.205726,19.807525 49.205752,19.807553 49.205798,19.807567 49.205935,19.807577 49.206027,19.807538 49.206097,19.807499 49.206119,19.807469 49.206172,19.807443 49.206232,19.807424 49.206288,19.807419 49.206347,19.807408 49.206409,19.807346 49.206508,19.807303 49.206548,19.807271 49.206647,19.807222 49.206697,19.80722 49.206742,19.807258 49.206816,19.807274 49.206924,19.807233 49.207102,19.80726 49.207372,19.807293 49.207627,19.807329 49.207792,19.807336 49.207989,19.807323 49.208079,19.807337 49.208264,19.807297 49.208339,19.807257 49.208408,19.807265 49.208538,19.807271 49.208716,19.807247 49.208883,19.807235 49.208963,19.807194 49.209099,19.807127 49.20926,19.80712 49.209303,19.807078 49.209481,19.807064 49.209669,19.807064 49.209764,19.807086 49.20991,19.80712 49.210014,19.807142 49.210128,19.807177 49.210281,19.807208 49.210417,19.807246 49.210541,19.807286 49.210663,19.807305 49.210801,19.807282 49.21094,19.807294 49.211097,19.80726 49.211289,19.807178 49.21143,19.807163 49.211523,19.807175 49.211671,19.807192 49.211806,19.807193 49.211911,19.807189 49.2122,19.807194 49.212441,19.80714 49.212817,19.807156 49.212924,19.807162 49.213079,19.807312 49.213411,19.807303 49.213443,19.807344 49.213546,19.807353 49.213705,19.807278 49.213998,19.807092 49.214279,19.807057 49.214303,19.806995 49.21446,19.806975 49.214704,19.807026 49.214809,19.807064 49.214946,19.807098 49.214981,19.807105 49.215014,19.807096 49.215044,19.80708 49.215073,19.807097 49.215094,19.80713 49.21511,19.80723 49.215327,19.807232 49.215394,19.807115 49.215573,19.806975 49.215772,19.806941 49.215805,19.806778 49.215917,19.806721 49.215997,19.806598 49.216238,19.806516 49.216361,19.806465 49.216469,19.806369 49.216665,19.806327 49.216768,19.806227 49.216921,19.806154 49.217018,19.806071 49.217149,19.806 49.217232,19.805906 49.217329,19.805805 49.217404,19.805764 49.217462,19.805702 49.217502,19.805555 49.217566,19.805405 49.217658,19.8049 49.217873,19.804662 49.218066,19.804608 49.21822,19.804487 49.218324,19.804286 49.218586,19.804079 49.218726))"
Klasztor Albertynek - Polana Kalatówki,#2563EB,standard,1120,1207,"MULTILINESTRING((19.974349 49.264394,19.974494 49.264497),(19.974298 49.264359,19.974349 49.264394),(19.973744 49.263934,19.973927 49.264097,19.974218 49.26431,19.974298 49.264359),(19.968667 49.256331,19.968773 49.25646,19.969036 49.256701,19.969518 49.256854,19.96973 49.256978,19.97002 49.2573,19.97017 49.25761,19.970253 49.257938,19.970393 49.258139,19.970402 49.258295,19.970326 49.258547,19.970183 49.258911,19.96995 49.259438,19.970191 49.260291,19.970218 49.260323,19.970298 49.260419,19.97105 49.260973,19.971795 49.261608,19.972692 49.262473,19.972906 49.262606,19.973182 49.262751,19.97335 49.262917,19.973563 49.263348,19.97366 49.263644,19.973744 49.263934))"
Szlak 0931,#DC2626,standard,0,0,"MULTILINESTRING((19.961916 49.222312,19.961893 49.222333,19.961852 49.222362,19.961753 49.222393,19.961671 49.222398,19.961569 49.222383,19.961513 49.222361,19.961422 49.222363,19.961217 49.222361,19.961064 49.222344,19.960863 49.222269,19.960514 49.222115,19.960319 49.222049,19.960235 49.222026,19.960132 49.222015,19.959942 49.222033,19.959298 49.22215,19.958647 49.22234,19.958556 49.222356,19.958452 49.222358),(19.971047 49.220456,19.970967 49.220469,19.970686 49.22055,19.970466 49.220568,19.970285 49.220611,19.970057 49.220708,19.969892 49.220757,19.969447 49.221034,19.96906 49.221185,19.968308 49.221499,19.968052 49.221566,19.967693 49.2216,19.967258 49.221628,19.967016 49.221612,19.96657 49.22162,19.965986 49.2217,19.965531 49.221775,19.965099 49.221939,19.964767 49.222034,19.964514 49.222074,19.964351 49.222091,19.963991 49.222113,19.963653 49.22217,19.96333 49.222212,19.96301 49.222243,19.962819 49.222255,19.962614 49.222244,19.962363 49.222258,19.962028 49.222287,19.961916 49.222312),(19.971192 49.220436,19.971047 49.220456),(19.972309 49.220148,19.97197 49.220254,19.971543 49.220391,19.971407 49.220425,19.971192 49.220436),(19.972391 49.220128,19.972309 49.220148),(19.973564 49.219895,19.973488 49.219968,19.973344 49.220009,19.973122 49.220036,19.972887 49.220028,19.97264 49.220069,19.972565 49.220084,19.972506 49.220099,19.972391 49.220128),(19.973623 49.219856,19.973564 49.219895),(19.975028 49.219549,19.974864 49.219641,19.974568 49.21974,19.974276 49.219765,19.974048 49.219769,19.973822 49.219784,19.973747 49.219798,19.973623 49.219856),(19.97515 49.219485,19.975028 49.219549),(19.976442 49.219106,19.976204 49.219197,19.975875 49.219318,19.975564 49.219392,19.975345 49.219431,19.97515 49.219485),(19.977535 49.219156,19.977319 49.219191,19.977019 49.21915,19.976813 49.219147,19.976619 49.219133,19.976442 49.219106),(19.977618 49.219124,19.977535 49.219156),(19.980429 49.218197,19.980364 49.218205,19.980282 49.218251,19.980014 49.218412,19.979842 49.21854,19.979534 49.218662,19.97919 49.218785,19.978887 49.218839,19.978806 49.218849,19.978616 49.218871,19.978281 49.218927,19.978021 49.218988,19.977853 49.219045,19.977618 49.219124),(19.980628 49.218102,19.980429 49.218197),(19.98269 49.216917,19.982579 49.216901,19.98242 49.216965,19.982261 49.217044,19.982125 49.217112,19.981931 49.217233,19.981738 49.217413,19.981567 49.217601,19.980993 49.217883,19.980738 49.218032,19.980628 49.218102),(19.98283 49.216853,19.98269 49.216917),(19.989839 49.211157,19.989785 49.211181,19.989585 49.211361,19.989557 49.21141,19.989404 49.211568,19.988911 49.211987,19.988248 49.212355,19.98802 49.212593,19.987905 49.212691,19.987789 49.212803,19.987599 49.212938,19.987087 49.213296,19.986636 49.213615,19.986269 49.213941,19.986124 49.214142,19.986057 49.214279,19.985872 49.214366,19.985694 49.2145,19.985362 49.214713,19.984847 49.215029,19.984415 49.215332,19.984058 49.215659,19.983857 49.215824,19.983739 49.215982,19.983559 49.216099,19.983278 49.216413,19.983026 49.216749,19.982945 49.216817,19.98283 49.216853),(19.989923 49.211114,19.989839 49.211157),(20.007597 49.204666,20.007525 49.20464,20.007449 49.204636,20.007308 49.204602,20.007219 49.204566,20.007159 49.204556,20.007052 49.204533,20.006818 49.204451,20.006729 49.204416,20.006577 49.204374,20.006306 49.204316,20.006185 49.204307,20.006122 49.204307,20.006082 49.204321,20.006028 49.204327,20.005902 49.204315,20.005764 49.204294,20.005615 49.204262,20.005479 49.204224,20.005402 49.204194,20.005287 49.204162,20.005163 49.204146,20.005052 49.204165,20.00495 49.204161,20.004879 49.204135,20.004823 49.20413,20.004745 49.204144,20.004688 49.204146,20.00464 49.204148,20.004541 49.20414,20.004265 49.204079,20.004167 49.204049,20.004101 49.203985,20.004003 49.203973,20.003783 49.20384,20.003553 49.203687,20.003417 49.203602,20.003358 49.203527,20.003315 49.203468,20.003284 49.203442,20.003264 49.203395,20.003262 49.203346,20.00317 49.203303,20.003073 49.203253,20.003008 49.203216,20.00294 49.203126,20.002906 49.20311,20.002808 49.203094,20.002771 49.203086,20.002654 49.20306,20.002559 49.20307,20.002401 49.203061,20.002226 49.203018,20.002074 49.202994,20.001956 49.202968,20.001846 49.20296,20.001587 49.20291,20.001308 49.202879,20.001198 49.202841,20.001124 49.202818,20.001061 49.202822,20.000999 49.202844,20.000907 49.202877,20.000846 49.202916,20.000781 49.202975,20.000684 49.203033,20.000649 49.203018,20.000584 49.202985,20.00049 49.20294,20.000382 49.202848,20.000315 49.202805,20.000268 49.202795,20.000118 49.202873,20.000056 49.202891,19.999892 49.202963,19.999854 49.202983,19.999822 49.202976,19.999771 49.202906,19.999724 49.202878,19.999682 49.202837,19.999381 49.202989,19.999276 49.203012,19.999257 49.203006,19.999214 49.202954,19.999173 49.202948,19.998896 49.203253,19.998827 49.203234,19.998683 49.203385,19.998556 49.203509,19.998524 49.203512,19.998473 49.203442,19.998393 49.203382,19.998298 49.203292,19.998251 49.203274,19.996915 49.204057,19.996897 49.204145,19.996787 49.204214,19.996699 49.20429,19.996737 49.204426,19.996776 49.204494,19.99678 49.204544,19.996688 49.204555,19.996622 49.204704,19.99648 49.204794,19.99646 49.204819,19.996415 49.204873,19.996363 49.204915,19.996284 49.204985,19.996268 49.205034,19.996246 49.20513,19.996271 49.205352,19.996406 49.205613,19.996387 49.205723,19.996175 49.206051,19.996068 49.206246,19.995912 49.20637,19.995745 49.206576,19.995668 49.206635,19.995554 49.206695,19.995426 49.20681,19.995375 49.206845,19.995215 49.206904,19.99519 49.206922,19.995064 49.207011,19.994929 49.207069,19.994853 49.207089,19.994683 49.207147,19.994363 49.207233,19.994191 49.207304,19.994044 49.207403,19.993941 49.207477,19.993802 49.207577,19.993741 49.207627,19.99373 49.207641,19.993693 49.207684,19.993604 49.207737,19.993542 49.207802,19.993342 49.208013,19.9933 49.208078,19.993234 49.208151,19.993128 49.20823,19.993057 49.208269,19.99295 49.208407,19.992813 49.208437,19.992601 49.208588,19.992499 49.208691,19.99236 49.208915,19.992299 49.209009,19.992253 49.20908,19.992237 49.209099,19.992179 49.209172,19.99216 49.20921,19.992099 49.209272,19.991598 49.209599,19.991284 49.209716,19.991133 49.209825,19.991027 49.2099,19.990968 49.209931,19.990875 49.210003,19.990803 49.210095,19.990565 49.210252,19.99041 49.210322,19.990282 49.210427,19.990234 49.210447,19.990088 49.210491,19.99004 49.210521,19.990012 49.210575,19.990017 49.210626,19.989999 49.210703,19.989958 49.210776,19.989915 49.210879,19.989929 49.211034,19.989923 49.211114),(20.007597 49.204666,20.007633 49.204696,20.007669 49.204731,20.007711 49.204754,20.007847 49.204816,20.007875 49.204863,20.007926 49.204909,20.008002 49.204937,20.008043 49.204958,20.008077 49.205,20.008246 49.205052,20.008399 49.205121,20.008744 49.205242,20.008845 49.20528,20.008919 49.205332,20.009022 49.205373,20.009097 49.205428,20.009142 49.205435,20.009262 49.205514,20.009361 49.205558,20.009443 49.205608,20.009585 49.205736,20.00969 49.2058,20.00978 49.205843,20.009877 49.205892,20.009954 49.205944,20.010096 49.206019,20.010175 49.206113,20.010242 49.206154,20.010281 49.20621,20.01035 49.206274,20.010395 49.206315,20.010447 49.206352,20.010513 49.206437,20.010618 49.206545,20.010724 49.206606,20.010764 49.206659,20.010836 49.206719,20.01102 49.206823,20.011099 49.206892,20.011176 49.206959,20.011611 49.207265,20.0117 49.207357,20.011744 49.207412,20.01181 49.20747,20.011877 49.207572,20.011912 49.207608,20.011932 49.207647,20.011976 49.207702,20.012019 49.207802,20.012046 49.207872,20.012054 49.207889,20.012072 49.207891,20.012098 49.207873,20.012132 49.207852,20.012165 49.207831,20.012219 49.207771,20.012261 49.20776,20.012329 49.207773,20.012364 49.207788,20.012404 49.207824,20.012483 49.207893,20.012562 49.207944))"
Polana Trzydniówka - Polana Chochołowska,#16A34A,standard,0,0,"MULTILINESTRING((19.804876 49.239528,19.805088 49.239548,19.805578 49.239663,19.805961 49.239724,19.806092 49.239751),(19.804611 49.2395,19.804876 49.239528),(19.793761 49.236397,19.794393 49.236476,19.794566 49.236532,19.794929 49.236705,19.795323 49.236914,19.795644 49.237061,19.795974 49.237177,19.796808 49.237389,19.797007 49.237465,19.797573 49.237735,19.798 49.237972,19.798402 49.238159,19.798813 49.238332,19.799059 49.238395,19.799702 49.238444,19.800248 49.238486,19.800442 49.23853,19.800776 49.238636,19.800943 49.238678,19.80145 49.238735,19.801648 49.238785,19.802055 49.238926,19.802611 49.239171,19.802826 49.239238,19.803051 49.239265,19.803295 49.23928,19.803577 49.239323,19.804218 49.239457,19.80449 49.23949,19.804611 49.2395),(19.78963 49.235847,19.790155 49.235927,19.790596 49.235922,19.790739 49.235951,19.790949 49.236038,19.791129 49.236127,19.791498 49.236275,19.791743 49.236327,19.792056 49.236315,19.792411 49.236253,19.792634 49.236233,19.792956 49.236258,19.793761 49.236397))"
Kozi Wierch - pod Kozim Wierchem,#1F2937,standard,0,0,"MULTILINESTRING((20.035276 49.210598,20.035201 49.210622,20.035146 49.21066,20.035143 49.210698,20.035093 49.21076,20.035104 49.210801,20.035036 49.210859,20.035014 49.21091,20.034992 49.210943,20.035018 49.210974,20.035015 49.21102,20.034999 49.211077,20.034961 49.211108,20.034901 49.211137,20.034897 49.211189,20.034892 49.211211,20.034909 49.211234,20.034902 49.211299,20.034877 49.211326,20.034807 49.211361,20.034741 49.211378,20.034701 49.21141,20.034643 49.211417,20.034595 49.211454,20.034544 49.211489,20.034528 49.211528,20.034432 49.211534,20.034367 49.211535,20.034322 49.211567,20.034295 49.211585,20.034197 49.211639,20.03418 49.211674,20.034141 49.211696,20.034151 49.211742,20.03414 49.211774,20.034076 49.211849,20.03408 49.211885,20.034029 49.211909,20.034005 49.211945,20.033866 49.211957,20.03382 49.211981,20.033787 49.211984,20.033736 49.212002,20.033635 49.211997,20.033642 49.212051,20.033625 49.212096,20.033618 49.212119,20.033587 49.21212,20.03354 49.212116,20.033481 49.212133,20.03341 49.21213,20.033378 49.212117,20.033304 49.212121,20.033262 49.212138,20.033171 49.212133,20.033105 49.212159,20.03305 49.212203,20.033021 49.212238,20.032967 49.212247,20.032935 49.212261,20.032919 49.212288,20.032872 49.212304,20.032857 49.212337,20.032814 49.212412,20.032808 49.21245,20.032786 49.212535,20.032739 49.212603,20.032684 49.212612,20.032656 49.212639,20.032663 49.21267,20.032657 49.212693,20.032552 49.212708,20.032492 49.212725,20.032459 49.21275,20.032458 49.212775,20.032482 49.212792,20.032462 49.212816,20.032406 49.21282,20.032381 49.212834,20.03242 49.212866,20.03246 49.212921,20.032459 49.21296,20.032378 49.213018,20.032307 49.213059,20.032203 49.2131,20.03218 49.213171,20.0322 49.213211,20.032156 49.213247,20.032138 49.213294,20.032149 49.213422,20.032144 49.213456,20.032083 49.213461,20.032034 49.213465,20.032001 49.213522,20.031932 49.213571,20.031899 49.21362,20.031905 49.213636,20.031956 49.213644,20.032003 49.213666,20.031995 49.213695,20.03191 49.213726,20.031912 49.213745,20.032 49.213801,20.031986 49.213815,20.031933 49.213825,20.03192 49.213849,20.031963 49.21388,20.031957 49.213916,20.031831 49.213928,20.031786 49.213936,20.031772 49.213956,20.031794 49.213993,20.031772 49.21404,20.031831 49.214129,20.031825 49.21417,20.031783 49.21418,20.031724 49.214171,20.031631 49.214188,20.031579 49.214183,20.031515 49.214195,20.031429 49.214192,20.031389 49.214228,20.031497 49.214301,20.031492 49.214332,20.031477 49.214351,20.031382 49.214376,20.031387 49.214401,20.031414 49.214439,20.031395 49.214499,20.031437 49.214534,20.031457 49.214595,20.031391 49.21462,20.03137 49.21468,20.031409 49.214723,20.031405 49.21479,20.031408 49.214858,20.031374 49.214878,20.031294 49.214874,20.031256 49.214886,20.031254 49.214912,20.03126 49.21497,20.0313 49.215021,20.031281 49.215028,20.031216 49.215007,20.031205 49.215028,20.031213 49.215058,20.031181 49.215061,20.031083 49.215029,20.03104 49.215039,20.031053 49.215126,20.03096 49.215198,20.03096 49.215301,20.030966 49.215426,20.030993 49.215526,20.030926 49.21555,20.030899 49.215616,20.03085 49.215671,20.030836 49.215688,20.030766 49.215686,20.030776 49.215746,20.03076 49.215808,20.030665 49.2158,20.03063 49.215806,20.030638 49.215836,20.03065 49.215873,20.030611 49.215873,20.030576 49.215861,20.030566 49.21588,20.030583 49.21592,20.030556 49.215951,20.030576 49.215987,20.030508 49.216026,20.030545 49.216113,20.030529 49.216215,20.030481 49.21625,20.030388 49.216262,20.03037 49.21631,20.030433 49.216443,20.030493 49.21652,20.030512 49.216577,20.030521 49.216602,20.030477 49.216613,20.030376 49.216609,20.030251 49.216603,20.030207 49.216634,20.030207 49.216672,20.030293 49.216818,20.030314 49.21687,20.030302 49.216893,20.030218 49.216881,20.030038 49.216852,20.029917 49.216825,20.029883 49.216831,20.029886 49.216854,20.029926 49.216991,20.029982 49.217092,20.030053 49.217197,20.030022 49.217238,20.029911 49.217255,20.029872 49.21729,20.0299 49.217348,20.02998 49.217469,20.030038 49.217608,20.030203 49.217708,20.030541 49.217952,20.03057 49.218018),(20.028705 49.218317,20.029055 49.218363,20.029212 49.218366,20.02938 49.218338,20.029558 49.218269,20.029597 49.218173,20.029553 49.218111,20.029551 49.21808,20.029578 49.218057,20.029644 49.218032,20.029743 49.218026,20.029903 49.218033,20.030167 49.218058,20.03036 49.218064,20.030481 49.218051,20.03057 49.218018))"
Hala Gąsienicowa - Liliowe,#16A34A,standard,1698,1922,"MULTILINESTRING((19.993694 49.234307,19.993547 49.234135,19.993498 49.234056,19.993516 49.233971,19.993477 49.23382,19.993467 49.233772,19.99347 49.23373,19.993464 49.233704,19.99346 49.233667,19.993451 49.233629,19.993393 49.233549,19.993096 49.233311,19.992986 49.233267,19.992855 49.233241,19.992796 49.233207,19.992768 49.233176,19.992797 49.233129,19.992774 49.233094,19.992725 49.233068,19.992664 49.233058,19.992581 49.233013,19.992541 49.232957,19.992525 49.232909,19.992493 49.232873,19.992465 49.232796,19.99247 49.232748,19.992437 49.232671,19.992369 49.232557,19.992186 49.232239,19.992139 49.232156,19.992092 49.231981,19.992055 49.231893,19.992043 49.231849,19.992038 49.231797,19.992056 49.231712,19.992111 49.231652,19.992158 49.23161,19.992223 49.231464,19.992262 49.231347,19.992259 49.231157,19.992243 49.231049,19.992246 49.230986,19.992243 49.230962,19.992227 49.230938,19.99223 49.230903,19.992203 49.23087,19.992195 49.230829,19.992203 49.23076,19.992217 49.230718,19.992277 49.230621,19.992349 49.230539,19.99239 49.230435,19.992414 49.230233,19.992235 49.230027,19.992148 49.229984,19.992089 49.229906,19.992056 49.229848,19.991988 49.22981,19.991953 49.229766,19.991937 49.229721,19.991948 49.22966,19.991994 49.229374,19.991982 49.229283,19.991931 49.229205,19.9919 49.229152,19.991878 49.229074,19.991914 49.22893,19.991798 49.228855,19.991776 49.22873,19.991777 49.22868,19.99174 49.228616,19.991713 49.228561,19.991716 49.228514,19.991694 49.228451,19.991727 49.228357,19.991705 49.228274,19.991678 49.228175,19.99175 49.227929,19.991809 49.227879,19.991846 49.227827,19.991865 49.227759,19.991922 49.22767,19.992127 49.227466,19.992235 49.227374,19.992347 49.227296,19.992426 49.227208,19.99251 49.227105,19.992526 49.22701,19.992522 49.226939,19.992501 49.226849,19.992439 49.226827,19.992446 49.226798,19.99247 49.226766,19.992483 49.226719,19.99247 49.22665,19.992476 49.226622,19.992554 49.226518,19.992603 49.226404,19.992619 49.226264,19.992612 49.226082,19.99254 49.225874,19.992408 49.225556,19.992404 49.225473,19.992436 49.225363,19.992538 49.225189))"
Brzeziny - Schronisko PTTK Murowaniec,#1F2937,standard,1496,1496,"MULTILINESTRING((20.006932 49.243273,20.007302 49.243304,20.007517 49.243322,20.007699 49.243337,20.007792 49.243361,20.007871 49.243408,20.007899 49.243429,20.008351 49.243763))"
Wąwóz Kraków - Polana Pisana,#EAB308,standard,1015,1117,"MULTILINESTRING((19.864504 49.240817,19.864621 49.240808,19.864732 49.2408,19.864794 49.240778,19.864939 49.240713,19.865068 49.240651,19.865196 49.240616,19.865639 49.240468,19.86595 49.240257,19.866087 49.240105,19.86613 49.239993,19.866159 49.239928,19.866165 49.239856,19.866154 49.239827,19.866146 49.239795,19.866162 49.239756,19.866175 49.239697,19.866162 49.239644,19.86613 49.239594,19.866103 49.239532,19.866111 49.239466,19.8661 49.239359,19.866138 49.239314,19.866202 49.239261,19.866344 49.239207,19.866452 49.239138,19.866511 49.23903,19.866535 49.238972,19.866621 49.238891,19.866696 49.238799,19.866712 49.238709,19.866747 49.238658,19.866774 49.23856,19.866768 49.238506,19.866747 49.23842,19.866668 49.238286,19.866642 49.238181,19.866704 49.238109,19.866781 49.238043,19.866812 49.237982,19.866871 49.23793,19.866902 49.237879,19.867019 49.237817,19.867267 49.237753,19.867437 49.237716,19.867622 49.237701,19.867683 49.237705),(19.867683 49.237705,19.867683 49.237721),(19.867683 49.237721,19.867695 49.237781),(19.867695 49.237781,19.867665 49.237821,19.86759 49.237842),(19.86759 49.237842,19.867592 49.237854),(19.867592 49.237854,19.867594 49.237874,19.86761 49.237895,19.867628 49.237909),(19.867628 49.237909,19.867627 49.237955,19.867616 49.237975,19.867592 49.237981,19.867573 49.237979,19.867535 49.237957,19.867504 49.237954,19.86743 49.237984,19.867413 49.238005,19.867399 49.238053),(19.867399 49.238053,19.867377 49.238082),(19.867377 49.238082,19.867582 49.23811,19.867892 49.238222,19.867972 49.238366,19.868002 49.238548,19.868018 49.238737,19.867972 49.238981,19.867868 49.239158,19.86783 49.239328,19.867838 49.239499,19.867873 49.239751,19.867801 49.240074,19.86772 49.24034,19.867565 49.240579,19.867436 49.240735,19.867345 49.240968,19.867278 49.241021,19.867152 49.241073,19.866739 49.241208,19.866468 49.241364,19.86632 49.241467,19.866209 49.241558,19.866166 49.2416,19.866236 49.241642,19.866234 49.24167,19.866094 49.241734,19.866051 49.241814,19.866008 49.241853,19.866017 49.241917,19.865979 49.241966,19.865938 49.241995,19.865846 49.242025,19.865607 49.24207,19.865271 49.242095,19.865048 49.242106,19.864828 49.242124,19.864716 49.242122,19.864556 49.242089,19.864418 49.242068,19.864365 49.242039,19.864332 49.24202,19.864299 49.242015,19.864206 49.242022,19.864081 49.242068,19.864031 49.24209,19.863882 49.242167),(19.863882 49.242167,19.86384 49.242192,19.863815 49.242273,19.863791 49.24241,19.863773 49.242469,19.863741 49.242516,19.863682 49.242555))"
Polana Iwanówka - Siwa Przełęcz,#1F2937,standard,1059,1772,"MULTILINESTRING((19.811622 49.244303,19.811794 49.244115,19.811877 49.243994,19.811886 49.243884,19.811917 49.243733,19.811946 49.243598,19.812046 49.243471,19.812089 49.243369,19.812062 49.243257,19.812046 49.24314,19.812056 49.242987,19.812204 49.24281,19.812861 49.242297,19.812964 49.242096,19.813156 49.24187,19.813199 49.241562,19.813297 49.24134,19.813478 49.24103,19.813479 49.240892,19.813769 49.240513,19.813907 49.24034,19.814041 49.240021,19.814402 49.2394,19.814417 49.239292,19.814424 49.239174,19.814395 49.239067),(19.833292 49.205003,19.833285 49.205078,19.833192 49.205225,19.833152 49.205339,19.833146 49.205459,19.83312 49.205742,19.83309 49.205807,19.833058 49.206044,19.833015 49.206157,19.832921 49.20631,19.83287 49.206441,19.832813 49.206614,19.832757 49.206856,19.832708 49.206952,19.832545 49.207175,19.83253 49.207226,19.832536 49.207639,19.832513 49.207751,19.832535 49.207886,19.832616 49.208029,19.832594 49.2081,19.832613 49.208193,19.83264 49.208372,19.832644 49.208463,19.832666 49.208574,19.83261 49.208709,19.832506 49.208843,19.832382 49.208958,19.832288 49.209096,19.832216 49.209147,19.832173 49.209185,19.832138 49.209264,19.832074 49.20931,19.832036 49.209378,19.831969 49.209427,19.831854 49.209481,19.83181 49.209514,19.831808 49.209578,19.831757 49.209634,19.831712 49.20966,19.831674 49.209693,19.831594 49.209702,19.831519 49.20973,19.831446 49.209786,19.831301 49.209851,19.831215 49.209916,19.831202 49.209974,19.831194 49.210039,19.831175 49.210108,19.831116 49.21013,19.831055 49.210175,19.83102 49.210228,19.830985 49.210257,19.830899 49.210266,19.830808 49.210271,19.830703 49.210293,19.83059 49.210335,19.830438 49.210352,19.830312 49.210382,19.830269 49.210433,19.830218 49.210466,19.83019 49.210505,19.83031 49.210544,19.830381 49.210587,19.830419 49.21064,19.830402 49.210704,19.830333 49.210727,19.830293 49.210757,19.83029 49.210811,19.830244 49.210861,19.83018 49.21089,19.830073 49.210899,19.829984 49.210936,19.829893 49.210971,19.829874 49.210999,19.829818 49.211016,19.829743 49.211016,19.829689 49.211011,19.829628 49.211016,19.829563 49.211034,19.82952 49.211065,19.829442 49.211148,19.829383 49.211181,19.8293 49.211184,19.82926 49.211186,19.829214 49.211188,19.82918 49.211176,19.829134 49.211172,19.829075 49.211174,19.829029 49.211181,19.828949 49.21119,19.82885 49.211198,19.828737 49.211211,19.828657 49.211227,19.82852 49.211237,19.828217 49.211269,19.828024 49.21133,19.827981 49.211368,19.827908 49.211396,19.827871 49.211421,19.827784 49.21146,19.82768 49.211473,19.8276 49.211463,19.827367 49.211454,19.827219 49.211472,19.827133 49.2115,19.827074 49.211528,19.826924 49.211551,19.826814 49.211563,19.82671 49.211602,19.826564 49.211616,19.826459 49.211645,19.826339 49.211691,19.826263 49.211748,19.825985 49.211898,19.825837 49.212023,19.825712 49.212073,19.825685 49.21212,19.825644 49.212213,19.825537 49.212279,19.825379 49.212358,19.825227 49.212361,19.825127 49.21236,19.825019 49.212407,19.824939 49.212427,19.824856 49.212468,19.824747 49.212689,19.824567 49.212927,19.824365 49.213099,19.824158 49.213209,19.823984 49.213252,19.823931 49.21328,19.823939 49.213368,19.82388 49.213498,19.82376 49.213555,19.82366 49.213604,19.82356 49.213685,19.823365 49.213814,19.823295 49.213979,19.823212 49.214067,19.823129 49.214161,19.823005 49.214256,19.82281 49.214352,19.82266 49.214563,19.82254 49.214695,19.822463 49.214846,19.822404 49.214955,19.822329 49.215041,19.822278 49.215114,19.822085 49.215268,19.822024 49.215349,19.821982 49.215461,19.821845 49.215528,19.821823 49.215607,19.821638 49.215803,19.821174 49.216077,19.820989 49.216266,19.82088 49.21633,19.820793 49.216419,19.820749 49.216576,19.820674 49.216712,19.820536 49.216861,19.820345 49.217003,19.820231 49.217149,19.820194 49.21724,19.820154 49.217429,19.820146 49.21758,19.820047 49.217853,19.819642 49.218435,19.819447 49.218905,19.819186 49.219296,19.818978 49.219597,19.818871 49.219955,19.818731 49.2203,19.81868 49.220476,19.818546 49.220587,19.81844 49.220724,19.8183 49.220965,19.818289 49.221125,19.818335 49.22143,19.818479 49.221787,19.818473 49.221933,19.818308 49.222136,19.81816 49.222487,19.818126 49.222636,19.818119 49.222755,19.818097 49.222895,19.818091 49.222987,19.817914 49.223067,19.81781 49.223176,19.817771 49.223259,19.817755 49.22343,19.817667 49.223472,19.81746 49.223743,19.817366 49.223853,19.817229 49.224315,19.817142 49.224535,19.816997 49.224765,19.8168 49.225022,19.816742 49.225116,19.81674 49.225167,19.816762 49.225232,19.816817 49.225398,19.816831 49.225489,19.816844 49.225572,19.81686 49.225638,19.816844 49.225798,19.816831 49.225906,19.816847 49.225988,19.816911 49.226057,19.817023 49.226149,19.817198 49.226287,19.817271 49.226381,19.817295 49.226503,19.817273 49.226677,19.817238 49.226854,19.817179 49.227013,19.817139 49.227161,19.817089 49.227422,19.817053 49.227577,19.816992 49.227733,19.816957 49.227845,19.816981 49.22808,19.81703 49.228237,19.817067 49.228386,19.817043 49.2285,19.816884 49.22871,19.816809 49.228828,19.816812 49.228999,19.816847 49.229192,19.816817 49.229304,19.81676 49.229424,19.816777 49.229576,19.816768 49.229632,19.816729 49.22981,19.816715 49.229901,19.81671 49.230024,19.816708 49.230134,19.816624 49.230304,19.816563 49.230459,19.816561 49.230584,19.816563 49.230691,19.81651 49.230786,19.816381 49.230915,19.816326 49.231056,19.816281 49.231247,19.816222 49.231401,19.816065 49.231579,19.815972 49.231746,19.815988 49.231913,19.81605 49.232019,19.816042 49.232152,19.815991 49.23227,19.815967 49.232657,19.815982 49.232866,19.815967 49.233003,19.815971 49.233246,19.815884 49.233446,19.815822 49.233557,19.81578 49.233683,19.815745 49.233856,19.815752 49.234236,19.815768 49.234463,19.815774 49.234716,19.815685 49.234928,19.815648 49.235119,19.815635 49.235245,19.81564 49.235392,19.815629 49.235543,19.815549 49.235921,19.815444 49.236156,19.815278 49.236462,19.815175 49.236643,19.815031 49.236788,19.814679 49.23701,19.814452 49.237172,19.814302 49.237305,19.814213 49.237503,19.814221 49.23783,19.814175 49.238077,19.814151 49.238196,19.814092 49.238312,19.814049 49.23841,19.814041 49.238511,19.814087 49.238604,19.814167 49.238685,19.814304 49.238914,19.814395 49.239067))"
Szlak 0862,#DC2626,standard,0,0,"MULTILINESTRING((19.751066 49.197617,19.750941 49.197559,19.75076 49.197507,19.750564 49.197436,19.750522 49.197386,19.750457 49.19734,19.750469 49.197278,19.750417 49.197213,19.750376 49.197167,19.750362 49.197103,19.750358 49.197037,19.750324 49.197015,19.750241 49.197023,19.750173 49.196986,19.749855 49.197003),(19.754669 49.199636,19.75464 49.199661,19.754534 49.199596,19.754338 49.199592,19.75415 49.199555,19.754048 49.199506,19.75396 49.199469,19.753761 49.199359,19.753482 49.199224,19.753268 49.199119,19.753094 49.19894,19.75308 49.198926,19.752852 49.198772,19.75278 49.198726,19.752637 49.198684,19.752428 49.198583,19.752181 49.198396,19.752031 49.198206,19.751841 49.198171,19.751634 49.198015,19.751506 49.197962,19.75139 49.197855,19.751243 49.197694,19.751066 49.197617),(19.755346 49.199786,19.755281 49.19977,19.75525 49.199762,19.755073 49.199732,19.75492 49.199703,19.754669 49.199636),(19.755457 49.199813,19.755346 49.199786),(19.757683 49.20026,19.75753 49.200263,19.757366 49.200251,19.757192 49.200192,19.757111 49.200048,19.756999 49.199992,19.756757 49.199992,19.756548 49.199973,19.756307 49.199997,19.756087 49.199995,19.755915 49.199955,19.755569 49.199841,19.755487 49.199821,19.755457 49.199813),(19.757978 49.200356,19.757811 49.200283,19.757683 49.20026),(19.759214 49.2015,19.75913 49.201458,19.759162 49.201378,19.759071 49.201341,19.759124 49.201304,19.75904 49.201299,19.759076 49.20126,19.759021 49.201205,19.758926 49.201196,19.758899 49.201149,19.758935 49.20111,19.758914 49.201084,19.758848 49.20109,19.758818 49.201055,19.758873 49.200925,19.759145 49.200766,19.759107 49.20073,19.758941 49.200764,19.758823 49.200767,19.758702 49.20074,19.758584 49.200717,19.758517 49.20067,19.75842 49.200596,19.758275 49.200544,19.757978 49.200356),(19.759219 49.203513,19.759135 49.203479,19.759088 49.203384,19.759034 49.203284,19.758954 49.203238,19.758871 49.20315,19.758895 49.203048,19.758955 49.202947,19.759049 49.202615,19.759017 49.202523,19.759058 49.202393,19.759063 49.20231,19.759084 49.20221,19.759065 49.202141,19.75909 49.202108,19.759064 49.202038,19.75906 49.202006,19.759106 49.202001,19.759185 49.201928,19.759182 49.201882,19.7592 49.201847,19.759168 49.201816,19.759186 49.20176,19.759177 49.201727,19.759139 49.201674,19.759244 49.201609,19.75921 49.201552,19.759214 49.2015),(19.763109 49.207514,19.762892 49.207291,19.76283 49.207125,19.762755 49.207078,19.762715 49.207002,19.762641 49.206919,19.762572 49.206883,19.762472 49.206745,19.762296 49.206638,19.762236 49.206617,19.762203 49.206628,19.762175 49.20662,19.762122 49.206581,19.762064 49.206522,19.761959 49.206489,19.761887 49.206413,19.761737 49.20631,19.761693 49.206276,19.761635 49.206218,19.761595 49.206184,19.761604 49.20614,19.761609 49.206098,19.761527 49.206014,19.761474 49.205968,19.76145 49.205907,19.761403 49.205875,19.761355 49.205797,19.761307 49.205738,19.761261 49.205659,19.761167 49.205551,19.761148 49.205525,19.76112 49.205463,19.76105 49.20536,19.760908 49.205237,19.760708 49.205127,19.760407 49.205014,19.760368 49.204943,19.760245 49.204852,19.760222 49.204754,19.760142 49.204691,19.760052 49.204648,19.760007 49.204612,19.759767 49.204491,19.759747 49.204363,19.759757 49.204245,19.759738 49.204154,19.759504 49.204027,19.759441 49.203904,19.759404 49.203788,19.75934 49.20359,19.759219 49.203513))"
Kuźnice - Myślenickie Turnie,#16A34A,standard,1014,1368,"MULTILINESTRING((19.980179 49.268997,19.980196 49.269023,19.980277 49.269134,19.980304 49.26917,19.980391 49.269299,19.980497 49.269459,19.980521 49.269497),(19.980161 49.26897,19.980179 49.268997),(19.97953 49.26817,19.979574 49.268206,19.979633 49.268255,19.979694 49.268308,19.979839 49.268494,19.979996 49.268721,19.980161 49.26897),(19.97953 49.26817,19.979376 49.267793,19.97923 49.267441,19.979058 49.267106,19.978771 49.266874,19.978616 49.266768,19.978172 49.266361,19.977939 49.266118,19.977804 49.265965,19.977625 49.265828,19.977285 49.26561,19.977079 49.265467,19.97697 49.265347,19.976912 49.265229,19.976897 49.265106,19.976879 49.264992,19.976889 49.264813,19.976938 49.264753),(19.976938 49.264753,19.977014 49.26466),(19.977014 49.26466,19.977047 49.264632),(19.977047 49.264632,19.977078 49.264551,19.977044 49.264466,19.976976 49.264386,19.976718 49.264104,19.976605 49.263976,19.976373 49.26364,19.97606 49.263166,19.975874 49.262895,19.975653 49.262682,19.97546 49.262587,19.975082 49.262435,19.974686 49.262331,19.974405 49.262201,19.974352 49.262127,19.974277 49.261969,19.974106 49.26186,19.973848 49.261613,19.973768 49.26137,19.97369 49.261085,19.973599 49.260697,19.97359 49.260314,19.973575 49.260176,19.973623 49.260052,19.97395 49.259572,19.974025 49.259489,19.974132 49.259419,19.97418 49.259345,19.974233 49.259298,19.974364 49.258984,19.974406 49.258898,19.974452 49.258852,19.974504 49.25882,19.974643 49.258765,19.974718 49.258718,19.974871 49.258519,19.975176 49.258299,19.975367 49.258138,19.975524 49.258024,19.975748 49.257821,19.976111 49.257452,19.976198 49.257383,19.976467 49.257188,19.976548 49.257105,19.976602 49.257022,19.976619 49.256929,19.976602 49.256836),(19.976602 49.256836,19.976575 49.256734),(19.976575 49.256734,19.976552 49.256597,19.976463 49.256405,19.976487 49.256295,19.976555 49.256098,19.976602 49.255972,19.976586 49.255864,19.976559 49.255754,19.976575 49.255581,19.976635 49.255442,19.976714 49.255293,19.976761 49.255128,19.976799 49.255069,19.976819 49.254992,19.976805 49.254902,19.976791 49.254869,19.976739 49.254846,19.976653 49.254842,19.97648 49.254871,19.9764 49.254873,19.976337 49.254864,19.976287 49.254838,19.976266 49.254815,19.976261 49.254759,19.97629 49.254684,19.976301 49.25459,19.976286 49.254508,19.976168 49.254334,19.976101 49.254186,19.976022 49.254118,19.975939 49.254061,19.975903 49.253993,19.975903 49.253928,19.97597 49.253788,19.976025 49.253578,19.976047 49.253347,19.976055 49.253226,19.976073 49.253156,19.976147 49.253096,19.976287 49.253026,19.976555 49.252805,19.976878 49.252591,19.977022 49.252482,19.977149 49.252412,19.977226 49.25239,19.977306 49.25239,19.97744 49.252405,19.977527 49.252411,19.977647 49.252384,19.97791 49.252291,19.978009 49.252271,19.978107 49.252246,19.978332 49.252167,19.97844 49.2521,19.978565 49.252011,19.978743 49.251892,19.978985 49.251781,19.979339 49.251629,19.979906 49.25136,19.980188 49.251166,19.980307 49.251063,19.980377 49.250982,19.980433 49.250898,19.98048 49.250816,19.980587 49.250653,19.980635 49.250541,19.980632 49.250455,19.980586 49.250363,19.98052 49.250275,19.980443 49.250158,19.98012 49.249745,19.980065 49.249612,19.980018 49.249533,19.979957 49.249488,19.979859 49.249436,19.979757 49.249396,19.979553 49.249331,19.979468 49.249306),(19.979468 49.249306,19.979405 49.249303),(19.979405 49.249303,19.979277 49.249323,19.979159 49.249344,19.979018 49.249391,19.978933 49.249432,19.978726 49.249593,19.978477 49.249871,19.978186 49.250251,19.97818 49.250297,19.978198 49.25034,19.97819 49.250369,19.97816 49.250508,19.978014 49.250759,19.977989 49.250815,19.977954 49.250856,19.977891 49.250887,19.977741 49.250926,19.977578 49.250937,19.977168 49.25098,19.976825 49.251029,19.976454 49.251119,19.975977 49.251246,19.975707 49.251359,19.975469 49.251416,19.975228 49.251482,19.975095 49.251594,19.97489 49.251712,19.974611 49.251807,19.974563 49.251815,19.974397 49.251784,19.974226 49.251761,19.974174 49.251744))"
Kasprowy Wierch – Liliowe,#DC2626,standard,1890,1978,"MULTILINESTRING((19.980478 49.231336,19.980525 49.23127,19.980588 49.231236,19.980665 49.231216,19.980991 49.23119,19.98123 49.231158,19.981455 49.231147,19.981615 49.231131,19.981662 49.231125,19.981753 49.23114,19.981877 49.231149,19.982033 49.23113,19.982273 49.231099,19.982487 49.23109,19.982575 49.231084,19.982622 49.231081,19.983038 49.23099),(19.983038 49.23099,19.98322 49.230911,19.983325 49.230846,19.983486 49.230771,19.983624 49.23068,19.983813 49.2306,19.983994 49.230496,19.984166 49.230382,19.984384 49.230255,19.984496 49.230165,19.984883 49.229994,19.985402 49.229789,19.985789 49.229632,19.985947 49.2296,19.986004 49.229567,19.986124 49.229528,19.986345 49.229478,19.986487 49.229434,19.986582 49.229383,19.986758 49.22933,19.986916 49.229266,19.986991 49.22921,19.987044 49.229141,19.987087 49.229067,19.987221 49.22895,19.987378 49.22882,19.98748 49.228724,19.98759 49.228647,19.987708 49.228543,19.987785 49.228479,19.987895 49.228393,19.988051 49.228294),(19.988051 49.228294,19.988098 49.228266,19.988126 49.228184,19.988166 49.228155,19.988288 49.228105,19.988302 49.228111,19.988282 49.228203,19.988296 49.228203,19.988338 49.228172,19.988519 49.228054,19.988574 49.22795,19.98859 49.227925,19.988684 49.227883,19.988703 49.227792,19.988715 49.227779,19.988747 49.227787,19.988778 49.227781,19.988781 49.227759,19.988803 49.227611,19.988874 49.227551,19.988915 49.227489,19.988978 49.227426,19.989098 49.227362,19.98914 49.227333,19.989216 49.22725,19.989286 49.227097,19.98935 49.226988,19.989525 49.226823,19.99 49.226499,19.990168 49.226432,19.990373 49.226336),(19.990373 49.226336,19.990617 49.226135,19.990783 49.225937,19.990917 49.225814,19.991126 49.225664,19.991229 49.225602,19.991338 49.225551,19.99166 49.225392,19.991789 49.225295,19.991862 49.225284,19.991967 49.225279,19.992149 49.225254,19.992387 49.225218,19.992538 49.225189))"
Czarny Staw Gąsienicowy - Skrajny Granat,#EAB308,standard,1663,2118,"MULTILINESTRING((20.020869 49.230492,20.02101 49.230501,20.021145 49.230496,20.02122 49.230507,20.021313 49.230483,20.021328 49.230482,20.021379 49.230453,20.021422 49.230451,20.021465 49.230468,20.021487 49.230495,20.021505 49.230549,20.021465 49.230634,20.02147 49.230755,20.021515 49.230843,20.021533 49.230897,20.021596 49.230921,20.021721 49.230909,20.021828 49.23091,20.021888 49.230926,20.021937 49.230915,20.021982 49.230868,20.022012 49.230812,20.022422 49.230709,20.022519 49.230713,20.022592 49.230685,20.022752 49.230668,20.022862 49.230656,20.022932 49.230625,20.023001 49.230624,20.023091 49.230621,20.02326 49.230568,20.023319 49.230547,20.023563 49.230559,20.023707 49.230489,20.02384 49.230466,20.023911 49.230428,20.02408 49.23043,20.02418 49.230368,20.024415 49.230353,20.024632 49.230325,20.024807 49.230355,20.024867 49.230341,20.024991 49.23028,20.025099 49.230203,20.025344 49.230119,20.025442 49.230055,20.025547 49.23003,20.025677 49.22996,20.025822 49.229844,20.025976 49.229794,20.026235 49.229603,20.026373 49.229495,20.026439 49.229382,20.026611 49.229321,20.026692 49.229299,20.026802 49.229213,20.026893 49.229199,20.026927 49.229201,20.027046 49.229206,20.02721 49.229183,20.027266 49.229213,20.027304 49.229266,20.027477 49.229216,20.02753 49.229183,20.027595 49.229125,20.027758 49.229084,20.027847 49.22905,20.027927 49.229042,20.027997 49.229041,20.028118 49.229041,20.028201 49.229032,20.02828 49.228975,20.028322 49.228955,20.028389 49.22896,20.028489 49.228959,20.028589 49.228909,20.029003 49.228691,20.029193 49.228671,20.029431 49.22867,20.029661 49.228701,20.029943 49.228611,20.030144 49.228483,20.030308 49.228413,20.030396 49.228344,20.030434 49.228271,20.030399 49.228197,20.030299 49.228135,20.030175 49.228135,20.029715 49.227852,20.029747 49.227808,20.02997 49.227782,20.030141 49.22761,20.030318 49.2276,20.030399 49.227526,20.03052 49.227523,20.030627 49.227511,20.030702 49.22756,20.03078 49.227593,20.030949 49.227584,20.031042 49.227559,20.031188 49.227425,20.031596 49.227332,20.031901 49.227444,20.032041 49.227461,20.032207 49.227456,20.032292 49.22743,20.032505 49.227344,20.032577 49.227351,20.032811 49.227453),(20.032811 49.227453,20.032944 49.22742,20.033025 49.227342,20.033178 49.227261,20.033151 49.227176,20.033221 49.227094,20.033356 49.227087,20.033476 49.227044),(20.033232 49.226958,20.033476 49.227044))"
Szlak 5807,#16A34A,standard,1007,1091,"MULTILINESTRING((20.140967 49.26108,20.140978 49.261066,20.14099 49.261051,20.141263 49.260717,20.141563 49.260261,20.141756 49.259988,20.141942 49.259739,20.141974 49.25968,20.14216 49.259444,20.142456 49.259191,20.142588 49.259107,20.142682 49.259056,20.142902 49.258935,20.143929 49.258391,20.144758 49.257976,20.145273 49.257771,20.145704 49.257624,20.146602 49.257348,20.146716 49.257274,20.146793 49.25718,20.146893 49.256978,20.146943 49.256889,20.147046 49.256761,20.147172 49.256663,20.147349 49.256565,20.147748 49.256425,20.148245 49.25629,20.148803 49.256103,20.148979 49.255963,20.149068 49.255812,20.14913 49.255678,20.149178 49.255567,20.149256 49.255445,20.149454 49.25535,20.149749 49.255249,20.149929 49.255133,20.150447 49.254865),(20.140902 49.261143,20.140967 49.26108),(20.140609 49.262666,20.140552 49.262506,20.140546 49.262321,20.14053 49.26208,20.140541 49.261777,20.140564 49.261653,20.140603 49.261561,20.140674 49.261446,20.140902 49.261143),(20.141437 49.265194,20.141443 49.265056,20.141403 49.26398,20.141389 49.263644,20.141355 49.263503,20.141244 49.263305,20.140917 49.262923,20.140609 49.262666),(20.141361 49.265337,20.141417 49.265256,20.141437 49.265194))"
Kuźnice - Przełęcz między Kopami,#EAB308,standard,0,0,"MULTILINESTRING((19.996739 49.254233,19.996908 49.254232,19.997614 49.254228,19.99777 49.254239,19.997971 49.25426,19.998194 49.254279,19.998276 49.254295,19.998447 49.254309,19.998566 49.254341,19.998749 49.254352,19.998904 49.254382,19.998966 49.254421,19.999057 49.254467,19.99909 49.254513,19.99914 49.254568,19.999221 49.254604,19.999289 49.25466,19.999414 49.254699,19.999515 49.254704,19.999576 49.254706,19.999748 49.254674,20.000299 49.254542,20.000502 49.254509,20.000845 49.254502,20.001114 49.25445,20.001254 49.2544,20.001647 49.254289,20.001792 49.254244,20.001913 49.25423,20.001978 49.254236,20.002029 49.254256,20.002129 49.254331,20.002202 49.254343,20.002271 49.254377,20.002323 49.254423,20.00246 49.254476,20.002594 49.254559,20.002634 49.254649,20.002711 49.254696,20.002792 49.254848,20.00283 49.254895,20.002963 49.254902,20.003222 49.254924),(19.995627 49.254948,19.995697 49.254946,19.995816 49.254919,19.995876 49.254856,19.99591 49.254824,19.995996 49.254793,19.996067 49.254779,19.996085 49.254738,19.996065 49.25464,19.996115 49.254601,19.996135 49.254572,19.996134 49.254531,19.996138 49.254503,19.996194 49.254466,19.996272 49.254381,19.996348 49.254333,19.996562 49.254279,19.996739 49.254233),(19.994892 49.254071,19.994888 49.25415,19.994922 49.254191,19.994931 49.254238,19.994959 49.254265,19.995047 49.254429,19.995294 49.25463,19.99544 49.254789,19.995541 49.254822,19.995599 49.254863,19.995627 49.254948),(19.981448 49.268935,19.981366 49.268794,19.981155 49.268524,19.981138 49.268479,19.981146 49.268415,19.981154 49.268355,19.981163 49.268048,19.981178 49.267868,19.981088 49.267558,19.980982 49.26739,19.9809 49.267274,19.980859 49.267063,19.980828 49.266769,19.98078 49.266613,19.980734 49.266492,19.980631 49.266317,19.980611 49.266231,19.980597 49.26614,19.980621 49.266049,19.980669 49.265981,19.980711 49.265939,19.980857 49.265838,19.980929 49.265805,19.98103 49.265745,19.981108 49.265689,19.98135 49.265452,19.981423 49.265356,19.981499 49.265252,19.981735 49.264877,19.982038 49.264346,19.98225 49.264096,19.982296 49.26402,19.982348 49.263895,19.982444 49.26368,19.982497 49.263578,19.982602 49.263452,19.982692 49.263367,19.982801 49.263288,19.983026 49.263175,19.983302 49.263034,19.983531 49.26289,19.983709 49.2628,19.983968 49.262688,19.984078 49.262658,19.984241 49.262616,19.984303 49.262593,19.984362 49.262554,19.984432 49.262495,19.984493 49.262411,19.984552 49.262358,19.984621 49.262319,19.984711 49.262288,19.984815 49.262262,19.984992 49.262246,19.985033 49.262237,19.985065 49.26222,19.985141 49.262134,19.985293 49.261943,19.98537 49.261841,19.985415 49.261755,19.985507 49.261556,19.985544 49.261504,19.985702 49.261369,19.985744 49.261319,19.985787 49.26125,19.985834 49.261213,19.985915 49.261178,19.986033 49.261129,19.986274 49.261003,19.986411 49.260902,19.986535 49.260808,19.986718 49.26067,19.986959 49.260556,19.987209 49.260427,19.987377 49.260348,19.987611 49.260267,19.987925 49.260066,19.988218 49.259881,19.98836 49.259809,19.988659 49.25968,19.988822 49.259597,19.989021 49.259473,19.989242 49.259339,19.989485 49.259122,19.989756 49.258937,19.989943 49.258786,19.99003 49.258697,19.990224 49.258533,19.990529 49.258373,19.990655 49.258269,19.990821 49.258194,19.990956 49.258173,19.991082 49.25818,19.991179 49.258144,19.991303 49.258114,19.991411 49.258093,19.991443 49.258091,19.991705 49.258078,19.991886 49.258062,19.992202 49.257986,19.992464 49.257953,19.992817 49.257865,19.99345 49.257678,19.993714 49.257571,19.994084 49.257476,19.994302 49.25745,19.994554 49.257388,19.994643 49.257377,19.994721 49.257359,19.994744 49.257341,19.994746 49.25732,19.994712 49.257289,19.994278 49.257145,19.994103 49.257129,19.993815 49.257102,19.993561 49.257065,19.993409 49.257012,19.993351 49.257003,19.993324 49.256951,19.993328 49.256927,19.99336 49.256895,19.993358 49.256859,19.99339 49.256655,19.993437 49.256504,19.993517 49.256355,19.993694 49.256107,19.993904 49.255809,19.994032 49.255546,19.994066 49.255434,19.994095 49.255282,19.99414 49.255138,19.994209 49.254992,19.994266 49.254918,19.994315 49.254832,19.994443 49.254569,19.994503 49.254402,19.994558 49.254302,19.994715 49.25414,19.994801 49.254057,19.99485 49.254052,19.994892 49.254071),(19.981448 49.268935,19.981473 49.268995),(19.981391 49.269041,19.981473 49.268995),(19.981229 49.269203,19.981391 49.269041),(19.981022 49.269345,19.981134 49.269269,19.981229 49.269203),(19.980521 49.269497,19.980963 49.269375,19.981022 49.269345))"
Za Zmarzłym Stawem - Zadni Granat,#16A34A,standard,1827,2192,"MULTILINESTRING((20.024549 49.223465,20.024664 49.22337,20.02488 49.223173,20.024964 49.223139,20.025015 49.2231,20.025066 49.223081,20.025098 49.223034,20.02516 49.223014,20.02517 49.222985,20.025173 49.222937,20.025362 49.223035,20.025433 49.22302,20.025539 49.222968,20.025624 49.22294,20.025679 49.222936,20.025743 49.222941,20.025812 49.222902,20.025911 49.222887,20.02597 49.222832,20.025993 49.222803,20.026 49.222774,20.026026 49.222732,20.026107 49.222685,20.026218 49.222639,20.026334 49.222544,20.026377 49.222531,20.026485 49.222491,20.026488 49.222434,20.026518 49.222364,20.026553 49.222317,20.026571 49.22227,20.026641 49.222221,20.026706 49.222193,20.026771 49.222172,20.026868 49.222172,20.026962 49.222199,20.027026 49.222226,20.027102 49.222216,20.027195 49.222202),(20.027195 49.222202,20.027296 49.222209,20.027373 49.222194,20.027449 49.222186,20.027587 49.222155,20.02766 49.22212,20.027747 49.222114,20.027785 49.222121,20.027846 49.22212,20.028065 49.222133,20.02811 49.222119,20.028144 49.222125,20.02817 49.222159,20.028346 49.222219,20.028365 49.222241,20.028405 49.222239,20.02843 49.222281,20.028593 49.222328,20.028576 49.222367,20.028561 49.222388,20.028601 49.222407,20.028648 49.222407,20.028712 49.22241,20.028714 49.222446,20.02869 49.222517,20.028748 49.222521,20.02883 49.222503,20.028894 49.222495,20.028925 49.222499,20.02892 49.222547,20.028904 49.222561,20.028875 49.222579,20.028856 49.222596,20.028905 49.22262,20.029051 49.222689,20.02907 49.222712,20.029119 49.222717,20.029181 49.222781,20.029246 49.222807,20.029248 49.222872,20.029297 49.222898,20.029321 49.222907,20.029384 49.222912,20.029393 49.222925,20.029385 49.222945,20.029369 49.222957,20.02937 49.222982,20.029282 49.223047,20.029246 49.223091,20.029271 49.223117,20.029381 49.223144,20.029329 49.223222,20.029414 49.223253,20.029358 49.223303,20.029376 49.223329,20.029382 49.223356,20.029456 49.2234,20.029433 49.223466,20.029525 49.223487,20.029493 49.223524,20.029463 49.223567,20.029431 49.223599,20.029438 49.22362,20.029528 49.223615,20.029647 49.22365,20.029575 49.223734,20.02963 49.223736,20.029613 49.223758,20.02964 49.223771,20.029715 49.223778,20.029752 49.2238,20.029722 49.223836,20.029718 49.223886,20.029686 49.223948,20.029664 49.223989,20.029662 49.224019,20.029712 49.224065,20.029845 49.224097,20.030002 49.224052,20.030059 49.224068,20.030095 49.224098,20.030058 49.22413,20.030037 49.224172,20.030096 49.224225,20.030195 49.224245,20.030251 49.224254,20.0303 49.224278,20.030353 49.224307,20.030352 49.224345,20.030299 49.224397,20.030244 49.224438,20.030209 49.224462,20.030213 49.224477,20.030346 49.224493,20.030463 49.224492,20.03056 49.224468,20.030647 49.224421,20.030708 49.224381,20.030938 49.224454,20.031046 49.224566,20.031261 49.224545,20.031454 49.224587,20.031711 49.224573,20.031968 49.224559,20.032044 49.22451,20.032092 49.224443,20.032307 49.224359,20.032404 49.224376,20.032459 49.224431))"
Szpiglasowa Przełęcz - Szpiglasowy Wierch,#EAB308,standard,2034,2129,"MULTILINESTRING((20.042199 49.197857,20.04179 49.197765,20.041597 49.197678,20.041503 49.197627,20.041369 49.197612,20.041275 49.19758,20.041103 49.197484,20.040902 49.19742,20.040834 49.197354,20.040776 49.197339,20.040779 49.197406,20.040759 49.19745,20.040767 49.197515,20.040704 49.197516,20.040667 49.197489,20.040621 49.197452,20.040552 49.19739,20.040473 49.197296,20.040408 49.197176,20.040417 49.1971,20.040371 49.197072,20.040276 49.197074,20.040218 49.197137,20.040156 49.197213,20.040142 49.197232,20.040106 49.197291))"
Polana Chochołowska - kaplica św. Jana Chrzciciela - Polana Chochołowska,#1F2937,standard,1103,1217,"MULTILINESTRING((19.793761 49.236397,19.793716 49.236536,19.793379 49.237264,19.793289 49.237484,19.793095 49.237836,19.793023 49.238081,19.79301 49.238324),(19.79301 49.238324,19.793003 49.238389,19.792933 49.238507,19.792779 49.238599),(19.792779 49.238599,19.792692 49.238714,19.792514 49.238688,19.79246 49.238672,19.792296 49.23862,19.792229 49.238585,19.792052 49.238568,19.791865 49.23854,19.791696 49.238508,19.79146 49.238508,19.791344 49.238485,19.791046 49.238453,19.790869 49.238426,19.79075 49.23838,19.790608 49.238304,19.790506 49.238249,19.79035 49.23818,19.790201 49.238074,19.790045 49.237988,19.78986 49.237869,19.789651 49.237755,19.789524 49.237693,19.789427 49.237606,19.789352 49.237542,19.789318 49.237477,19.789302 49.237421,19.789277 49.23737,19.789136 49.237305,19.78905 49.237254,19.789009 49.237193,19.788976 49.2371,19.788919 49.237014,19.78884 49.236914,19.788789 49.236819,19.788751 49.236759,19.788733 49.236732,19.788695 49.236667,19.788665 49.236603,19.788626 49.236573,19.788535 49.236521))"
Czarny Staw Gąsienicowy - Kościelec,#1F2937,standard,0,0,"MULTILINESTRING((20.014626 49.232708,20.014381 49.232545,20.014309 49.232489,20.014168 49.232422,20.014061 49.23238,20.014027 49.232376,20.013972 49.232386,20.013942 49.232397,20.013937 49.232401,20.013803 49.232511,20.013751 49.232513,20.013672 49.232516,20.013455 49.232524,20.013309 49.232544,20.013252 49.23254,20.013142 49.232558,20.013109 49.232535,20.013069 49.232488,20.013007 49.23237,20.012971 49.23223,20.012971 49.232064,20.012957 49.23195,20.012931 49.23189,20.012895 49.231834,20.012882 49.231822,20.012859 49.231814,20.012828 49.231819,20.012803 49.231831,20.012722 49.23186,20.012673 49.231893,20.012616 49.231902,20.012558 49.231862,20.012461 49.231819,20.012408 49.231797,20.01239 49.231806,20.012371 49.231844,20.012368 49.231892,20.01231 49.231937,20.012292 49.231987,20.012219 49.232023,20.012131 49.232037,20.012101 49.232057,20.012069 49.23206,20.012041 49.232077,20.01196 49.2321,20.011864 49.23213,20.011791 49.232166,20.011747 49.232169,20.011708 49.232151,20.011682 49.232121,20.011639 49.232123,20.011603 49.232132,20.01156 49.232142,20.01155 49.232126,20.011571 49.23207,20.011566 49.232045,20.011591 49.232025,20.011599 49.231991,20.011583 49.23195,20.011614 49.231934,20.011702 49.231916,20.011767 49.23191,20.011764 49.231888,20.011694 49.231828,20.011637 49.231763,20.011572 49.231755,20.011512 49.231732,20.01148 49.23171,20.011464 49.231714,20.011437 49.231706,20.011446 49.23169,20.011495 49.231679,20.011517 49.231667,20.011533 49.231648,20.011589 49.23162,20.011588 49.231605,20.011571 49.231598,20.011545 49.231597,20.011517 49.231602,20.011488 49.231603,20.011464 49.231587,20.011431 49.231594,20.011399 49.231586,20.011389 49.231572,20.011413 49.23155,20.011449 49.231531,20.011475 49.231507,20.011485 49.231487,20.011478 49.231459,20.011475 49.231433,20.011457 49.231412,20.011412 49.231364,20.011404 49.23133,20.011423 49.231289,20.011439 49.231239,20.011456 49.231226,20.011461 49.231211,20.011449 49.231164,20.011426 49.231173,20.011405 49.231189,20.011377 49.231193,20.011345 49.2312,20.011251 49.231102,20.011213 49.231031,20.011173 49.230997,20.011134 49.230901,20.011085 49.230744,20.011046 49.230683,20.010992 49.230648,20.010927 49.23061,20.010957 49.230562,20.011052 49.230508,20.011083 49.230475,20.011086 49.230446,20.011143 49.230381,20.011184 49.230351,20.01119 49.230314,20.011297 49.230175,20.011416 49.229898,20.011491 49.229795,20.011535 49.229754,20.011564 49.229708,20.011546 49.229685,20.01156 49.229657,20.011576 49.229619,20.011605 49.229599,20.011623 49.229567,20.011605 49.229543,20.011617 49.229507,20.011588 49.229472,20.011529 49.229392,20.011519 49.229348,20.011508 49.229281,20.011485 49.229211,20.011517 49.22912,20.011551 49.229079,20.011581 49.228972,20.011675 49.228869,20.011708 49.228811),(20.011708 49.228811,20.011849 49.228796,20.011916 49.228776,20.01199 49.228744,20.012069 49.228737,20.012066 49.228704,20.012096 49.228682,20.012155 49.22869,20.012186 49.228678,20.012209 49.228634,20.012256 49.228592,20.012363 49.228512,20.012359 49.228492,20.012393 49.228468,20.012445 49.22848,20.012519 49.228457,20.012676 49.228412,20.012683 49.228382,20.012737 49.228358,20.012741 49.228321,20.012668 49.228255,20.012628 49.228217,20.012651 49.228176,20.012686 49.228148,20.012715 49.228107,20.012746 49.228062,20.012786 49.228045,20.012787 49.228009,20.012827 49.228009,20.012842 49.227971,20.012832 49.227949,20.012892 49.227911,20.012904 49.227842,20.012901 49.227798,20.012877 49.227755,20.012843 49.227717,20.012847 49.227683,20.012862 49.227653,20.012897 49.227638,20.012888 49.227612,20.012919 49.227589,20.012918 49.227571,20.012904 49.227554,20.012814 49.227483,20.012706 49.227423,20.012641 49.227402,20.012621 49.227371,20.012543 49.227343,20.012529 49.227325,20.012539 49.227303,20.012601 49.227279,20.012661 49.227267,20.012794 49.227288,20.012881 49.227283,20.012911 49.227273,20.012896 49.227228,20.012927 49.227212,20.012929 49.22719,20.013038 49.227203,20.013168 49.227277,20.013219 49.227286,20.013299 49.227283,20.013366 49.227293,20.01337 49.227263,20.013355 49.227198,20.013326 49.22716,20.013325 49.227134,20.013276 49.227106,20.013171 49.227066,20.013153 49.227043,20.013072 49.226989,20.013041 49.226956,20.013255 49.226948,20.013292 49.226937,20.013391 49.226938,20.013377 49.226897,20.01343 49.226886,20.013446 49.226844,20.013481 49.226831,20.013513 49.226812,20.01356 49.226792,20.013591 49.226725,20.013685 49.226667,20.013732 49.226647,20.01373 49.226631,20.01377 49.226607,20.013802 49.22656,20.01384 49.226544,20.013838 49.226522,20.013813 49.226511,20.013766 49.226538,20.013604 49.226523,20.013607 49.226504,20.013756 49.226429,20.013759 49.226404,20.013621 49.226374,20.013594 49.226363,20.013588 49.226348,20.013664 49.226345,20.013693 49.226309,20.013649 49.22628,20.013532 49.226216,20.013406 49.226136,20.013376 49.22609,20.013317 49.226021,20.013292 49.225973,20.013258 49.225928,20.013271 49.22586,20.01335 49.225818,20.013461 49.225798,20.013622 49.225818,20.013701 49.225839,20.013824 49.225854,20.013906 49.225885,20.014036 49.225925,20.014083 49.225927,20.014143 49.225948,20.0142 49.22594,20.014208 49.225923,20.014188 49.225906,20.014156 49.225857,20.014159 49.225837,20.014103 49.225793,20.014248 49.225727,20.014243 49.225698,20.014212 49.225684,20.014184 49.225647,20.014194 49.22563,20.014261 49.225628,20.014288 49.225612,20.014344 49.225607,20.014425 49.225556,20.014504 49.225534,20.01452 49.225525,20.01446 49.225499,20.014424 49.22546,20.014482 49.225445,20.014514 49.22538,20.014484 49.225344,20.014488 49.225334,20.014538 49.225325,20.014587 49.225231,20.014583 49.225179))"
Karb - Czerwone Stawki,#2563EB,standard,0,0,"MULTILINESTRING((20.002395 49.227815,20.002566 49.227821,20.002778 49.227839,20.002975 49.227862,20.003164 49.227899,20.003392 49.227939,20.003606 49.227969,20.003693 49.228028,20.003864 49.228065,20.004009 49.228094,20.004261 49.228177,20.0043 49.228192,20.004419 49.228256,20.00453 49.228288,20.00461 49.228291,20.004679 49.228282,20.004793 49.228259,20.004862 49.228254,20.004985 49.228278,20.005137 49.228302,20.005237 49.228327,20.005335 49.22833,20.005437 49.228344,20.005662 49.228377,20.005793 49.228466,20.00586 49.228527,20.005854 49.228642,20.005893 49.228715,20.005933 49.228783,20.005977 49.228907,20.006103 49.228959,20.006281 49.228984,20.006392 49.228992,20.006457 49.228994,20.006495 49.228993,20.006528 49.228968,20.006563 49.228956,20.006698 49.228931,20.006817 49.228922,20.006902 49.228946,20.006985 49.228958,20.007084 49.228993,20.007121 49.229019,20.007167 49.229028,20.007249 49.229016,20.007312 49.229028,20.00739 49.229028,20.007443 49.229005,20.007628 49.228941,20.007757 49.228941,20.007849 49.22892,20.00794 49.228923,20.008013 49.22891,20.008041 49.228873,20.00808 49.228852,20.008139 49.228835,20.008339 49.228639,20.008361 49.228599,20.008418 49.228565,20.00863 49.228534,20.008665 49.228507,20.008768 49.228518,20.008792 49.228527,20.008868 49.228608,20.008947 49.228693,20.009047 49.228752,20.009173 49.228764,20.009283 49.228748,20.009439 49.228745,20.009495 49.228731,20.009526 49.228741,20.009579 49.228737,20.009626 49.228769,20.009802 49.228761,20.009936 49.22869,20.010002 49.228689,20.010075 49.228682,20.010264 49.22872,20.010325 49.228732,20.010395 49.228722,20.010496 49.228747,20.010576 49.228776,20.010685 49.22883,20.010722 49.228835,20.010777 49.228836,20.010818 49.22885,20.010904 49.228791,20.01098 49.228725,20.011038 49.228689,20.011064 49.22872,20.011097 49.228714,20.011126 49.22865,20.011163 49.228591,20.011249 49.228538,20.011366 49.228488,20.011436 49.228481,20.011483 49.228477,20.011518 49.228501,20.011564 49.22853,20.011614 49.228585,20.01165 49.228669,20.011657 49.228707,20.011655 49.228723,20.011646 49.228741,20.011642 49.228757,20.011638 49.228775,20.011654 49.228779,20.01169 49.228782,20.011708 49.228811))"
Szlak 2911,#2563EB,standard,1007,1091,"MULTILINESTRING((20.140967 49.26108,20.140978 49.261066,20.14099 49.261051,20.141263 49.260717,20.141563 49.260261,20.141756 49.259988,20.141942 49.259739,20.141974 49.25968,20.14216 49.259444,20.142456 49.259191,20.142588 49.259107,20.142682 49.259056,20.142902 49.258935,20.143929 49.258391,20.144758 49.257976,20.145273 49.257771,20.145704 49.257624,20.146602 49.257348,20.146716 49.257274,20.146793 49.25718,20.146893 49.256978,20.146943 49.256889,20.147046 49.256761,20.147172 49.256663,20.147349 49.256565,20.147748 49.256425,20.148245 49.25629,20.148803 49.256103,20.148979 49.255963,20.149068 49.255812,20.14913 49.255678,20.149178 49.255567,20.149256 49.255445,20.149454 49.25535,20.149749 49.255249,20.149929 49.255133,20.150447 49.254865),(20.140902 49.261143,20.140967 49.26108),(20.140609 49.262666,20.140552 49.262506,20.140546 49.262321,20.14053 49.26208,20.140541 49.261777,20.140564 49.261653,20.140603 49.261561,20.140674 49.261446,20.140902 49.261143),(20.141437 49.265194,20.141443 49.265056,20.141403 49.26398,20.141389 49.263644,20.141355 49.263503,20.141244 49.263305,20.140917 49.262923,20.140609 49.262666),(20.141361 49.265337,20.141417 49.265256,20.141437 49.265194))"
Schronisko PTTK Murowaniec - Zadni Upłaz,#EAB308,standard,1447,1705,"MULTILINESTRING((20.006932 49.243273,20.007302 49.243304,20.007517 49.243322,20.007699 49.243337,20.007792 49.243361,20.007871 49.243408,20.007899 49.243429,20.008351 49.243763),(20.012597 49.243417,20.012539 49.243424,20.012428 49.243386,20.012383 49.243382,20.012342 49.243354,20.012257 49.243353,20.012098 49.243302,20.012035 49.243296,20.011963 49.243271,20.011941 49.243257,20.011879 49.243174,20.011839 49.24316,20.011792 49.24317,20.011752 49.243204,20.011685 49.243242,20.011568 49.243306,20.011506 49.243333,20.011461 49.243304,20.011446 49.24327,20.011425 49.243242,20.011374 49.243198,20.011299 49.243232,20.011254 49.24327,20.010981 49.243264,20.010838 49.24324,20.010771 49.243193,20.010574 49.243147,20.01046 49.243158,20.010258 49.243094,20.010116 49.243082,20.010007 49.243054,20.009862 49.242979,20.009786 49.242969,20.009743 49.242975,20.009692 49.243001,20.009556 49.243108,20.009442 49.24316,20.009188 49.243228,20.009027 49.243312,20.009037 49.243421,20.008911 49.243513,20.008842 49.243523,20.008795 49.243582,20.008678 49.243632,20.008521 49.243637,20.008421 49.243693,20.008351 49.243763),(20.012732 49.243376,20.012597 49.243417),(20.013181 49.243391,20.013096 49.243385,20.012956 49.243377,20.01284 49.243363,20.012762 49.243368,20.012732 49.243376),(20.013701 49.243285,20.013633 49.243294,20.013531 49.243315,20.013323 49.243358,20.013181 49.243391),(20.03369 49.243285,20.033609 49.243313,20.033501 49.24332,20.033423 49.243316,20.033385 49.243288,20.033338 49.243302,20.033277 49.243381,20.033252 49.243385,20.033237 49.243336,20.033217 49.243292,20.033183 49.243261,20.033177 49.243237,20.033168 49.243214,20.033137 49.243215,20.033074 49.243316,20.033037 49.243392,20.032988 49.243444,20.032997 49.243499,20.032961 49.243565,20.032848 49.243667,20.032807 49.243712,20.032763 49.243777,20.032756 49.243834,20.032752 49.243889,20.032683 49.243933,20.032581 49.243973,20.032493 49.24403,20.032438 49.244098,20.032382 49.244142,20.032345 49.244195,20.032301 49.244209,20.032254 49.244232,20.032221 49.244289,20.032178 49.244316,20.032017 49.244471,20.031974 49.244565,20.031896 49.244676,20.03187 49.24472,20.031829 49.244749,20.031724 49.244853,20.031699 49.244872,20.031663 49.244875,20.031607 49.244851,20.03148 49.244768,20.031404 49.24472,20.031333 49.244689,20.031203 49.244608,20.031081 49.244509,20.031011 49.244431,20.030943 49.244346,20.030814 49.244233,20.030741 49.244179,20.030657 49.244139,20.030488 49.244081,20.030362 49.244028,20.030223 49.24399,20.029716 49.243996,20.029623 49.244019,20.029578 49.244048,20.029528 49.244052,20.029402 49.244035,20.029356 49.244078,20.029369 49.244126,20.029333 49.244131,20.029276 49.244166,20.029216 49.244159,20.029131 49.24417,20.029058 49.244158,20.028946 49.244157,20.028892 49.244158,20.028841 49.24413,20.028785 49.244126,20.028519 49.244126,20.028348 49.244105,20.028281 49.24408,20.028215 49.244068,20.028032 49.244028,20.02787 49.244014,20.027775 49.244022,20.027712 49.244014,20.027535 49.24398,20.027383 49.243964,20.027302 49.243951,20.027218 49.243924,20.026983 49.243807,20.026885 49.243769,20.026825 49.243761,20.026706 49.243793,20.026664 49.243782,20.026602 49.243789,20.026515 49.243812,20.026383 49.243824,20.026302 49.243846,20.026165 49.243866,20.026029 49.243901,20.025977 49.243922,20.025913 49.243922,20.025812 49.243936,20.02574 49.243981,20.025667 49.244041,20.025539 49.244081,20.025412 49.244137,20.025204 49.244264,20.024935 49.244406,20.02484 49.244443,20.024755 49.244461,20.02463 49.244498,20.024432 49.244605,20.024378 49.24464,20.024341 49.244655,20.024275 49.24462,20.024228 49.244575,20.024213 49.244535,20.024219 49.244487,20.024201 49.244429,20.024201 49.244387,20.024171 49.244344,20.024173 49.244214,20.024144 49.244176,20.024051 49.244049,20.024014 49.243974,20.023926 49.243908,20.023877 49.243839,20.023808 49.243788,20.02376 49.243731,20.02366 49.243644,20.0236 49.243625,20.023549 49.243596,20.023509 49.24359,20.023482 49.2436,20.023452 49.243612,20.023421 49.243639,20.023404 49.243676,20.023385 49.243756,20.023337 49.243863,20.023201 49.244008,20.023017 49.244064,20.022839 49.244146,20.02263 49.244251,20.022361 49.244339,20.022138 49.244359,20.022052 49.244374,20.021997 49.244404,20.021922 49.244427,20.021864 49.244438,20.021831 49.244456,20.021797 49.244483,20.021728 49.244493,20.021659 49.244481,20.021156 49.244253,20.020955 49.244144,20.020868 49.244116,20.02072 49.244057,20.020578 49.244007,20.020407 49.243947,20.020332 49.243916,20.020277 49.243886,20.020226 49.243865,20.02012 49.243833,20.020026 49.243763,20.019851 49.243694,20.019658 49.243624,20.019239 49.243521,20.019161 49.24352,20.019073 49.243516,20.018896 49.243478,20.018821 49.243486,20.018703 49.24348,20.018471 49.243465,20.018118 49.243438,20.017938 49.24346,20.017884 49.24346,20.017839 49.243449,20.017654 49.243372,20.017588 49.243321,20.01755 49.243293,20.017507 49.243285,20.017472 49.24329,20.017413 49.243328,20.017319 49.243364,20.017227 49.243392,20.01715 49.243405,20.017045 49.243442,20.016976 49.243468,20.016943 49.243491,20.016898 49.2435,20.016801 49.243495,20.016686 49.243461,20.016559 49.243409,20.016347 49.243269,20.016097 49.243043,20.015936 49.243045,20.015829 49.243015,20.015695 49.243007,20.015502 49.243061,20.0154 49.243112,20.015228 49.243201,20.015033 49.24328,20.014933 49.243308,20.014732 49.24332,20.014547 49.243303,20.014372 49.243248,20.01416 49.243151,20.014125 49.243153,20.01409 49.243162,20.014024 49.243202,20.013908 49.243212,20.013859 49.243221,20.013812 49.243239,20.013768 49.243253,20.013701 49.243285))"
Kozia Dolinka - Żleb Kulczyńskiego,#1F2937,standard,0,0,"MULTILINESTRING((20.027195 49.222202,20.027221 49.222175,20.027272 49.222146,20.027353 49.2221,20.027673 49.221968,20.027776 49.221939,20.027835 49.221895,20.027928 49.221872,20.028061 49.221853,20.028177 49.221815,20.028229 49.221773,20.028284 49.221699,20.028346 49.221659,20.02878 49.221591,20.028874 49.221567,20.028971 49.221559,20.029162 49.221498,20.029486 49.221361,20.029865 49.221238,20.03004 49.221246,20.030259 49.22126,20.030466 49.221247,20.030643 49.221262),(20.030643 49.221262,20.030811 49.221181,20.030999 49.221055,20.031139 49.220999,20.031207 49.220939,20.031266 49.220929,20.031354 49.220974,20.031456 49.221012,20.031517 49.22105,20.031571 49.221074,20.031617 49.221082,20.03282 49.220894))"
Rzeżuchy - Schronisko PTTK w Dolinie Pięciu Stawów Polskich,#1F2937,standard,0,0,"MULTILINESTRING((20.051161 49.218202,20.051244 49.21819,20.051305 49.218181,20.051363 49.218139,20.051414 49.218116,20.051398 49.218062,20.051387 49.217997,20.051333 49.21792,20.051316 49.217865,20.051336 49.217829,20.051378 49.217799,20.051339 49.217767,20.051352 49.217743,20.051382 49.217729,20.051342 49.217677,20.051313 49.217644,20.051321 49.217595,20.051356 49.21758,20.051367 49.217517,20.051378 49.217479,20.051359 49.21745,20.051286 49.217412,20.051243 49.21739,20.051207 49.217356,20.051207 49.21732,20.051115 49.217246,20.051098 49.217218,20.051163 49.217163,20.051229 49.21716,20.05124 49.21714,20.05122 49.217116,20.051117 49.217053,20.051119 49.21704,20.051168 49.217035,20.051317 49.217027,20.051376 49.217029,20.051398 49.217026,20.051398 49.217007,20.05134 49.216977,20.051312 49.216954,20.051316 49.21693,20.051356 49.216925,20.05142 49.216931,20.051479 49.216926,20.051488 49.216912,20.051447 49.216886,20.051417 49.216858,20.051425 49.216849,20.051485 49.21685,20.051516 49.216845,20.051526 49.216829,20.051487 49.216813,20.051404 49.216744,20.051332 49.216642,20.051311 49.2166,20.051316 49.216583,20.051357 49.216573,20.051504 49.216574,20.051543 49.21657,20.051541 49.216552,20.051517 49.216509,20.051482 49.216474,20.051502 49.216456,20.051579 49.216456,20.051644 49.216442,20.051689 49.216441,20.051728 49.216449,20.051751 49.216448,20.051769 49.216427,20.051752 49.216391,20.051688 49.216326,20.051627 49.216279,20.051599 49.216243,20.05153 49.216077,20.051511 49.216035,20.051547 49.216012,20.051609 49.216025,20.051835 49.21607,20.051905 49.216074,20.051985 49.216063,20.052022 49.216052,20.051944 49.215919,20.051941 49.215884,20.052001 49.215876,20.052226 49.215839,20.052281 49.215808,20.052282 49.215762,20.052331 49.215728,20.05238 49.215669,20.052434 49.215658,20.052483 49.215651,20.052519 49.215627,20.052554 49.215626,20.052575 49.215623,20.052568 49.215607,20.052549 49.215597,20.052512 49.215581,20.052514 49.215563,20.052555 49.215566,20.052582 49.215549,20.052571 49.215531,20.052571 49.215523,20.052564 49.215519,20.052534 49.215496,20.052563 49.215482,20.052626 49.215483,20.052735 49.215468,20.05281 49.215462,20.05281 49.215445,20.052747 49.215409,20.052686 49.215377,20.052599 49.215334,20.052526 49.215294,20.052303 49.21527,20.052027 49.215203,20.051978 49.215193,20.051848 49.215191,20.051668 49.215155,20.051572 49.215127,20.05145 49.215117,20.051223 49.21508,20.051002 49.214987,20.050844 49.214948,20.05063 49.214876,20.050529 49.214817,20.050445 49.214815,20.050297 49.214761,20.050228 49.214654,20.050132 49.214617,20.050032 49.214569,20.049989 49.214511,20.049814 49.214462,20.049654 49.214372,20.04955 49.214349,20.04944 49.214268,20.049252 49.214202,20.04918 49.214174,20.049091 49.214172,20.049047 49.214118,20.048907 49.214063,20.048779 49.214007,20.048769 49.214003,20.04873 49.213922,20.048696 49.213884,20.048624 49.213832,20.048528 49.213778,20.048477 49.213736,20.048461 49.213636,20.04849 49.213583))"
Czarny Staw pod Rysami - Mięguszowiecka Przełęcz pod Chłopkiem,#16A34A,standard,0,0,"MULTILINESTRING((20.0737 49.190374,20.073694 49.190332,20.07367 49.190299,20.073623 49.19028,20.073606 49.190224,20.073607 49.190179,20.073588 49.190134,20.073559 49.190107,20.073526 49.190094,20.073492 49.190101,20.073462 49.190094,20.073443 49.190083,20.073425 49.190066,20.073412 49.190054,20.073398 49.190008,20.073395 49.189977,20.073374 49.189956,20.073362 49.189937,20.073336 49.189901,20.073299 49.189871,20.073266 49.189861,20.073226 49.189852,20.073186 49.189846,20.073139 49.189836,20.07311 49.189827,20.0731 49.189827,20.073073 49.189807,20.073031 49.189804,20.072997 49.189804,20.07297 49.18981,20.072959 49.189833,20.072936 49.189851,20.072916 49.189843,20.072907 49.189835,20.072889 49.189826,20.072858 49.189829,20.072834 49.189828,20.072841 49.18981,20.072829 49.189789,20.072798 49.189786,20.072749 49.189821,20.072723 49.18985,20.072694 49.189849,20.072674 49.189848,20.072656 49.189831,20.072634 49.189777,20.072594 49.189754,20.072554 49.189737,20.072441 49.18971,20.072408 49.189731,20.072382 49.189755,20.072326 49.189762,20.07225 49.189759,20.072188 49.189777,20.072135 49.189794,20.072065 49.189803,20.071951 49.189791,20.071867 49.189744,20.071756 49.189697,20.071688 49.189674,20.071618 49.189665,20.071562 49.189653,20.071517 49.189655,20.071398 49.189659,20.071339 49.189653,20.071307 49.189645,20.071307 49.189632,20.071299 49.189604,20.07127 49.189593,20.071198 49.189608,20.071126 49.18963,20.071048 49.189659,20.071005 49.189644,20.070937 49.18961,20.070899 49.189599,20.070852 49.18958,20.070829 49.189579,20.070812 49.189579,20.070781 49.189567,20.070734 49.189542,20.07068 49.189525,20.070655 49.189526,20.070636 49.189518,20.070615 49.189507,20.070577 49.189506,20.070569 49.189491,20.070572 49.189477,20.070568 49.189461,20.070567 49.189445,20.07059 49.189437,20.070614 49.189429,20.070613 49.189404,20.070591 49.189389,20.070587 49.189375,20.070598 49.189359,20.070593 49.189342,20.070574 49.189318,20.070585 49.189308,20.070552 49.189293,20.070531 49.189281,20.070525 49.189257,20.070516 49.189227,20.070503 49.189199,20.070486 49.189166,20.070451 49.189153,20.070396 49.189152,20.070372 49.189138,20.070368 49.189111,20.070282 49.189094,20.070269 49.189085,20.070267 49.18906,20.070241 49.189049,20.070223 49.189046,20.070203 49.189054,20.070189 49.189075,20.070187 49.189095,20.070186 49.189121,20.070176 49.189132,20.070154 49.189137,20.070136 49.189131,20.070132 49.189127,20.07012 49.189108,20.070106 49.189104,20.070072 49.189115,20.070048 49.189124,20.070009 49.189122,20.06996 49.189126,20.069921 49.189143,20.069889 49.189178,20.069835 49.189195,20.06979 49.189202,20.069781 49.189188,20.069775 49.189172,20.069742 49.189148,20.069701 49.189118,20.069695 49.189111,20.069716 49.189092,20.06974 49.189066,20.069758 49.189037,20.069777 49.188965,20.069792 49.188924,20.069783 49.188891,20.069773 49.188845,20.069772 49.188808,20.069767 49.188779,20.069783 49.188742,20.069806 49.188682,20.069804 49.188629,20.06975 49.188598,20.069749 49.188551,20.069739 49.188508,20.069731 49.188473,20.069737 49.188426,20.069786 49.188371,20.069811 49.18835,20.069818 49.188334,20.069804 49.18831,20.069758 49.188296,20.069747 49.18829,20.069724 49.188272,20.069693 49.188261,20.06967 49.188254,20.069666 49.188242,20.069667 49.188236,20.069648 49.18823,20.069596 49.188226,20.069532 49.18821,20.06947 49.188202,20.069389 49.188166,20.06932 49.18816,20.0693 49.188128,20.069286 49.188117,20.069264 49.188099,20.069232 49.188071,20.069173 49.188052,20.06911 49.188017,20.069048 49.187982,20.068892 49.187878,20.068695 49.187765,20.068593 49.187732,20.068519 49.187707,20.068447 49.187686,20.068433 49.187683,20.068369 49.18764,20.068342 49.187599,20.068356 49.187575,20.068366 49.18756,20.068354 49.187533,20.068331 49.187506,20.06829 49.187471,20.06825 49.18742,20.068239 49.187396,20.068177 49.187372,20.068118 49.187349,20.06805 49.187329,20.067996 49.187326,20.067941 49.187326,20.067894 49.187326,20.067855 49.187325,20.067805 49.187317,20.067776 49.187312,20.067738 49.187295,20.067731 49.187288,20.067705 49.187288,20.06767 49.187289,20.067617 49.187299,20.067599 49.187293,20.067599 49.187272,20.06755 49.187268,20.067505 49.187281,20.067512 49.187251,20.067493 49.187216,20.067464 49.187198,20.067434 49.187201,20.067394 49.187215,20.06731 49.18719,20.067186 49.187161,20.067111 49.187141,20.067081 49.187135,20.067055 49.18714,20.066987 49.187156,20.066906 49.187165,20.066808 49.18717,20.066734 49.187177,20.066672 49.187191,20.066609 49.18719,20.066539 49.187194,20.066489 49.187205,20.066423 49.187204,20.066357 49.187188,20.066336 49.18718,20.066283 49.187164,20.066281 49.187144,20.066275 49.187127,20.066226 49.187099,20.066175 49.187088,20.066135 49.187083,20.066098 49.187094,20.066094 49.187093,20.066082 49.187066,20.066078 49.187052,20.066059 49.18705,20.066034 49.187062,20.066012 49.187059,20.066007 49.187049,20.066001 49.187002,20.06599 49.186989,20.065997 49.186973,20.065997 49.186957,20.065991 49.186938,20.065978 49.186913,20.06598 49.186894,20.065985 49.18688,20.065978 49.186864,20.065974 49.186845,20.065986 49.186827,20.065962 49.186801,20.06595 49.18679,20.065957 49.186764,20.065964 49.186734,20.066054 49.186706,20.066088 49.186676,20.066172 49.186631,20.06622 49.18661,20.066327 49.186606,20.06643 49.186583,20.06651 49.186555,20.06654 49.186537,20.066559 49.186516,20.066595 49.186518,20.066658 49.186535,20.066704 49.186546,20.066748 49.186554,20.066848 49.186572,20.066905 49.186566,20.067039 49.186488,20.067039 49.186486,20.067063 49.186445,20.067069 49.18638,20.067132 49.186346,20.067222 49.186369,20.06748 49.186475,20.067538 49.18648,20.067697 49.18651,20.06774 49.186527,20.067792 49.186528,20.067882 49.186506,20.067926 49.186482,20.06795 49.186455,20.067993 49.18643,20.068059 49.186391,20.068174 49.186333,20.068302 49.186241,20.068371 49.186187,20.068435 49.186111,20.068486 49.186045,20.068514 49.185968,20.068542 49.185905,20.068558 49.185866,20.068558 49.185838,20.068544 49.185809,20.068529 49.185784,20.068484 49.185753,20.068465 49.185731,20.068449 49.185711,20.068413 49.185699,20.068379 49.185703,20.068354 49.185725,20.068334 49.185741,20.068282 49.185748,20.068263 49.185749,20.068206 49.185752,20.068169 49.185745,20.068141 49.185725,20.068123 49.185685,20.068133 49.185652,20.068196 49.185596,20.068175 49.185579,20.068189 49.185558,20.068227 49.185526,20.068239 49.185485,20.068235 49.185455,20.06821 49.185428,20.068178 49.185408,20.06818 49.18538,20.068226 49.185345,20.06829 49.185324,20.068368 49.185343,20.068385 49.185334,20.068404 49.185317,20.068448 49.185312,20.068507 49.185314,20.068634 49.185346,20.068731 49.185335,20.068819 49.185316,20.068844 49.18533,20.068866 49.185343,20.068929 49.185318,20.068959 49.185251,20.069014 49.185265,20.069077 49.185244,20.069138 49.185262,20.069163 49.185242,20.069195 49.185254,20.069207 49.185234,20.06925 49.185243,20.069272 49.18522,20.069287 49.185194,20.069339 49.18521,20.069393 49.185187,20.069428 49.185157,20.069481 49.185106,20.069528 49.185049,20.069563 49.184979,20.069574 49.184901,20.069563 49.184859,20.06956 49.184829,20.069526 49.184773,20.069519 49.184753,20.069484 49.184726,20.069474 49.184689,20.069468 49.184664,20.069436 49.184638,20.069407 49.184612,20.069374 49.184584,20.069336 49.184545,20.06934 49.184518,20.069299 49.184505,20.069307 49.184483,20.069282 49.184457,20.069321 49.184437,20.069272 49.184408,20.069299 49.184383,20.069255 49.184343,20.069299 49.184332,20.069284 49.184324,20.069254 49.184309,20.069235 49.184295,20.069226 49.184272,20.069236 49.184254,20.069205 49.184243,20.069166 49.184233,20.069134 49.184215,20.069071 49.184191,20.069017 49.184164,20.068975 49.184147,20.068949 49.184133,20.068917 49.184124,20.068888 49.184108,20.06885 49.184101,20.068817 49.184078,20.068791 49.184075,20.068765 49.184066,20.068735 49.184046,20.068693 49.184039,20.068647 49.184036,20.068626 49.184034,20.0686 49.184038,20.068558 49.184033,20.06852 49.184028,20.068483 49.184027,20.068456 49.184019,20.068406 49.184024,20.068361 49.184027,20.068321 49.184024,20.068287 49.184026,20.068167 49.184015,20.068099 49.184014,20.068051 49.184007,20.067981 49.184007,20.067898 49.184014,20.067743 49.184003,20.067644 49.183996,20.067548 49.18399,20.067393 49.184005,20.067162 49.18403,20.067089 49.184041,20.067028 49.184049,20.06698 49.184027,20.066955 49.184009,20.066816 49.183991,20.066759 49.183983,20.066683 49.183954,20.06654 49.183955,20.066494 49.183943,20.066385 49.183933,20.066289 49.183932,20.066158 49.183926,20.066098 49.183901,20.06602 49.183846,20.065968 49.18383,20.065904 49.183807,20.065842 49.183794,20.065804 49.183759,20.065729 49.183721,20.06559 49.1837,20.065481 49.183692,20.065436 49.183689,20.065406 49.183676,20.065362 49.183637,20.065342 49.18362,20.065322 49.183606,20.065307 49.183601,20.06529 49.1836,20.06524 49.183607,20.065185 49.183622,20.06517 49.183634,20.06516 49.183646,20.065139 49.183667,20.065119 49.183696,20.065128 49.183705))"
Zawrat - Wyżnie Solnisko,#2563EB,mountain_hiking,1762,2200,"MULTILINESTRING((20.026695 49.209922,20.026619 49.209916,20.026551 49.209895,20.026353 49.209797,20.026301 49.209797,20.026226 49.209816,20.026021 49.20982,20.025875 49.209795,20.025751 49.209763,20.025634 49.209749,20.025488 49.209742,20.025358 49.209773,20.025196 49.209784,20.025012 49.209838,20.024817 49.209834,20.024575 49.209866,20.024396 49.209905,20.024237 49.209932,20.024152 49.209938,20.023996 49.209978,20.023954 49.209996,20.023915 49.210012,20.023865 49.210024,20.023815 49.210042,20.023747 49.210039,20.02364 49.210035,20.023473 49.210042,20.023266 49.21007,20.02319 49.210056,20.023107 49.210018,20.023004 49.209978,20.022959 49.20997,20.022793 49.209962,20.022743 49.209948,20.022686 49.209917,20.022644 49.209895,20.02261 49.209858,20.022543 49.209787,20.022507 49.209769,20.022458 49.209761,20.022427 49.209746,20.022395 49.20974,20.022382 49.209727,20.022357 49.209728,20.022305 49.209744,20.022254 49.20977,20.022192 49.209815,20.022071 49.209913,20.021881 49.210127,20.021819 49.21019,20.021784 49.210265,20.021765 49.210291,20.021726 49.2103,20.021625 49.210328,20.021524 49.210392,20.021449 49.210409,20.021408 49.210427,20.021358 49.210456,20.021299 49.210473,20.021241 49.210478,20.021214 49.210463,20.021193 49.210436,20.021137 49.210334,20.021069 49.210268,20.021046 49.210269,20.020974 49.210299,20.020902 49.210302,20.020851 49.21031,20.0208 49.210336,20.020704 49.210389,20.020617 49.210402,20.020587 49.210421,20.020607 49.210457,20.020634 49.210519,20.020613 49.210582,20.020612 49.210625,20.020613 49.210668,20.02059 49.210682,20.020553 49.21068,20.020502 49.210661,20.020406 49.210643,20.020314 49.210629,20.020242 49.210615,20.020223 49.210617,20.020212 49.210627,20.020212 49.210692,20.020162 49.210748,20.02016 49.210782,20.020184 49.21085,20.020162 49.210917,20.020175 49.210971,20.020155 49.211012,20.020076 49.211101,20.02006 49.211137,20.019998 49.211167,20.019956 49.211279,20.019947 49.211417,20.019904 49.211406,20.019836 49.211404,20.019803 49.211444,20.019774 49.211468,20.019768 49.211492,20.019774 49.211518,20.019819 49.211541,20.019855 49.21157,20.019889 49.211598,20.019918 49.211642,20.019977 49.211731,20.019988 49.21177,20.019964 49.211849,20.019987 49.211901,20.019986 49.21195,20.019913 49.211961,20.019912 49.211989,20.019894 49.212007,20.019897 49.212029,20.019914 49.212046,20.019832 49.212083,20.019806 49.212182,20.019813 49.212241,20.019776 49.212304,20.019752 49.212347,20.019824 49.212451,20.019844 49.212551,20.019901 49.212589,20.019982 49.212675,20.020025 49.21261,20.020196 49.212707,20.02024 49.212746,20.020277 49.212803,20.020309 49.212849,20.020326 49.212903,20.020256 49.212955,20.020243 49.213001,20.020206 49.21304,20.020187 49.213089,20.02014 49.213133,20.020087 49.213187,20.020022 49.213239,20.019918 49.213282,20.019876 49.213309,20.019844 49.213348,20.019753 49.21339,20.019654 49.21345,20.019592 49.213478,20.01952 49.213504,20.019478 49.213547,20.019334 49.213618,20.019223 49.213702,20.019177 49.213766,20.019142 49.213849,20.019151 49.213877,20.019155 49.213919,20.01912 49.213955,20.019044 49.214055,20.018943 49.214109,20.018786 49.214152,20.018733 49.214199,20.018671 49.214284,20.018583 49.214367,20.018493 49.21443,20.018423 49.214497,20.018351 49.214587,20.018257 49.214776,20.018223 49.214915,20.018201 49.214981,20.018201 49.215038,20.018235 49.215086,20.018273 49.215179,20.018317 49.215264,20.018363 49.215307,20.018397 49.215354,20.01844 49.215442,20.018545 49.2156,20.018701 49.215675,20.018777 49.215743,20.018795 49.215793,20.018819 49.215837,20.018899 49.215938,20.018945 49.216031,20.01921 49.216245,20.019288 49.216317,20.019335 49.216327,20.019358 49.216358,20.019352 49.216383,20.019335 49.216414,20.019358 49.216452,20.019398 49.216486,20.019443 49.216527,20.019505 49.216583,20.019559 49.216692,20.019548 49.21677,20.019522 49.216814,20.019414 49.216923,20.019361 49.217019,20.019279 49.217107,20.019224 49.21716,20.019184 49.217211,20.019101 49.217295,20.018977 49.217388,20.018859 49.217454,20.018717 49.217521,20.018623 49.217556,20.018524 49.217604,20.018516 49.217654,20.018452 49.217677,20.018401 49.217666,20.018132 49.217692,20.018074 49.217699,20.017975 49.217709,20.017933 49.217726,20.017905 49.217749,20.017871 49.217769,20.017874 49.217787,20.017924 49.217807,20.017914 49.217825,20.017897 49.217856,20.017867 49.217897,20.017847 49.217928,20.01786 49.217978,20.017856 49.218017,20.01781 49.218158,20.017737 49.218376,20.017697 49.218429,20.017687 49.218463,20.017689 49.218499,20.017665 49.218551,20.017574 49.218728,20.017526 49.21881,20.017472 49.218851,20.017439 49.2189,20.017207 49.219028,20.017166 49.21906,20.017125 49.219068,20.017057 49.219084,20.017056 49.219092,20.016974 49.219084,20.016767 49.219093,20.016612 49.219104,20.016523 49.219103,20.016473 49.219084,20.016392 49.219088))"
Czerwone Brzeżki - Polana Pod Wołoszynem,#1F2937,standard,1176,1257,"MULTILINESTRING((20.089572 49.258202,20.089478 49.258183,20.089434 49.258172,20.089395 49.258156,20.089353 49.258131,20.089292 49.258084,20.088963 49.257804,20.088724 49.257568,20.088692 49.257537,20.088666 49.257498,20.088654 49.257475,20.088649 49.257441,20.088631 49.257367,20.088616 49.257317,20.088599 49.257275,20.088582 49.25724,20.088555 49.257204,20.088479 49.257118,20.088417 49.257025,20.088343 49.256948,20.088242 49.256825,20.08817 49.25671,20.087946 49.256543,20.087735 49.256366,20.087679 49.25632,20.087636 49.25629,20.087594 49.256265,20.087554 49.256242,20.087515 49.256222,20.087467 49.256205,20.087392 49.256184,20.087193 49.256142,20.087096 49.256122,20.086995 49.256111,20.086923 49.25611,20.086868 49.25608,20.086827 49.256031,20.086797 49.255978,20.086771 49.255931,20.086719 49.255786,20.086688 49.255737,20.086628 49.255677,20.08595 49.255326,20.085763 49.255218,20.085575 49.255093,20.085406 49.254983,20.085336 49.254916,20.085229 49.254851,20.084914 49.2546,20.084715 49.254431,20.084692 49.254405,20.08467 49.254376,20.084667 49.254335,20.084661 49.254288,20.084648 49.254251,20.084631 49.254227,20.084597 49.254184,20.084427 49.254006,20.08411 49.253715,20.08402 49.253652,20.083696 49.253479),(20.083696 49.253479,20.083683 49.253467),(20.083683 49.253467,20.083657 49.25341),(20.083657 49.25341,20.08357 49.253228),(20.08357 49.253228,20.083554 49.253209,20.083545 49.253197,20.083552 49.253185,20.083576 49.25316,20.083706 49.253079,20.083823 49.253017,20.083915 49.252974,20.084007 49.252938,20.084036 49.252918,20.084064 49.252897,20.084099 49.252888,20.08415 49.252879,20.084265 49.252848,20.084342 49.25282,20.084401 49.2528,20.084435 49.252778,20.084444 49.252752,20.084442 49.252718,20.084424 49.252687,20.084403 49.252663,20.084209 49.252485,20.084154 49.252378,20.08414 49.252339,20.084135 49.252306,20.084155 49.252282,20.084193 49.252264,20.084273 49.252246,20.0844 49.25223,20.084577 49.252189,20.08492 49.252071,20.085092 49.252024,20.085439 49.251909,20.085515 49.251878,20.085594 49.251837,20.085848 49.251649,20.086086 49.25151,20.08612 49.251491,20.08614 49.251467,20.086168 49.251385,20.086184 49.25134,20.086194 49.251292,20.08618 49.251233,20.086136 49.251194,20.086112 49.251153,20.086089 49.251117,20.086062 49.251074,20.086046 49.251033,20.08604 49.251002,20.086045 49.250969,20.086037 49.250912,20.086035 49.250872,20.086039 49.250841,20.086055 49.250785,20.08607 49.25073,20.086081 49.250707,20.086093 49.250694,20.086102 49.250681,20.086101 49.250668,20.08609 49.250655,20.086087 49.250641,20.08609 49.25062,20.086086 49.250605,20.08608 49.250578,20.086087 49.250543,20.086088 49.250494,20.086104 49.250403,20.086121 49.250262,20.086119 49.250238,20.086118 49.250225,20.086109 49.250192,20.086086 49.250128,20.086033 49.249964,20.08599 49.249871,20.085967 49.249824,20.085942 49.249787,20.085929 49.249749,20.085924 49.24972,20.085922 49.249696,20.085925 49.249642,20.085931 49.249632,20.085944 49.249616,20.085959 49.24958,20.085961 49.249555,20.085958 49.249536,20.085947 49.249519,20.085923 49.249466,20.085907 49.249422,20.085908 49.249401,20.085917 49.249386,20.085923 49.249367,20.085919 49.249348,20.085907 49.249336,20.085894 49.24932,20.08589 49.249305,20.085898 49.249287,20.085908 49.249254,20.085909 49.249232,20.085899 49.249212,20.08587 49.249168,20.085799 49.2491,20.085778 49.249073,20.085762 49.249046,20.085751 49.249019,20.085752 49.24898,20.085749 49.248948,20.085756 49.248922,20.085762 49.248881,20.08576 49.248864,20.085749 49.248788,20.085741 49.24871,20.085745 49.248642,20.085757 49.248569,20.08577 49.248485,20.085777 49.248454,20.085788 49.248425,20.085793 49.248401,20.08579 49.248374,20.085783 49.248309,20.085785 49.24827,20.085969 49.247714,20.086116 49.247176,20.086115 49.247115,20.086083 49.247046,20.08606 49.246998,20.086045 49.246952))"
Kuźnice - Klasztor Albertynek,#2563EB,standard,1014,1137,"MULTILINESTRING((19.980179 49.268997,19.980196 49.269023,19.980277 49.269134,19.980304 49.26917,19.980391 49.269299,19.980497 49.269459,19.980521 49.269497),(19.980161 49.26897,19.980179 49.268997),(19.97953 49.26817,19.979574 49.268206,19.979633 49.268255,19.979694 49.268308,19.979839 49.268494,19.979996 49.268721,19.980161 49.26897),(19.979137 49.268098,19.979388 49.268149,19.97953 49.26817),(19.978979 49.268075,19.979137 49.268098),(19.974494 49.264497,19.974622 49.264589,19.975249 49.265041,19.975613 49.265287,19.976069 49.265582,19.976701 49.266001,19.977354 49.266507,19.977701 49.266778,19.977912 49.266944,19.978074 49.267101,19.978137 49.267203,19.978175 49.267299,19.978214 49.267411,19.978285 49.267648,19.978344 49.267796,19.978393 49.267877,19.978467 49.26795,19.978534 49.267994,19.978696 49.268033,19.978795 49.268047,19.978979 49.268075))"
Polana Chochołowska - Trzydniowiański Wierch,#DC2626,standard,1103,1694,"MULTILINESTRING((19.793761 49.236397,19.793702 49.236326,19.793587 49.236231,19.793433 49.236175,19.793305 49.236103,19.793292 49.236093,19.793144 49.235974,19.793102 49.235903),(19.793102 49.235903,19.793003 49.235813),(19.793003 49.235813,19.792847 49.235692,19.792759 49.23567,19.792393 49.235597,19.791601 49.235472,19.791477 49.235412,19.791393 49.235361,19.791304 49.235326,19.791048 49.235257,19.790851 49.23518,19.790412 49.234942,19.790296 49.234892,19.790067 49.234832,19.789457 49.234615,19.789102 49.234425,19.788847 49.234239,19.788556 49.234111,19.788206 49.234046,19.78797 49.233955,19.78787 49.233863,19.787807 49.233707,19.787672 49.233553,19.78753 49.233463,19.7874 49.233336,19.787254 49.233054,19.787102 49.232861,19.786489 49.232338,19.786421 49.232196,19.78637 49.231908,19.786274 49.231721,19.786043 49.231118,19.78587 49.230736,19.785773 49.230635,19.785603 49.230535,19.785403 49.230372,19.78539 49.230262,19.785588 49.22986,19.785632 49.229704,19.785635 49.229593,19.785586 49.229471,19.785492 49.229329,19.785394 49.229137,19.785191 49.228458,19.785108 49.228193,19.78508 49.228,19.785087 49.227772,19.785116 49.227502,19.785158 49.227319,19.785101 49.227105,19.784965 49.226903,19.78488 49.226773,19.784852 49.2266,19.784926 49.226335,19.784933 49.226198,19.784924 49.226112,19.784874 49.225991),(19.784874 49.225991,19.78482 49.225909),(19.78482 49.225909,19.78466 49.225713,19.784617 49.22565,19.784565 49.225527,19.784571 49.225278,19.784653 49.225091,19.784694 49.224925,19.784662 49.224658,19.784681 49.224493,19.784717 49.224384,19.784824 49.22423,19.784896 49.224165,19.785055 49.224009,19.785281 49.223856,19.785521 49.223722,19.785752 49.223585,19.785878 49.223424,19.785878 49.223266,19.785878 49.222982,19.785899 49.222826,19.785965 49.222685,19.786128 49.222424,19.786333 49.222189,19.786441 49.222088,19.786489 49.221983,19.7865 49.221879,19.786441 49.221709,19.786425 49.221581,19.786433 49.221441,19.786446 49.221336,19.786453 49.221189,19.786471 49.220989),(19.786471 49.220989,19.786517 49.220837,19.786816 49.220431,19.786906 49.220173,19.786938 49.219972,19.786897 49.219892,19.78682 49.219755,19.786816 49.21964,19.786817 49.219582,19.786841 49.219482,19.786903 49.219402,19.787099 49.219284,19.787345 49.21916,19.787635 49.218969,19.787825 49.218836,19.788048 49.21857,19.788314 49.218401,19.788486 49.218235,19.788635 49.218136,19.788878 49.217992,19.789105 49.217907,19.789311 49.217844,19.789438 49.217804),(19.789438 49.217804,19.789531 49.217798),(19.789531 49.217798,19.789645 49.21777),(19.789645 49.21777,19.790196 49.217741,19.790459 49.217768),(19.790459 49.217768,19.790523 49.217812,19.790483 49.217928,19.790537 49.217995,19.790627 49.21818,19.790635 49.218294,19.790562 49.218512,19.790479 49.218963,19.790453 49.219116,19.790474 49.219157,19.790545 49.219207,19.790642 49.21916,19.79069 49.219141,19.790774 49.219091,19.791101 49.218891,19.791265 49.218837,19.791657 49.218762,19.791897 49.218641,19.792067 49.218555,19.792251 49.218434,19.792286 49.21834,19.792334 49.218179,19.792523 49.217973,19.792882 49.217772),(19.792882 49.217772,19.792998 49.217707,19.793545 49.217473,19.793791 49.217335,19.793941 49.217271,19.794131 49.217231,19.794182 49.217197,19.79422 49.217106,19.794509 49.21681,19.794737 49.216614,19.795195 49.216223),(19.795195 49.216223,19.795631 49.216038,19.795925 49.215901,19.796281 49.215793,19.796411 49.215731,19.796406 49.215703,19.796414 49.215673,19.796618 49.215551,19.796858 49.215471,19.796988 49.215416,19.797133 49.215349,19.797463 49.215109,19.797752 49.214971,19.798018 49.214871,19.798465 49.214724,19.798689 49.214694,19.798699 49.214669,19.798749 49.214644,19.79883 49.214633,19.798911 49.214604,19.799005 49.214585,19.799092 49.214583,19.799258 49.214614,19.799337 49.214629,19.79946 49.214611,19.7996 49.214552,19.799701 49.214537,19.799775 49.214544,19.799917 49.214556,19.799972 49.21454,19.799985 49.214474,19.799978 49.21445,19.799952 49.214393,19.799893 49.214325,19.799571 49.214013,19.799508 49.213945,19.79947 49.213878,19.799447 49.213763,19.799451 49.213712,19.799474 49.21369,19.799568 49.213701,19.799682 49.213734,19.79984 49.213794,19.800004 49.213831,19.800261 49.213913,19.800483 49.214011,19.800674 49.214075,19.800987 49.214221,19.801062 49.214262,19.801447 49.214412,19.801539 49.214441,19.801671 49.214507,19.801749 49.214547,19.801808 49.214603,19.801958 49.214691,19.802197 49.214766,19.802262 49.214775,19.802295 49.214825,19.802312 49.214852,19.802388 49.214927,19.802446 49.214972,19.802496 49.215036,19.802521 49.215097,19.802528 49.215154,19.802561 49.215197,19.802626 49.21523,19.802652 49.21527,19.8026 49.215316,19.80257 49.215377,19.802323 49.215478,19.802237 49.215509,19.80221 49.215538,19.802183 49.215571,19.8021 49.215577,19.802065 49.215563,19.801983 49.215542,19.801765 49.215543,19.80146 49.215585,19.80132 49.215628,19.801196 49.215668,19.801045 49.215688,19.800839 49.215756,19.80074 49.21584,19.800639 49.215893,19.80059 49.215972,19.800566 49.216033,19.800544 49.216169,19.800574 49.216254,19.800649 49.216321,19.800814 49.216408,19.800893 49.2164,19.801033 49.216361,19.801086 49.21636,19.801148 49.21638,19.801194 49.216421,19.80122 49.216502,19.801276 49.216557,19.801352 49.216582,19.801438 49.216579,19.801502 49.216597,19.801611 49.216575,19.801765 49.216615,19.801865 49.216661,19.801976 49.216779,19.802038 49.216848,19.802052 49.216891,19.80212 49.216932,19.802148 49.216977,19.802256 49.217001,19.802371 49.217045,19.802477 49.217117,19.802588 49.217145,19.802699 49.217252,19.802761 49.217331,19.802879 49.217344,19.802978 49.217351,19.80305 49.21741,19.803154 49.217474,19.803294 49.217541,19.803435 49.21759,19.803562 49.21762,19.803674 49.217644,19.803747 49.217671,19.803868 49.217758,19.803945 49.217824,19.803999 49.217865,19.804019 49.217933,19.804011 49.217975,19.803929 49.21817,19.803868 49.218266,19.803868 49.218308,19.803893 49.218337,19.803983 49.218506,19.804018 49.218602,19.804042 49.218641,19.804051 49.21869,19.804079 49.218726))"
Polana Chochołowska – Grześ,#EAB308,standard,1145,1628,"MULTILINESTRING((19.766779 49.236584,19.766931 49.236587,19.767092 49.236624,19.767239 49.236632,19.767419 49.236608,19.767556 49.236624,19.767771 49.236655,19.767969 49.23662,19.768047 49.236599,19.76813 49.236576,19.768221 49.236548,19.768345 49.236501,19.768516 49.236503,19.768618 49.236548,19.768715 49.236583,19.768816 49.236667,19.768894 49.236758,19.769004 49.236909,19.769184 49.237015,19.76922 49.237043,19.769272 49.237084,19.769315 49.237159,19.769417 49.237209,19.769527 49.237284,19.769659 49.237326,19.769678 49.237375,19.769723 49.237403,19.769828 49.237441,19.769946 49.23748,19.770074 49.237504,19.77019 49.237606,19.770214 49.237651,19.770297 49.237676,19.770429 49.237685,19.770568 49.237669,19.770705 49.237692,19.770764 49.237715,19.770756 49.237771,19.770847 49.237816,19.770944 49.237892,19.771061 49.237897,19.771169 49.237919,19.771172 49.237974,19.771172 49.238035,19.771244 49.238058,19.771324 49.238079,19.771457 49.238079,19.771516 49.238091,19.771646 49.238186,19.771847 49.238317,19.772175 49.238422,19.772403 49.238549,19.772551 49.238633,19.77272 49.238576,19.772832 49.238583,19.772966 49.238556,19.773074 49.238492,19.773219 49.238396,19.77345 49.238239,19.773643 49.2381,19.773955 49.237831,19.774026 49.237626,19.77406 49.237558,19.774264 49.237499,19.775595 49.237219,19.776284 49.237145,19.776617 49.237061,19.776852 49.236951,19.777418 49.236389,19.777554 49.236218,19.777589 49.236105,19.777594 49.236031,19.77762 49.236024,19.777697 49.236165,19.777676 49.236319,19.777601 49.23649,19.777615 49.236878,19.777625 49.237064,19.777563 49.237359,19.777568 49.237486,19.777368 49.238309,19.777373 49.238445,19.777378 49.238545,19.777468 49.238628,19.777535 49.238712,19.777573 49.238892,19.777701 49.23919,19.777734 49.239407,19.777748 49.239581,19.777658 49.239786,19.777651 49.239993,19.777594 49.240339,19.777724 49.240784,19.777853 49.240995,19.777966 49.241121,19.778035 49.241159,19.778169 49.241222,19.778418 49.241287),(19.778418 49.241287,19.778746 49.241334,19.778963 49.241306,19.779162 49.2412,19.779353 49.241083),(19.779353 49.241083,19.779593 49.240945,19.780028 49.240737),(19.780028 49.240737,19.780149 49.240689),(19.780149 49.240689,19.780319 49.240595,19.780507 49.240483),(19.780507 49.240483,19.780693 49.240344,19.780769 49.240262,19.780797 49.240205,19.780895 49.240143,19.781117 49.240048,19.781263 49.239896,19.781319 49.239694,19.781358 49.239516,19.78142 49.23937,19.781576 49.23911,19.781774 49.238897,19.782066 49.238723,19.782221 49.238643,19.782365 49.238602),(19.782365 49.238602,19.782541 49.238578),(19.782541 49.238578,19.782836 49.238522),(19.782836 49.238522,19.783003 49.238441),(19.783003 49.238441,19.783517 49.238248,19.783866 49.238063,19.78406 49.237874,19.784327 49.237623),(19.784327 49.237623,19.784673 49.23753,19.784875 49.237527,19.785076 49.237561,19.785483 49.237657,19.785831 49.237689,19.786245 49.237684,19.786551 49.237628,19.786911 49.237588,19.787175 49.237522,19.788103 49.237224),(19.788103 49.237224,19.788168 49.237081,19.788237 49.236976,19.788262 49.236936,19.7883 49.236881,19.788332 49.236836,19.788358 49.236819,19.788406 49.236737,19.788478 49.236631,19.788535 49.236521))"
Polana Chochołowska – Rakoń,#16A34A,standard,0,0,"MULTILINESTRING((19.758422 49.215987,19.758552 49.215589,19.758637 49.215304,19.758705 49.215098,19.758744 49.215013,19.75882 49.214758),(19.75882 49.214758,19.758841 49.21447,19.758875 49.214294,19.758895 49.214147,19.758973 49.213934,19.759068 49.213621,19.759139 49.21346,19.759207 49.213347,19.759303 49.21312,19.759339 49.212925,19.759389 49.212665,19.759414 49.212506,19.759445 49.212337,19.759503 49.212153,19.759533 49.211918,19.759567 49.211792,19.759589 49.21172,19.759626 49.211657,19.759659 49.211625),(19.783705 49.226915,19.783724 49.226565,19.783697 49.226308,19.783643 49.226048,19.783658 49.225946,19.783727 49.225845,19.783904 49.225701,19.78397 49.225563,19.783912 49.225432,19.783867 49.225355,19.783781 49.225328,19.783561 49.225356,19.783385 49.225298,19.783188 49.225209,19.783074 49.225164,19.782978 49.225139,19.782882 49.225126,19.782744 49.225134,19.782619 49.225105,19.782605 49.225059,19.782629 49.225026,19.782682 49.224959,19.782849 49.22482,19.783015 49.224698,19.783168 49.224601,19.783196 49.224517,19.783198 49.224384,19.783166 49.224238,19.783109 49.224073,19.782985 49.223975,19.782941 49.223883,19.78296 49.223767,19.782944 49.223563,19.782963 49.223332,19.78296 49.223236,19.782904 49.223043,19.782839 49.222901,19.782681 49.222751,19.782515 49.222688,19.782313 49.222658,19.782107 49.222574,19.781959 49.222436,19.781876 49.222366,19.781688 49.222283,19.781361 49.222142,19.781012 49.221944,19.78076 49.221847,19.780532 49.221742,19.779778 49.221268,19.779357 49.22101,19.779242 49.220853,19.779104 49.220711,19.778833 49.220583,19.77851 49.220455,19.778093 49.220265,19.777868 49.220141,19.777416 49.219705,19.776807 49.21943,19.776678 49.219352,19.776527 49.219265,19.776498 49.219136,19.776482 49.219051,19.776446 49.219002,19.776309 49.218898,19.776212 49.218877,19.776068 49.218742,19.775899 49.218624,19.775829 49.218559,19.775824 49.21849,19.7758 49.218457,19.775742 49.218415,19.775661 49.218385,19.775556 49.218311,19.775477 49.218224,19.775379 49.21812,19.775308 49.218018,19.775195 49.217938,19.775137 49.217846,19.775132 49.217711,19.775076 49.217571,19.775041 49.217375,19.774977 49.217246,19.774902 49.217024,19.774858 49.216971,19.774788 49.21688,19.7747 49.216755,19.774387 49.216627,19.774295 49.216533,19.774269 49.216488,19.774159 49.216295,19.774048 49.2162,19.773975 49.216107,19.77383 49.216028,19.77375 49.215955,19.773675 49.21588,19.773655 49.215805,19.773521 49.215681,19.77348 49.215654,19.773402 49.215573,19.773313 49.215468,19.773275 49.21537,19.773178 49.215314,19.772953 49.215241,19.772792 49.215237,19.772672 49.21521,19.772525 49.215203,19.772244 49.21519,19.772082 49.215214,19.771907 49.215162,19.771839 49.215146,19.771753 49.215106,19.77167 49.215091,19.77155 49.215073,19.77141 49.215106,19.771298 49.215123,19.771063 49.215079,19.770942 49.215025,19.770673 49.214896,19.770502 49.214819,19.770211 49.214722,19.77003 49.214716,19.769955 49.214698,19.769906 49.21469,19.769826 49.214702,19.769679 49.214757,19.769664 49.214794,19.769606 49.21481,19.769533 49.214813,19.769492 49.214846,19.76945 49.214856,19.769387 49.214863,19.769306 49.214833,19.769244 49.214853,19.769189 49.214846,19.769145 49.214874,19.769109 49.214933,19.769106 49.215001,19.769032 49.215046,19.768914 49.215123,19.76887 49.215132,19.768825 49.215111,19.768767 49.215109,19.768689 49.215135,19.768632 49.215181,19.768617 49.215233,19.768605 49.215294,19.768581 49.215301,19.768533 49.215267,19.768491 49.215237,19.768407 49.215208,19.76836 49.215171,19.768233 49.21511,19.768186 49.215112,19.768106 49.215144,19.768061 49.215154,19.76799 49.215159,19.767936 49.215166,19.767861 49.215204,19.76781 49.215174,19.767745 49.215124,19.767699 49.215119,19.767661 49.215092,19.767615 49.215057,19.767543 49.215027,19.767423 49.214999,19.767338 49.214951,19.767222 49.214932,19.767128 49.214903,19.767029 49.214851,19.76684 49.214807,19.766634 49.214704,19.766503 49.214606,19.766444 49.214574,19.766365 49.214509,19.766307 49.214476,19.76601 49.214336,19.765898 49.21426,19.765735 49.214174,19.765628 49.214087,19.76546 49.21403,19.765372 49.213937,19.765085 49.21378,19.764953 49.213732,19.764827 49.213705,19.764747 49.213676,19.764605 49.213638,19.764507 49.213595,19.764283 49.213538,19.76417 49.21348,19.764131 49.213437,19.763884 49.213339,19.763503 49.21319,19.763251 49.213109,19.763131 49.213062,19.76289 49.212964,19.76272 49.21288,19.762499 49.212776,19.76225 49.212725,19.761906 49.212627,19.761628 49.212548,19.761301 49.212467,19.761208 49.212398,19.761139 49.212258,19.761096 49.212065,19.761111 49.211971,19.761066 49.21183,19.761071 49.211719,19.76116 49.211556,19.761249 49.211443,19.761304 49.211334,19.761301 49.211299,19.761261 49.211285,19.761111 49.211245,19.76094 49.211207,19.760804 49.211212,19.760669 49.211252,19.76054 49.211302,19.760393 49.211362,19.760315 49.211412,19.760241 49.211487,19.760015 49.211566,19.759845 49.211602,19.759659 49.211625),(19.789226 49.23559,19.789154 49.235552,19.788844 49.235326,19.78876 49.235236,19.788567 49.235037,19.788379 49.234771,19.788252 49.234669,19.787727 49.234328,19.787563 49.234202,19.787334 49.234081,19.787086 49.234009,19.786454 49.233769,19.786184 49.233692,19.785966 49.233559,19.785824 49.233433,19.785554 49.233047,19.785158 49.232651,19.785034 49.23252,19.784907 49.232142,19.784759 49.231925,19.784601 49.231688,19.784478 49.23138,19.784411 49.231234,19.784385 49.230965,19.784361 49.230535,19.784297 49.230091,19.784263 49.229768,19.784257 49.229702,19.784226 49.229303,19.784151 49.229022,19.784113 49.228728,19.784145 49.228101,19.78414 49.227824,19.784097 49.22767,19.783883 49.227458,19.783759 49.227208,19.783692 49.227006,19.783705 49.226915),(19.789311 49.235658,19.789226 49.23559),(19.78963 49.235847,19.789311 49.235658))"
Dolina Kościeliska - Jaskinia Mroźna,#1F2937,standard,989,1179,"MULTILINESTRING((19.867864 49.255963,19.867938 49.255923),(19.867938 49.255923,19.868068 49.255823),(19.868068 49.255823,19.868157 49.255675,19.868211 49.255601,19.868277 49.255561),(19.868277 49.255561,19.868515 49.255482,19.869026 49.255257,19.869249 49.255207,19.869474 49.255161,19.869711 49.255072,19.870072 49.25504,19.870462 49.254906,19.87087 49.254832,19.870969 49.254799,19.87097 49.254747,19.870906 49.254573,19.870893 49.254498,19.870759 49.25454,19.870605 49.254526,19.870547 49.254501,19.870496 49.254417,19.870448 49.254288,19.870459 49.254204,19.87062 49.254134,19.871136 49.253951,19.871134 49.253905,19.870906 49.253757,19.870664 49.253622,19.87055 49.253419,19.870534 49.253171,19.870571 49.253071,19.870909 49.252728,19.871143 49.25244,19.871226 49.252327,19.871151 49.252287,19.870604 49.25226,19.870566 49.252201),(19.870566 49.252201,19.870465 49.252139,19.870286 49.251993,19.870194 49.251947,19.870063 49.25185,19.869902 49.251718,19.869849 49.251588,19.869802 49.251567,19.869783 49.251573,19.869689 49.251558,19.869542 49.251483,19.869484 49.251476,19.869452 49.25145,19.869263 49.251376,19.869232 49.251327,19.869143 49.251245,19.86912 49.251208,19.869146 49.251154,19.869176 49.251151,19.869216 49.251158,19.869246 49.251114,19.869277 49.251102,19.869317 49.251101,19.86931 49.251049,19.869305 49.251017,19.869282 49.250985,19.869181 49.250904,19.86912 49.250807,19.869074 49.250774,19.869049 49.250726,19.86903 49.250715,19.869042 49.25069,19.869035 49.250683,19.869019 49.250682,19.869003 49.250652,19.868998 49.250602,19.868981 49.250568,19.868918 49.250537,19.868859 49.250496,19.8688 49.250489,19.868695 49.250403,19.868673 49.250404,19.868624 49.250389,19.868599 49.250414,19.868545 49.25043,19.868515 49.250423,19.868406 49.250356,19.868398 49.250335,19.868347 49.250308,19.868332 49.250254,19.868369 49.250249,19.868384 49.250219,19.868331 49.250179,19.868279 49.250097,19.868271 49.250056,19.868221 49.250011,19.868205 49.249976,19.868197 49.24994,19.868178 49.249924,19.868143 49.24992),(19.868143 49.24992,19.86819 49.249883,19.86817 49.249784,19.868089 49.249665,19.868014 49.249503,19.867853 49.249515,19.867655 49.249666),(19.867655 49.249666,19.867566 49.249692,19.867369 49.249778,19.86716 49.249793,19.867238 49.249726,19.86716 49.249638,19.866738 49.249452,19.866713 49.249405),(19.866713 49.249405,19.86667 49.249422,19.866621 49.249387,19.866559 49.249407,19.866449 49.249374,19.866411 49.249342,19.866309 49.249271,19.866269 49.24918,19.866266 49.249039,19.866197 49.248923,19.86628 49.248746,19.866242 49.248741,19.866123 49.248764,19.8661 49.24861,19.866111 49.248501,19.866075 49.248485,19.865719 49.24858,19.865583 49.248599,19.865572 49.248581,19.865623 49.248478,19.86563 49.248432,19.865589 49.248405,19.865491 49.248351))"
Dolina Kościeliska - Jaskinia Raptawicka,#1F2937,standard,0,0,"MULTILINESTRING((19.863816 49.239461,19.86376 49.239459),(19.86376 49.239459,19.863636 49.239427,19.863552 49.239424,19.863538 49.239433,19.863533 49.239447,19.863545 49.239466,19.863621 49.239505,19.863636 49.239531,19.863596 49.23964,19.863565 49.239781,19.863532 49.239818,19.863511 49.23983,19.86345 49.239829,19.863397 49.239782,19.863335 49.239738,19.863225 49.239693,19.863155 49.239682,19.863111 49.23963,19.863083 49.239593,19.863051 49.239585,19.863018 49.23964,19.863005 49.2397,19.863015 49.239755,19.862976 49.239793,19.862953 49.23979,19.862932 49.239738,19.862908 49.239707,19.862837 49.23967,19.862803 49.239654,19.862758 49.23965),(19.862758 49.23965,19.862732 49.239723,19.862679 49.239751,19.86268 49.23978,19.862651 49.239807,19.86263 49.239835,19.862603 49.239855,19.862556 49.239844,19.862452 49.239775,19.862373 49.23972,19.862338 49.239712,19.862306 49.239711,19.862208 49.239728,19.86208 49.239702),(19.86208 49.239702,19.862084 49.239815))"
Iwaniacka Przełęcz - Gaborowa Przełęcz Wyżnia,#16A34A,standard,0,0,"MULTILINESTRING((19.836418 49.232149,19.836328 49.232056,19.83625 49.231951,19.836204 49.231846,19.836202 49.231692,19.836239 49.231487,19.836295 49.231154,19.836277 49.230613,19.836207 49.230448,19.836159 49.230353,19.836135 49.230243,19.836097 49.230163,19.836066 49.230032,19.836108 49.229958,19.836117 49.229855,19.836107 49.229788,19.836047 49.229753,19.835966 49.229686,19.835841 49.229469,19.835791 49.229122,19.835809 49.229074,19.835793 49.228791,19.835764 49.228602,19.835727 49.228495,19.835778 49.228281,19.835775 49.228222,19.835735 49.228214,19.835612 49.228223,19.835528 49.228236,19.835341 49.228274,19.835271 49.228313,19.835118 49.228354,19.834965 49.228344,19.83492 49.228301,19.834871 49.228299,19.834788 49.228322,19.834657 49.22833,19.834608 49.228302,19.834568 49.228189,19.8346 49.228092,19.834598 49.22797,19.834622 49.22791,19.834612 49.227796,19.834602 49.227732,19.834578 49.227712,19.834512 49.227731,19.834461 49.22773,19.834442 49.227716,19.834459 49.227644,19.834512 49.227556,19.834641 49.227455,19.834737 49.22733,19.83481 49.227268,19.83489 49.227066,19.834941 49.226978,19.834944 49.226885,19.835107 49.226768,19.835188 49.226668,19.835224 49.226626,19.835249 49.226558,19.835256 49.226386,19.835217 49.226295,19.835252 49.226209,19.835268 49.226171,19.835244 49.22615,19.834952 49.226079,19.834764 49.225991,19.834584 49.225971,19.834481 49.225948,19.834436 49.225933,19.834088 49.225801,19.833906 49.225694,19.833773 49.225674,19.833416 49.225539,19.833283 49.225437,19.833243 49.225274,19.833123 49.224993,19.833064 49.22493,19.832971 49.224865,19.832809 49.2248,19.832696 49.224711,19.83265 49.224655,19.83266 49.224625,19.832688 49.224596,19.832732 49.224583,19.832773 49.224542,19.832849 49.224513,19.832868 49.224479,19.832864 49.224443,19.832841 49.224406,19.832793 49.224378,19.832739 49.224357,19.832709 49.22433,19.832559 49.223934,19.832516 49.223797,19.832578 49.223711,19.832701 49.223643,19.832797 49.223574,19.832892 49.223375,19.832932 49.223183,19.832943 49.22307,19.83313 49.222942,19.833178 49.22292,19.83324 49.222906,19.833406 49.222769,19.833489 49.222697,19.83355 49.222628,19.83363 49.222581,19.833634 49.22254,19.833605 49.222487,19.833601 49.222332,19.833682 49.222053,19.833687 49.221992,19.833664 49.221933,19.833621 49.221891,19.833607 49.221838,19.833613 49.221797,19.833608 49.221734,19.833559 49.221641,19.833522 49.22146,19.833515 49.221412,19.833513 49.221339,19.833506 49.22126,19.833505 49.221205,19.833533 49.220861,19.833558 49.220446,19.833545 49.220377,19.833544 49.220247,19.833529 49.220138,19.833549 49.220098,19.833541 49.220067,19.833531 49.220018,19.833503 49.219954,19.833452 49.21984,19.833426 49.219753,19.83343 49.219693,19.83342 49.21963,19.833373 49.219586),(19.833373 49.219586,19.833305 49.219512,19.833266 49.219473,19.833228 49.219415,19.833195 49.219394,19.83316 49.219387,19.833053 49.219241,19.833064 49.219191,19.833026 49.219126,19.833037 49.219083,19.832948 49.219029,19.832936 49.218954,19.832939 49.218944,19.832976 49.218917,19.832969 49.218883,19.832979 49.218837,19.832984 49.218722,19.83303 49.218663,19.83307 49.218554,19.833081 49.218521),(19.831175 49.202665,19.831086 49.202554,19.83099 49.202361,19.830904 49.202328,19.830864 49.202264,19.830841 49.202227,19.830814 49.202195,19.830786 49.202148,19.830789 49.202097,19.830754 49.202046,19.830721 49.202007,19.830702 49.201968,19.83068 49.201929,19.830641 49.201837,19.830599 49.201776,19.830535 49.201732,19.830491 49.201661,19.830462 49.201636,19.830464 49.201607,19.830405 49.201555,19.83033 49.201524,19.830313 49.201502,19.830222 49.201482,19.83011 49.201433,19.830081 49.201387,19.830033 49.201336,19.830014 49.201282,19.829976 49.201191,19.829948 49.201169,19.829933 49.201138,19.829897 49.201123),(19.831175 49.202665,19.8313 49.202615,19.831359 49.202594,19.831371 49.202577,19.831388 49.202565,19.831398 49.202565,19.831411 49.202564,19.831413 49.202574,19.831413 49.202582,19.831416 49.202591,19.831426 49.202595,19.831437 49.202591,19.831446 49.202582,19.831465 49.20257,19.831484 49.202557,19.831497 49.202548,19.83152 49.202551,19.831594 49.2026,19.831604 49.202614,19.831603 49.202657,19.831594 49.202674,19.831595 49.202694,19.8316 49.202713,19.831599 49.202737,19.831596 49.202756,19.831596 49.202778,19.83159 49.202791,19.831561 49.202823,19.831539 49.202906,19.831523 49.202926,19.831506 49.202992,19.831436 49.203082,19.831418 49.203154),(19.834851 49.213638,19.834944 49.213524,19.835038 49.213411,19.835066 49.21337,19.835119 49.213293,19.835192 49.21318,19.835243 49.213097,19.83529 49.213038,19.835326 49.212988,19.835366 49.21294,19.835397 49.212903,19.835421 49.212821,19.835437 49.212753,19.83544 49.212672,19.835475 49.212625,19.835483 49.212548,19.83551 49.21249,19.835536 49.212313,19.835614 49.212199,19.835697 49.212096,19.835769 49.211938,19.83572 49.211883,19.835715 49.211843,19.835705 49.21181,19.83571 49.211714,19.835747 49.211645,19.835794 49.211601,19.835826 49.21157,19.835825 49.211522,19.835849 49.211486,19.835862 49.211451,19.835864 49.211425,19.835866 49.211397,19.835907 49.211354,19.835977 49.211288,19.835997 49.211237,19.835975 49.211156,19.835963 49.211028,19.835967 49.210975,19.835925 49.2109,19.835916 49.210802,19.835915 49.210685,19.835915 49.21058,19.835785 49.210233,19.835777 49.210034,19.83576 49.209962,19.835743 49.20976,19.835687 49.209628,19.835514 49.209257,19.83541 49.209122,19.835355 49.208955,19.835374 49.208871,19.83538 49.208789,19.835351 49.208704,19.835326 49.208614,19.835351 49.208525,19.835347 49.208449,19.835303 49.20829,19.835284 49.208118,19.835251 49.207949,19.835258 49.207756,19.835212 49.207535,19.835134 49.207351,19.834946 49.207088,19.834861 49.207032,19.834757 49.206893,19.834684 49.206799,19.834643 49.206613,19.834516 49.206162,19.834437 49.206013,19.834295 49.205836,19.834146 49.205748,19.834056 49.20561,19.83392 49.205447,19.833749 49.205294,19.833525 49.205145,19.833292 49.205003,19.832933 49.204816,19.832698 49.204668,19.832479 49.204554,19.832416 49.204485,19.832379 49.204411,19.832327 49.204375,19.832239 49.204254,19.832143 49.204184,19.832062 49.204087,19.832017 49.204074,19.831907 49.203953,19.831871 49.20395,19.831798 49.203898,19.831777 49.203828,19.831662 49.203811,19.831619 49.203745,19.831546 49.203636,19.831484 49.203437,19.831453 49.203387,19.831456 49.203232,19.831418 49.203154),(19.834367 49.214731,19.834329 49.21449,19.834332 49.214332,19.834332 49.214278,19.834364 49.214224,19.834439 49.214114,19.834464 49.21403,19.834536 49.213983,19.834657 49.213804,19.834772 49.213718,19.834851 49.213638),(19.833081 49.218521,19.833115 49.218021,19.83307 49.21794,19.833065 49.217821,19.83301 49.217743,19.833023 49.217683,19.832979 49.217546,19.832964 49.217371,19.833088 49.217252,19.833118 49.21713,19.833187 49.217076,19.833239 49.217002,19.833367 49.216898,19.833417 49.216763,19.833512 49.216701,19.833559 49.216601,19.83371 49.216479,19.833824 49.21632,19.834182 49.215952,19.834315 49.215736,19.834366 49.215653,19.834399 49.215555,19.834395 49.21548,19.834405 49.215412,19.834399 49.215307,19.834373 49.21519,19.834379 49.215077,19.83437 49.214929,19.834367 49.214731),(19.833373 49.219586,19.833407 49.219465,19.833388 49.219414,19.83343 49.219309,19.833417 49.219242,19.833328 49.219158,19.833304 49.219105,19.833223 49.218944,19.83323 49.218834,19.83318 49.218722,19.833116 49.218554,19.833081 49.218521))"
Małołączniak - Kondracka Kopa,#DC2626,standard,1885,2070,"MULTILINESTRING((19.919139 49.235954,19.919201 49.235979,19.919293 49.236033,19.919425 49.23609,19.919639 49.236064,19.919801 49.235994,19.919936 49.235915,19.919987 49.235894,19.920025 49.235871,19.920133 49.235843,19.920199 49.235826,19.920246 49.235821,19.920304 49.23582,19.920344 49.235808,19.920373 49.235779,19.920473 49.235704,19.920507 49.235666,19.920528 49.235638,19.920647 49.235411,19.9209 49.235471,19.921192 49.235604,19.921261 49.23564,19.92136 49.235672,19.921536 49.235731,19.92167 49.235711,19.921851 49.235709,19.922055 49.235684,19.922215 49.235678,19.922488 49.235667,19.923036 49.235627,19.923203 49.235642,19.923354 49.235637,19.923438 49.235625,19.923662 49.235599,19.923809 49.235576,19.923948 49.23554,19.924131 49.235497,19.924377 49.235437,19.924491 49.235412,19.924681 49.23536,19.924836 49.235312,19.924917 49.235313,19.925046 49.235307,19.925104 49.235319,19.925199 49.2353,19.92534 49.235275,19.925537 49.235235,19.925625 49.235232,19.925688 49.23524,19.92575 49.235212,19.925864 49.235143,19.925922 49.235139,19.926018 49.235152,19.926104 49.235174,19.926237 49.235164,19.926469 49.235179,19.926599 49.235202,19.926686 49.235205,19.926807 49.235222,19.9269 49.235252,19.927017 49.235236,19.927093 49.235235,19.927181 49.235229,19.927275 49.235233,19.92745 49.23523,19.927642 49.235216,19.927764 49.235217,19.927845 49.235211,19.928014 49.23523,19.928141 49.235226,19.928238 49.235236,19.92832 49.235271,19.928393 49.235292,19.928472 49.235304,19.928585 49.235296,19.928706 49.235289,19.928781 49.235292,19.928852 49.235306,19.929002 49.235346,19.929095 49.235399,19.929242 49.235511,19.929288 49.235517,19.929336 49.235505,19.929379 49.235537,19.929449 49.235585,19.929574 49.23566,19.929669 49.235706,19.929812 49.235759,19.929886 49.235781,19.929958 49.235815,19.930021 49.235853,19.93015 49.235896,19.9302 49.235926,19.930347 49.235975,19.930419 49.236001,19.930522 49.236033,19.930608 49.23608,19.930749 49.236131,19.930799 49.236145,19.930871 49.236182,19.930968 49.236245,19.931078 49.236275,19.931206 49.236307,19.931289 49.236352,19.931348 49.236391,19.931382 49.236427,19.931418 49.236469,19.931527 49.236507,19.931596 49.236494,19.931666 49.236512,19.931743 49.236458,19.931787 49.236438,19.931826 49.236428,19.931916 49.236419,19.932051 49.236459,19.932122 49.236461,19.932171 49.236489,19.932217 49.236504))"
Dolina Kościeliska - Jaskinia Mylna,#DC2626,standard,0,0,"MULTILINESTRING((19.863037 49.240597,19.863 49.240711,19.86301 49.240773,19.863061 49.240749,19.863116 49.240713,19.863147 49.240702,19.863157 49.240722,19.863161 49.240759,19.863181 49.240779,19.863217 49.240801,19.863226 49.240859,19.863208 49.24092,19.863023 49.240972,19.86295 49.241042,19.862936 49.24108,19.862922 49.241094,19.862837 49.241171,19.862849 49.241217,19.862899 49.241223,19.862946 49.241214,19.863054 49.24116,19.863129 49.241137,19.863214 49.241137,19.863263 49.241123,19.86336 49.2411,19.863361 49.241115,19.863346 49.241163,19.863382 49.241174,19.863826 49.241029,19.863858 49.240981,19.863861 49.24095,19.863861 49.240891,19.863916 49.240839,19.863948 49.240829,19.863989 49.240825,19.864059 49.240775,19.864047 49.240727,19.864074 49.240682,19.864154 49.240613,19.864192 49.240603,19.864172 49.24065,19.864203 49.240638,19.864264 49.240569,19.86429 49.240537,19.864321 49.240524,19.864408 49.240518),(19.862992 49.240558,19.863037 49.240597),(19.862589 49.240428,19.862711 49.240474,19.862727 49.240475,19.862797 49.240467,19.862852 49.240468,19.862919 49.240516,19.862936 49.240529,19.862992 49.240558),(19.86234 49.240296,19.862431 49.240357,19.86254 49.240432,19.862589 49.240428),(19.861516 49.239569,19.861588 49.239623,19.861587 49.239643,19.861649 49.239692,19.861641 49.23972,19.86166 49.239784,19.86168 49.239796,19.861743 49.239835,19.861861 49.239873,19.861956 49.239889,19.862019 49.23991,19.862159 49.240002,19.862206 49.24004,19.862298 49.240162,19.862374 49.240262,19.862362 49.240274,19.86234 49.240296),(19.861707 49.239488,19.861659 49.239511,19.861571 49.239533,19.861527 49.239535,19.861516 49.239569),(19.861707 49.239488,19.861659 49.23945,19.861461 49.239376,19.861321 49.239337,19.86122 49.239233,19.861168 49.239201,19.861151 49.239191,19.861121 49.239173),(19.8618 49.239449,19.861707 49.239488),(19.8618 49.239449,19.861803 49.239476,19.861864 49.239552,19.861921 49.239609,19.861989 49.239677),(19.862002 49.239363,19.861967 49.239342,19.86189 49.239319,19.86186 49.239271,19.861853 49.239237,19.861849 49.239225,19.861754 49.239239,19.86185 49.239343,19.861859 49.239383,19.861889 49.239413,19.8618 49.239449),(19.862758 49.23965,19.862661 49.239609,19.862612 49.239594,19.862571 49.239577,19.86252 49.239566,19.862471 49.239554,19.862434 49.239549,19.862412 49.239538,19.862369 49.239535,19.862346 49.239519,19.862326 49.239491,19.862284 49.239466,19.862213 49.239439,19.862165 49.239403,19.862108 49.239393,19.862049 49.239367,19.862002 49.239363),(19.86376 49.239459,19.863636 49.239427,19.863552 49.239424,19.863538 49.239433,19.863533 49.239447,19.863545 49.239466,19.863621 49.239505,19.863636 49.239531,19.863596 49.23964,19.863565 49.239781,19.863532 49.239818,19.863511 49.23983,19.86345 49.239829,19.863397 49.239782,19.863335 49.239738,19.863225 49.239693,19.863155 49.239682,19.863111 49.23963,19.863083 49.239593,19.863051 49.239585,19.863018 49.23964,19.863005 49.2397,19.863015 49.239755,19.862976 49.239793,19.862953 49.23979,19.862932 49.239738,19.862908 49.239707,19.862837 49.23967,19.862803 49.239654,19.862758 49.23965),(19.863816 49.239461,19.86376 49.239459))"
Lodowe Źródło - Stoły,#2563EB,standard,989,1320,"MULTILINESTRING((19.867438 49.255453,19.867323 49.255441,19.867028 49.255356,19.866674 49.255317,19.866232 49.255256,19.865778 49.255206,19.865623 49.255156,19.865475 49.255088,19.86463 49.254918,19.864413 49.254848,19.864142 49.25481,19.863485 49.25476,19.863206 49.25476,19.862933 49.254741,19.862785 49.254736,19.862616 49.254746,19.862491 49.254732,19.862297 49.254727,19.862224 49.254714),(19.862224 49.254714,19.862091 49.25464),(19.862091 49.25464,19.862031 49.254545),(19.862031 49.254545,19.861937 49.254459),(19.861937 49.254459,19.861817 49.254373,19.861806 49.25434,19.86183 49.254307),(19.86183 49.254307,19.8619 49.254291),(19.8619 49.254291,19.862013 49.254237,19.862195 49.254209,19.862407 49.254146,19.862722 49.254022,19.862777 49.253979,19.862823 49.253901,19.862833 49.253841,19.862823 49.253811,19.862772 49.253799,19.862696 49.253794,19.862503 49.253808,19.862318 49.253803,19.862233 49.25378,19.862224 49.253745,19.862302 49.253689,19.862361 49.253629,19.862364 49.253556,19.862318 49.253451,19.862321 49.253349,19.862533 49.253122,19.862638 49.253079,19.862755 49.253052,19.862867 49.252963,19.862951 49.252873,19.862973 49.252789,19.862959 49.252668,19.862989 49.252582,19.86297 49.252497,19.862935 49.252376,19.862852 49.25225,19.862696 49.252134,19.862632 49.252064,19.86256 49.252024,19.862485 49.252017,19.862415 49.25202,19.862274 49.252031,19.862157 49.252082,19.862037 49.252166,19.861779 49.252418,19.861645 49.2525,19.861508 49.252544,19.861418 49.252562,19.861221 49.252553,19.86102 49.252514,19.860768 49.252432,19.860696 49.252397,19.860712 49.252369,19.860813 49.252285,19.860889 49.252147,19.860891 49.252062,19.860859 49.252043,19.860744 49.252055,19.860653 49.252094,19.860454 49.252113,19.860379 49.252105,19.860355 49.252085,19.860378 49.252025,19.860451 49.251817,19.860441 49.251705,19.860462 49.251556,19.860468 49.251448,19.860494 49.251394,19.8605 49.251341,19.86046 49.25129,19.860419 49.251243,19.860371 49.251128,19.860306 49.251097,19.86006 49.251096,19.859914 49.251067,19.859656 49.251095,19.859471 49.251084,19.859407 49.251099,19.859244 49.25108,19.859163 49.251049,19.859125 49.251051,19.858968 49.251105,19.858814 49.251184,19.858713 49.251185,19.858617 49.251169,19.858502 49.251157,19.858473 49.25114,19.858459 49.251128,19.858463 49.251096,19.858436 49.251063,19.85837 49.251048,19.858308 49.251008,19.858313 49.250955,19.858278 49.250946,19.858192 49.250951,19.858149 49.250917,19.85805 49.250903,19.857926 49.250868,19.857861 49.250809,19.857836 49.250716,19.857813 49.250611,19.857788 49.250519,19.857753 49.25047,19.857692 49.250358,19.857638 49.250134,19.857615 49.250095,19.857552 49.250042,19.857531 49.24997,19.857434 49.249828,19.857326 49.249745,19.857242 49.249634,19.857172 49.249589,19.857059 49.249546,19.856918 49.249547,19.856792 49.249508,19.856678 49.249453,19.856605 49.249452))"
Czerwona Przełęcz - Sarnia Skała,#1F2937,standard,0,0,"MULTILINESTRING((19.942078 49.264683,19.942156 49.264699,19.942208 49.264721,19.94225 49.264738,19.942299 49.26477,19.942329 49.264803,19.942386 49.264835,19.942449 49.264844,19.942516 49.264826,19.942548 49.264792,19.942537 49.264731,19.942546 49.264705,19.942556 49.264676,19.942541 49.26465,19.942524 49.264601,19.942521 49.264584,19.942535 49.264559,19.94255 49.264531,19.942547 49.264513,19.942516 49.264472,19.942492 49.264439,19.942479 49.264378,19.942466 49.264325,19.942469 49.264292,19.942479 49.264271,19.94249 49.264194,19.942495 49.264146,19.942506 49.264105,19.942493 49.264041,19.942524 49.26399,19.942547 49.263955,19.942571 49.263914,19.942597 49.263865,19.942673 49.263813,19.94272 49.263785,19.942757 49.263746,19.942754 49.2637,19.942695 49.263583,19.942706 49.263511,19.942692 49.263383,19.942709 49.263314,19.942671 49.263245,19.942627 49.263228,19.942539 49.263158,19.94257 49.263121,19.94258 49.263109,19.942565 49.263014,19.942554 49.262804))"
Kozi Wierch - Żleb Kulczyńskiego,#DC2626,standard,0,0,"MULTILINESTRING((20.028705 49.218317,20.029055 49.218363,20.029212 49.218366,20.02938 49.218338,20.029558 49.218269,20.029597 49.218173,20.029553 49.218111,20.029551 49.21808,20.029578 49.218057,20.029644 49.218032,20.029743 49.218026,20.029903 49.218033,20.030167 49.218058,20.03036 49.218064,20.030481 49.218051,20.03057 49.218018),(20.03057 49.218018,20.03062 49.218055,20.030961 49.218258,20.031082 49.21829,20.031251 49.218274,20.031415 49.21833,20.031476 49.218362,20.031579 49.218378,20.031767 49.218418,20.031927 49.218469,20.032018 49.218539,20.032121 49.218646,20.032265 49.218848,20.032404 49.218853,20.032493 49.218906,20.032478 49.218956,20.032594 49.219126,20.032872 49.219196,20.033002 49.219334,20.033085 49.219437,20.033465 49.219702,20.033408 49.219878,20.03343 49.21998,20.033828 49.220198,20.033925 49.220318,20.033898 49.22041),(20.033898 49.22041,20.033848 49.220452,20.033917 49.220555,20.033897 49.220585,20.033781 49.220634,20.033618 49.220644,20.033337 49.220705,20.033099 49.220773,20.03282 49.220894))"
Żleb Kulczyńskiego - Skrajny Granat,#DC2626,standard,0,0,"MULTILINESTRING((20.03282 49.220894,20.032706 49.221041,20.032652 49.221131,20.032654 49.221204,20.032656 49.221383,20.032754 49.221507,20.032768 49.221653,20.032781 49.221735),(20.032781 49.221735,20.032883 49.22183,20.032915 49.221914,20.032883 49.222033,20.03285 49.222117,20.033023 49.222363,20.03306 49.222492,20.032903 49.222813,20.032872 49.222909,20.032822 49.223005,20.032787 49.223207,20.032861 49.223263,20.032915 49.223622,20.032973 49.223731,20.032609 49.224029,20.032633 49.22414,20.032459 49.224431,20.032512 49.224556,20.03247 49.224908,20.032644 49.225161,20.032675 49.225371,20.03259 49.225462,20.032787 49.225724,20.032815 49.225942,20.032977 49.226096,20.033039 49.226334,20.033023 49.226414,20.033167 49.226528,20.033167 49.2267,20.033236 49.226753,20.033232 49.226958),(20.033232 49.226958,20.033476 49.227044))"
Hala Kondratowa - Przełęcz pod Kopą Kondracką,#16A34A,standard,1345,1861,"MULTILINESTRING((19.951727 49.249647,19.951723 49.249556,19.951717 49.249458,19.951689 49.249393,19.951683 49.249344,19.951672 49.249204,19.951623 49.249101,19.951545 49.249031,19.951452 49.248964,19.951248 49.248845,19.950973 49.248685,19.950871 49.248609,19.950744 49.248523,19.950589 49.24843,19.950471 49.248346,19.950259 49.248214,19.950116 49.248109,19.949998 49.248011,19.949953 49.247962,19.949882 49.2479),(19.949882 49.2479,19.949787 49.247814,19.949617 49.247702,19.949395 49.247531,19.949261 49.247435,19.949148 49.247344,19.948968 49.247197,19.948794 49.247046,19.948688 49.246974,19.948576 49.246891,19.948413 49.246764,19.948125 49.246559,19.947757 49.246344,19.947715 49.246308,19.947512 49.246151,19.947432 49.246071,19.947353 49.246003,19.947299 49.245965,19.947193 49.245845,19.947138 49.245767,19.947112 49.245706,19.946874 49.245416,19.946783 49.24532,19.946693 49.245236,19.946636 49.245161,19.946509 49.245052,19.946476 49.244995,19.946416 49.244941,19.946364 49.244885,19.946282 49.244812,19.94617 49.244683,19.946109 49.244633,19.946039 49.244577,19.945992 49.244522,19.94595 49.244445,19.945922 49.244374,19.945911 49.244334,19.945912 49.244294,19.945912 49.244238,19.945871 49.244118,19.945836 49.244043,19.945804 49.243995,19.945754 49.243939,19.94572 49.243864,19.945705 49.24383,19.945663 49.243787,19.945612 49.243738,19.945593 49.243699,19.945567 49.24367,19.945537 49.243629,19.945518 49.243592,19.945463 49.243534,19.945421 49.243509,19.945368 49.243458,19.945333 49.243416,19.945313 49.243371,19.945297 49.24335,19.945267 49.243328,19.945217 49.243302,19.945123 49.243249,19.945075 49.243203,19.945044 49.243161,19.944998 49.243074,19.944929 49.242977,19.944807 49.242876,19.944736 49.242831,19.944723 49.242792,19.944699 49.242766,19.944617 49.242717,19.944603 49.242696,19.944574 49.242666,19.9445 49.242621,19.944465 49.242577,19.944414 49.242529,19.944382 49.242484,19.944352 49.24243,19.94431 49.242392,19.944244 49.242347,19.944166 49.242274,19.944108 49.242211,19.944046 49.242164,19.944005 49.242112,19.943989 49.242072,19.943953 49.242049,19.943944 49.242022,19.943941 49.241996,19.943916 49.24198,19.943904 49.241967,19.9439 49.241925,19.943901 49.241843,19.943882 49.241801,19.943808 49.241736,19.9438 49.241684,19.94381 49.24166,19.943888 49.241655,19.943992 49.241674,19.944112 49.241678,19.94427 49.241672,19.944219 49.241519,19.944215 49.241484,19.944236 49.241458,19.94425 49.241414,19.944245 49.241376,19.944223 49.241339,19.944208 49.241292,19.944184 49.241255,19.944156 49.241219,19.944123 49.241172,19.944121 49.241146,19.944164 49.241116,19.944164 49.241093,19.944098 49.24099,19.944036 49.240923,19.943993 49.240853,19.943945 49.240799,19.943891 49.240754,19.943828 49.240698,19.943812 49.240679,19.943805 49.240656,19.943772 49.240622,19.943711 49.240585,19.943694 49.240561,19.943674 49.240522,19.94367 49.240469,19.943684 49.240426,19.943714 49.240377,19.943786 49.240311,19.943791 49.240297,19.943726 49.240228,19.94374 49.240163,19.943738 49.240093,19.943686 49.240038,19.943627 49.240028,19.943579 49.239993,19.943538 49.23993,19.943481 49.239838,19.94344 49.239722,19.943414 49.239669,19.943322 49.239563,19.94328 49.239504,19.943223 49.239428,19.943173 49.239349,19.943154 49.239328,19.943138 49.239258,19.943091 49.239154,19.94303 49.239067,19.942982 49.238948,19.942923 49.238804,19.942809 49.238651,19.942751 49.238614,19.94271 49.238554,19.942679 49.238518,19.942614 49.238487,19.942544 49.238435,19.942492 49.238415,19.942329 49.238382,19.94218 49.238346,19.942117 49.238335,19.941978 49.238353,19.941901 49.238345,19.941844 49.238317,19.94181 49.238281,19.941787 49.238244,19.9418 49.238205,19.941835 49.238174,19.941835 49.238135,19.941821 49.238065,19.941766 49.237957,19.941726 49.237909,19.941685 49.237877,19.941654 49.237863,19.941598 49.237835,19.941525 49.237826,19.941472 49.237803,19.941402 49.237753,19.941323 49.237699,19.941253 49.237648,19.941149 49.237618,19.941066 49.237596,19.941006 49.237567,19.940957 49.237532,19.940956 49.237518,19.940981 49.237497,19.940983 49.237462,19.940963 49.23744,19.940948 49.237425,19.940939 49.237407,19.940925 49.237369,19.940886 49.237341,19.940789 49.237318,19.940749 49.237288,19.940724 49.237256,19.940709 49.237208,19.940696 49.237159,19.940681 49.237063,19.940586 49.236991,19.940481 49.236913,19.940422 49.236892,19.940333 49.236899,19.940298 49.236882,19.940257 49.236806,19.940238 49.236763,19.940226 49.236696,19.940176 49.236661,19.940172 49.236625,19.940184 49.236599,19.940163 49.236585,19.940101 49.236567,19.940089 49.236545,19.940123 49.236516,19.940086 49.236499,19.940017 49.236469,19.940002 49.236436,19.940014 49.236414,19.94002 49.236405,19.940053 49.236392,19.940116 49.236369,19.940155 49.236326,19.940217 49.236283,19.940221 49.236256,19.940205 49.236239,19.940167 49.236235,19.940115 49.236245,19.940051 49.236233,19.940038 49.23622,19.940039 49.236203,19.940104 49.236143,19.940112 49.236124,19.940109 49.236107,19.940075 49.236096,19.940001 49.236083,19.939972 49.236064,19.939974 49.236042,19.940011 49.236016,19.940036 49.235999,19.940033 49.235971,19.939938 49.23594,19.939885 49.235915,19.939877 49.2359,19.93989 49.235887,19.939989 49.23584,19.94001 49.235815,19.939985 49.235794,19.939887 49.235763,19.939881 49.235751,19.939888 49.235736,19.940007 49.235686,19.940023 49.235654,19.939963 49.23561,19.939898 49.235595,19.939876 49.235585,19.939874 49.235558,19.940006 49.235485,19.939988 49.235465,19.939944 49.235457,19.939893 49.235434,19.939825 49.235402,19.939789 49.235385,19.939532 49.235386,19.939291 49.235357,19.939242 49.235343,19.939252 49.235321,19.939371 49.23521,19.939333 49.235191,19.939133 49.235184,19.938937 49.235195,19.938828 49.235206,19.938785 49.2352,19.938782 49.23516,19.938856 49.235062,19.938942 49.234947,19.93897 49.234919,19.938957 49.234902,19.938936 49.2349,19.93872 49.234911,19.93871 49.2349,19.938765 49.234823,19.93876 49.234798,19.938706 49.2348,19.938685 49.23479,19.938675 49.234766,19.93875 49.234697,19.938886 49.234572,19.93883 49.234524,19.93881 49.234499,19.9388 49.234471))"
Klasztor Albertynek - Klasztor Albertynów,#EAB308,standard,1120,1198,"MULTILINESTRING((19.97183 49.265389,19.97186 49.265504,19.971871 49.265546,19.97185 49.265633,19.971815 49.265777,19.971733 49.265859,19.971565 49.265912,19.971366 49.265905,19.971173 49.265882,19.970866 49.26593,19.970718 49.265977,19.970631 49.266008,19.970567 49.266029,19.970524 49.266052),(19.970524 49.266052,19.970506 49.266077),(19.970506 49.266077,19.970503 49.266096,19.970507 49.266128,19.970523 49.266166,19.971315 49.266788,19.971636 49.26693,19.971825 49.266996),(19.971825 49.266996,19.971923 49.267018),(19.971923 49.267018,19.97217 49.267072,19.972307 49.267112,19.972492 49.267145,19.972631 49.267146,19.972712 49.267135,19.972784 49.267114,19.972884 49.267078),(19.972884 49.267078,19.972937 49.267032),(19.972937 49.267032,19.973362 49.26664,19.973797 49.266325,19.974618 49.265828,19.974718 49.265701,19.974764 49.26564,19.974787 49.265565,19.974793 49.265501,19.974783 49.265434,19.974761 49.265357,19.974724 49.265289,19.974635 49.265135,19.974495 49.264865,19.974389 49.26456,19.974454 49.264519,19.974494 49.264497))"
Skrajny Granat - Krzyżne,#DC2626,standard,1998,2118,"MULTILINESTRING((20.033476 49.227044,20.033804 49.226899,20.033977 49.226973,20.034018 49.227172,20.034222 49.227256,20.034512 49.227109,20.034716 49.227242,20.034855 49.227144,20.034984 49.227277,20.035123 49.2272,20.035273 49.227242,20.03552 49.227211,20.035746 49.227204,20.035887 49.227246,20.036053 49.227243,20.036185 49.227305,20.036261 49.227382,20.036458 49.2274,20.037032 49.22751,20.037217 49.227463,20.037288 49.227412,20.037349 49.227431,20.037526 49.227395,20.037604 49.227382,20.03766 49.227323,20.03778 49.227337,20.03792 49.227358,20.038129 49.227316,20.038242 49.227337,20.038393 49.227288,20.038465 49.227302,20.038586 49.227256,20.038687 49.227232,20.038848 49.227222,20.039002 49.22719),(20.039002 49.22719,20.039256 49.226983,20.039552 49.226836,20.039701 49.22685,20.039871 49.226824,20.040069 49.2267,20.040275 49.22663,20.040548 49.226482,20.040688 49.226398,20.040768 49.226297,20.040903 49.226213,20.041004 49.226171,20.041096 49.226223,20.041224 49.226346,20.041335 49.226396,20.041413 49.226391,20.041519 49.226363,20.041594 49.226348,20.041647 49.226374,20.041678 49.226428,20.041791 49.226416,20.041782 49.226455,20.041826 49.22645,20.04185 49.226431,20.041955 49.226433,20.041963 49.226475,20.042022 49.226487,20.042088 49.226498,20.042166 49.226549,20.042193 49.226602,20.042284 49.226666,20.042388 49.226721,20.042485 49.226941,20.042584 49.22705,20.04267 49.227083,20.042756 49.227099,20.04282 49.227137,20.042942 49.227209,20.042987 49.227228,20.043193 49.227386,20.043301 49.22743,20.043301 49.227454,20.043379 49.227486,20.043465 49.227522,20.043696 49.227507,20.043717 49.227535,20.043822 49.227517,20.043872 49.227498,20.044009 49.227518,20.044137 49.227509,20.044247 49.227463,20.044317 49.227416,20.0444 49.227383,20.044497 49.227356,20.044534 49.227293,20.04462 49.22729,20.044695 49.227293,20.044797 49.227328,20.044872 49.227393,20.044963 49.227476,20.045002 49.227481,20.045115 49.227573,20.045186 49.227593,20.045287 49.227689,20.045303 49.227722,20.045369 49.227785,20.045414 49.227849,20.045494 49.227882,20.045518 49.227911,20.045655 49.227938,20.04586 49.228025,20.04604 49.228136,20.046158 49.228177,20.046292 49.228177,20.046426 49.228211,20.046522 49.228288,20.046618 49.228334,20.046681 49.228355,20.046693 49.228433,20.046781 49.22853,20.046871 49.228547,20.046994 49.228571,20.047278 49.228652))"
Nędzówka - Przysłop Miętusi,#DC2626,standard,954,1263,"MULTILINESTRING((19.893428 49.262219,19.893412 49.262311,19.893396 49.262379,19.893388 49.262454,19.893367 49.262548,19.893336 49.26262,19.893353 49.262671,19.89335 49.262737,19.893331 49.262802,19.893355 49.262937,19.893367 49.263001,19.893378 49.263067,19.893368 49.263184,19.893357 49.263263,19.893372 49.263333,19.893353 49.263391,19.893358 49.263463,19.893389 49.263539,19.893396 49.263576,19.893406 49.263636,19.893371 49.26368,19.893319 49.263711,19.893244 49.263702,19.893158 49.263664,19.893068 49.26364,19.89298 49.263603,19.892595 49.263503,19.892342 49.263424,19.892263 49.263411,19.892195 49.263423,19.89215 49.263446,19.892122 49.263487,19.892115 49.263546,19.892118 49.263588,19.892141 49.263607,19.892145 49.263638,19.89215 49.26367,19.892203 49.263753,19.892225 49.263834,19.892238 49.26393,19.892213 49.264013,19.892141 49.264088,19.892039 49.264153,19.891886 49.264229,19.891689 49.264351,19.891413 49.264531,19.891369 49.264605,19.891261 49.264678,19.891143 49.264787,19.890829 49.265038,19.890506 49.265352,19.890437 49.265456,19.8903 49.265659,19.890127 49.265875,19.890031 49.265981,19.889886 49.266037,19.889771 49.266069,19.889416 49.266229,19.889271 49.266299,19.888961 49.266406,19.888796 49.266479,19.888743 49.266479,19.888647 49.266451,19.88852 49.266431,19.888359 49.266373,19.888008 49.26616,19.887859 49.266099,19.88768 49.266017,19.887535 49.266017,19.887503 49.265995,19.887388 49.265899,19.887203 49.265797,19.887132 49.265737,19.887053 49.265654,19.887006 49.26563,19.886759 49.265624,19.886658 49.265605,19.886555 49.265579,19.886485 49.265582,19.886345 49.265613,19.886223 49.265611,19.886104 49.265589,19.885985 49.26556,19.885843 49.265554,19.885794 49.265559,19.885648 49.265627,19.885625 49.26566,19.885539 49.265676,19.885486 49.265739,19.885278 49.265864,19.885195 49.265944,19.88512 49.266061,19.884961 49.266217,19.884817 49.266333,19.88442 49.266457,19.884101 49.266624,19.883796 49.266762,19.883381 49.266956,19.883205 49.266996,19.883012 49.266999,19.882844 49.266987,19.882742 49.267022,19.882694 49.267074,19.882698 49.267203,19.882708 49.267323,19.882695 49.267402,19.882601 49.267481,19.882266 49.26761,19.882151 49.267654,19.882041 49.267723,19.88198 49.267835,19.881958 49.267981,19.881988 49.268085,19.882108 49.268174,19.882277 49.268279,19.882553 49.268354,19.882623 49.268407,19.882583 49.268518,19.882569 49.268621,19.882584 49.268828,19.882554 49.268931,19.882311 49.26904,19.88161 49.269101,19.881173 49.269219,19.880815 49.269302,19.88021 49.269455,19.880029 49.269519,19.8799 49.269606,19.879798 49.269716,19.879734 49.269845,19.879743 49.269944,19.879818 49.270273,19.880352 49.271181,19.880405 49.271319,19.880501 49.271938,19.880636 49.272092,19.880716 49.272204,19.880774 49.272404,19.880894 49.272587,19.881067 49.27272,19.881142 49.272808,19.881216 49.27284),(19.881216 49.27284,19.881188 49.27291),(19.881188 49.27291,19.881273 49.272955,19.881437 49.27306,19.881539 49.273141,19.881689 49.273289,19.881767 49.27344,19.881805 49.273601,19.88179 49.27367),(19.885156 49.273941,19.885364 49.274075,19.885498 49.274194,19.885612 49.274338,19.88567 49.274446,19.885621 49.274588,19.885592 49.274773,19.885608 49.274905,19.885651 49.275179,19.88579 49.275529),(19.88579 49.275529,19.885831 49.275711,19.885849 49.276026),(19.885849 49.276026,19.885887 49.276374,19.885879 49.276685,19.885878 49.276724),(19.885156 49.273941,19.885004 49.273953,19.884801 49.273961,19.884581 49.273953,19.883244 49.273802,19.882462 49.273697,19.882206 49.273657),(19.882206 49.273657,19.882026 49.273648,19.881841 49.273662),(19.881841 49.273662,19.88179 49.27367))"
Przełęcz Nosalowa - Olczyska Polana,#EAB308,standard,1044,1168,"MULTILINESTRING((19.991448 49.272937,19.991521 49.272868,19.991559 49.272782,19.991707 49.27241,19.991841 49.272199,19.992037 49.272014,19.992268 49.271886,19.992509 49.271794,19.992734 49.271742,19.992825 49.271701,19.99294 49.271629,19.993117 49.271331,19.993244 49.271057,19.993468 49.270716,19.993527 49.270488,19.993637 49.270009,19.993752 49.269872,19.993995 49.269596,19.994302 49.269357,19.994445 49.26924,19.994586 49.269154,19.994614 49.269126,19.994637 49.269085,19.994659 49.268891,19.994696 49.268807,19.994798 49.268658,19.994874 49.268596,19.995408 49.26837,19.9957 49.26827,19.99609 49.268181,19.996147 49.26815,19.996441 49.267973,19.996534 49.267936,19.996632 49.267904,19.99667 49.267899,19.996749 49.267908,19.996987 49.267951,19.997108 49.267948,19.99721 49.267935,19.997396 49.26788,19.997475 49.267879,19.997541 49.267868,19.997653 49.267819,19.99783 49.267776,19.998026 49.267696,19.998121 49.267675,19.998171 49.267655,19.998263 49.267595,19.998293 49.26757),(19.998293 49.26757,19.998362 49.267497,19.998482 49.267384,19.998834 49.267165,19.998935 49.267113,19.999117 49.267031,19.999192 49.267001),(19.999192 49.267001,19.999395 49.266922,19.999508 49.266898,19.999652 49.266818,19.999715 49.266809,19.999848 49.26678,19.999955 49.266792,20.000074 49.266788,20.000168 49.266765,20.000229 49.266691,20.000353 49.266662,20.000421 49.266655),(20.000421 49.266655,20.00053 49.26667,20.000586 49.266664,20.000635 49.266644,20.000698 49.266639),(20.000698 49.266639,20.000837 49.266676,20.000979 49.266747,20.001029 49.266788,20.001096 49.266905,20.001396 49.267034,20.001481 49.267063,20.001708 49.26712,20.001741 49.267137,20.001795 49.26725,20.001846 49.267463,20.001772 49.267694,20.001768 49.267787,20.001772 49.267809,20.001799 49.26785,20.00189 49.267943,20.001951 49.268056,20.002002 49.268241,20.002088 49.268376,20.002098 49.268403,20.002057 49.268492,20.002038 49.268553,20.001986 49.268659,20.001977 49.268693,20.001982 49.268722,20.002006 49.268766,20.002093 49.268855,20.002206 49.268961,20.002299 49.269056,20.002426 49.269141,20.002541 49.269196,20.002622 49.269218,20.002768 49.269205))"
Między Ściany - Niżnia Kominiarska Polana,#EAB308,standard,936,1127,"MULTILINESTRING((19.850688 49.254683,19.850865 49.254757,19.852196 49.255271,19.85252 49.255412,19.852957 49.255548,19.853442 49.255737,19.853751 49.255853,19.853982 49.25597,19.854213 49.256071,19.854479 49.256163,19.854824 49.256392,19.854982 49.256585,19.855032 49.256727,19.854941 49.256983),(19.854941 49.256983,19.854862 49.256978),(19.854862 49.256978,19.854664 49.256986,19.854473 49.257048,19.854223 49.257165,19.854116 49.257218,19.854019 49.257265,19.853912 49.257316,19.853878 49.257332,19.853611 49.257479,19.853423 49.257656,19.853272 49.257814,19.853058 49.258111,19.852473 49.258652,19.851948 49.259176,19.851645 49.259408,19.851552 49.25946,19.850406 49.259954,19.849731 49.260361,19.849559 49.26045,19.849273 49.260555,19.848918 49.260709,19.848463 49.260922,19.848057 49.261194,19.846897 49.26177,19.846817 49.2618,19.846766 49.261845,19.846633 49.261977,19.846552 49.262082,19.846454 49.262181,19.846294 49.26233,19.846105 49.262521,19.84604 49.262579,19.845789 49.262732,19.845595 49.262816,19.845255 49.262883,19.844949 49.262929,19.844747 49.262998,19.844597 49.263087,19.844407 49.263327,19.844342 49.26349,19.844329 49.263737,19.84431 49.263919,19.844275 49.264022,19.844235 49.26415,19.844203 49.26426,19.84422 49.264356,19.844251 49.264532,19.844241 49.264704,19.844216 49.264807,19.84416 49.26499,19.844042 49.265179,19.843624 49.265786,19.843369 49.266091,19.843175 49.266432,19.842939 49.266972,19.842741 49.267558,19.842701 49.267885,19.842637 49.268189,19.84239 49.269015,19.842347 49.269468,19.842366 49.269724,19.842373 49.269826,19.84238 49.270044,19.842441 49.270188,19.842525 49.270334,19.842831 49.270691,19.843251 49.270994,19.843659 49.271198,19.843819 49.271307,19.843972 49.271466,19.844432 49.271756,19.844747 49.271954,19.845437 49.27247,19.846236 49.273181,19.846842 49.273736,19.847156 49.274047,19.847349 49.274492,19.84748 49.274705,19.847711 49.274891,19.848078 49.275477,19.84858 49.275827,19.848891 49.276083,19.849312 49.276466,19.849503 49.276789,19.849584 49.276979,19.849678 49.277266,19.849836 49.277548,19.849894 49.277653))"
Hala Ornak - Smreczyński Staw,#1F2937,standard,1111,1243,"MULTILINESTRING((19.859905 49.229677,19.860116 49.229513,19.860186 49.229441,19.860222 49.229349,19.86019 49.229164,19.860063 49.228998,19.859869 49.228851,19.859735 49.228672,19.859682 49.2285,19.859719 49.228366,19.859768 49.228297,19.859912 49.228209,19.860304 49.228083,19.860561 49.227975,19.860725 49.227801,19.860978 49.22771,19.861237 49.227718,19.86185 49.227713,19.862082 49.2278,19.86239 49.227748,19.862868 49.227526,19.863235 49.227337,19.863826 49.22688,19.864177 49.226379,19.864317 49.226158,19.864515 49.226022,19.864884 49.225958,19.865132 49.225784,19.865222 49.225613,19.865513 49.225407,19.865827 49.225214,19.86627 49.225036,19.86649 49.224872,19.866609 49.224654,19.866588 49.224431,19.866481 49.224228,19.866227 49.223624,19.865213 49.222916,19.86508 49.222799,19.864943 49.22269,19.86475 49.222597,19.864583 49.222571,19.864492 49.222495,19.864434 49.22246),(19.859817 49.229726,19.859905 49.229677))"
Droga pod Reglami,#1F2937,standard,0,0,"MULTILINESTRING((19.86881 49.275497,19.868932 49.275474),(19.868932 49.275474,19.869121 49.275442,19.869237 49.275422,19.869653 49.275376,19.869739 49.275366,19.869933 49.275351,19.870202 49.275327,19.870448 49.275314,19.870716 49.275308,19.870991 49.275316),(19.88179 49.27367,19.881558 49.27372,19.881323 49.273768,19.881196 49.273801,19.880736 49.273942,19.880575 49.273969,19.880353 49.273994,19.880143 49.274041,19.879991 49.274089,19.879643 49.274228,19.879298 49.274353,19.878726 49.27444,19.877667 49.274541,19.87755 49.27454,19.877351 49.274513,19.877129 49.274503,19.876973 49.274512,19.876611 49.274573,19.876375 49.274579,19.876086 49.274569,19.875813 49.274557,19.875564 49.274562,19.875233 49.2746,19.874419 49.274775,19.873993 49.274844,19.873777 49.27489,19.873283 49.275031,19.873157 49.275054,19.872415 49.275093,19.872185 49.275118,19.871514 49.275236,19.871355 49.275255,19.871246 49.27525,19.871165 49.275259,19.871125 49.275272,19.870991 49.275316),(19.881841 49.273662,19.88179 49.27367),(19.882206 49.273657,19.882026 49.273648,19.881841 49.273662),(19.885156 49.273941,19.885004 49.273953,19.884801 49.273961,19.884581 49.273953,19.883244 49.273802,19.882462 49.273697,19.882206 49.273657),(19.896038 49.273677,19.895978 49.273673,19.895814 49.273671,19.895691 49.273694,19.895419 49.273819,19.89506 49.273979,19.89438 49.274195,19.894103 49.274302,19.894007 49.274317,19.89377 49.274319,19.893264 49.274214,19.892661 49.274051,19.892255 49.273896,19.892149 49.273864,19.891929 49.273829,19.891513 49.273778,19.891429 49.273759,19.891196 49.273676,19.891035 49.273642,19.890584 49.273593,19.889577 49.273533,19.888721 49.273502,19.888584 49.273517,19.888155 49.27366,19.887945 49.273698,19.887668 49.273771,19.887559 49.273786,19.887217 49.273792,19.886689 49.273841,19.886362 49.273851,19.885779 49.273846,19.88557 49.27387,19.885372 49.273914,19.885156 49.273941),(19.896192 49.273727,19.896038 49.273677),(19.904302 49.278101,19.904254 49.278073,19.90419 49.278054,19.904048 49.278013,19.903671 49.277903,19.90357 49.277887,19.903461 49.277878,19.903234 49.277871,19.902592 49.27786,19.902009 49.277871,19.901852 49.277863,19.90162 49.277832,19.901463 49.277798,19.901259 49.27773,19.901125 49.277628,19.900925 49.277376,19.900874 49.277264,19.900859 49.277146,19.900873 49.276789,19.900867 49.276683,19.900891 49.276586,19.900958 49.276407,19.901028 49.276246,19.901021 49.276167,19.90095 49.276065,19.9009 49.276032,19.900817 49.275995,19.900547 49.275932,19.900413 49.275877,19.900047 49.275683,19.899732 49.27556,19.899448 49.27546,19.898954 49.275256,19.898817 49.275179,19.898685 49.275046,19.898431 49.274749,19.898079 49.274555,19.897733 49.274433,19.896572 49.273904,19.896374 49.273802,19.896192 49.273727),(19.904302 49.278101,19.90444 49.27811),(19.90444 49.27811,19.904463 49.27809,19.904496 49.278056,19.90455 49.277988),(19.90455 49.277988,19.904701 49.277794,19.904802 49.277664),(19.904602 49.276604,19.904619 49.276821,19.904653 49.277034,19.904816 49.277565,19.904802 49.277664),(19.904602 49.276604,19.904812 49.276607),(19.904812 49.276607,19.904821 49.276607,19.904842 49.276607),(19.904842 49.276607,19.905046 49.276602,19.905378 49.276611,19.905775 49.276632,19.905983 49.276643,19.906269 49.27666,19.906671 49.2767,19.906902 49.276735,19.9071 49.276767,19.907392 49.276873,19.907505 49.276919,19.907573 49.27695,19.907674 49.276973,19.907792 49.277017,19.907884 49.277059,19.907961 49.277096,19.908039 49.277136,19.908385 49.277225,19.908711 49.27726,19.909302 49.277354,19.909687 49.277374,19.91008 49.277403,19.910673 49.277442,19.911137 49.277486,19.911431 49.277524,19.911526 49.277536,19.911703 49.277552,19.912022 49.277578,19.912698 49.277538,19.91327 49.277601,19.913543 49.277616,19.913919 49.277675,19.914115 49.277696,19.914385 49.27772,19.914738 49.277716,19.914946 49.277669,19.91503 49.27767),(19.91503 49.27767,19.915058 49.277671),(19.915058 49.277671,19.915112 49.277672,19.915267 49.277708,19.915485 49.277725,19.916193 49.277646,19.916522 49.277672,19.916891 49.277692,19.917175 49.277716,19.917504 49.277744,19.917724 49.277743,19.918051 49.277777,19.918547 49.277757,19.919156 49.277771,19.919426 49.277737,19.919757 49.277719,19.920032 49.27773,19.920224 49.277736),(19.920224 49.277736,19.92068 49.277881,19.921067 49.278002,19.921271 49.278088,19.921469 49.27818,19.921654 49.278229,19.921809 49.278213),(19.921809 49.278213,19.921838 49.278218,19.921924 49.278232),(19.921924 49.278232,19.922102 49.278273,19.922239 49.278319,19.922408 49.27834,19.922604 49.278326,19.922816 49.278275,19.923113 49.278212,19.923457 49.278182,19.924138 49.278198,19.924452 49.278243,19.924755 49.278269,19.925015 49.278254,19.925323 49.278217,19.9255 49.278212,19.925916 49.278321,19.926044 49.278341),(19.926044 49.278341,19.926088 49.278342),(19.926088 49.278342,19.926171 49.27835,19.926353 49.278383,19.926555 49.278393,19.926742 49.278358,19.927118 49.278298,19.927556 49.27821,19.927869 49.278175,19.92807 49.278155,19.928379 49.278151,19.928714 49.278144,19.929062 49.2781,19.929467 49.27807,19.929819 49.278026,19.930484 49.277976,19.931176 49.277906,19.931458 49.277887,19.931817 49.277921,19.932136 49.277951,19.932343 49.277962,19.932464 49.277969,19.932624 49.278,19.932761 49.278033,19.933003 49.278086,19.933767 49.278294,19.934349 49.278345,19.935105 49.278397,19.935486 49.278452,19.935846 49.278501,19.936213 49.278525,19.936473 49.278536,19.936876 49.278579,19.937262 49.278592,19.937686 49.278642,19.938126 49.278714),(19.938126 49.278714,19.938435 49.278728,19.93862 49.278708),(19.93862 49.278708,19.938741 49.278703,19.93887 49.278727,19.939038 49.278768,19.939148 49.27878,19.939296 49.27877,19.939445 49.278733,19.939641 49.278689),(19.939641 49.278689,19.939926 49.278722),(19.939926 49.278722,19.940314 49.278774,19.940651 49.278806,19.941228 49.278891,19.941865 49.27887,19.942259 49.278855,19.942861 49.278855,19.943551 49.278853),(19.943551 49.278853,19.943721 49.278846),(19.943721 49.278846,19.943804 49.27886,19.943902 49.27888,19.944264 49.278925,19.944691 49.278973,19.945303 49.279026,19.945648 49.279013,19.946081 49.278989,19.946797 49.278933,19.947513 49.278881,19.948329 49.278904,19.949082 49.278836,19.949756 49.278826,19.951425 49.278828,19.951679 49.278835),(19.951679 49.278835,19.951758 49.278837,19.95191 49.278842),(19.95191 49.278842,19.952255 49.278855,19.9528 49.278859,19.953457 49.279007,19.953716 49.279018,19.954367 49.278954,19.954748 49.278881,19.954914 49.278868,19.955602 49.278754,19.95631 49.278572,19.956429 49.278518,19.956619 49.278239,19.95667 49.278007,19.956711 49.27792,19.956837 49.277874,19.957019 49.277864,19.95714 49.277887,19.957193 49.277934),(19.957193 49.277934,19.957245 49.278),(19.957245 49.278,19.95725 49.27805,19.957154 49.2782,19.956958 49.278427,19.956952 49.278568,19.957106 49.278831,19.957262 49.279036,19.957598 49.279181,19.958051 49.279378,19.958387 49.279404,19.958445 49.279403,19.959472 49.279393,19.960578 49.279378,19.961826 49.279376,19.962239 49.279363,19.962491 49.279335,19.962595 49.279364,19.962636 49.279497,19.962984 49.280791,19.962987 49.280838,19.962909 49.280852,19.962654 49.280877),(19.962654 49.280877,19.962578 49.280895,19.962564 49.280975,19.964189 49.281531,19.964233 49.281543),(19.964233 49.281543,19.964305 49.28155),(19.964305 49.28155,19.964321 49.281551,19.964351 49.281582))"
Przełęcz w Grzybowcu - Polana Strążyska,#1F2937,standard,0,0,"MULTILINESTRING((19.915968 49.259324,19.91608 49.25938,19.91628 49.259397,19.916378 49.259419,19.916498 49.259413,19.916674 49.259383,19.916768 49.259391,19.916875 49.259386,19.916995 49.259336,19.917046 49.259352,19.917112 49.259423,19.917239 49.259389,19.91728 49.259392,19.9173 49.259409,19.917307 49.259504,19.917281 49.259581,19.917306 49.259683,19.91735 49.259737,19.91743 49.259825,19.917577 49.259889,19.917819 49.259933,19.918061 49.26005,19.918149 49.260117,19.918417 49.260224,19.918588 49.260325,19.918674 49.260413,19.918993 49.260525,19.919297 49.260632,19.91949 49.260653,19.919618 49.260646,19.91976 49.260613,19.91987 49.260575,19.919936 49.26056,19.920075 49.260523),(19.920075 49.260523,19.920208 49.260527,19.920316 49.260497,19.920399 49.26046,19.920482 49.26046,19.920565 49.260458,19.920671 49.26042,19.920702 49.260388,19.920734 49.260306,19.92078 49.260259,19.920858 49.260222,19.921114 49.260278,19.921299 49.26029,19.921397 49.260311,19.921745 49.260418,19.922059 49.26049,19.922413 49.260586,19.92267 49.2606,19.923008 49.260572,19.923408 49.260688,19.923701 49.260755,19.92392 49.260831),(19.92392 49.260831,19.924146 49.260865),(19.924146 49.260865,19.92457 49.260973,19.924787 49.261077,19.92491 49.261129,19.925063 49.261185,19.925289 49.261264,19.925487 49.261339,19.925648 49.261418,19.925869 49.261534,19.925967 49.261587,19.926124 49.261672,19.926251 49.261737,19.926425 49.261805,19.926616 49.261941,19.926807 49.262028,19.926893 49.262102,19.927107 49.262253,19.927456 49.262457,19.927705 49.26255,19.927816 49.262621,19.927968 49.262674,19.928153 49.262704,19.928314 49.262712,19.928504 49.262786,19.928647 49.262858,19.928891 49.262948,19.929087 49.263007,19.929287 49.263082,19.929386 49.2631,19.929474 49.263087,19.929557 49.263069),(19.929557 49.263069,19.929664 49.263039),(19.929664 49.263039,19.929702 49.263028))"
Pod Mnichem - Wrota Chałubińskiego,#DC2626,standard,1743,2021,"MULTILINESTRING((20.054592 49.198358,20.054542 49.198265,20.054517 49.198228,20.054449 49.198181,20.054432 49.198138,20.054437 49.198092,20.054414 49.198024,20.054413 49.197968,20.054372 49.197908,20.054364 49.197882,20.054366 49.197855,20.054319 49.197807,20.05429 49.197785,20.054214 49.19761,20.054129 49.197555,20.054067 49.197487,20.053998 49.197458,20.053885 49.197384,20.053668 49.197307,20.053656 49.197284,20.053624 49.197171,20.053598 49.197145,20.053517 49.19708,20.053339 49.196988,20.053214 49.196922,20.052985 49.196819,20.052624 49.196632,20.051749 49.196078,20.051415 49.195779,20.050959 49.195371,20.050509 49.195132,20.050469 49.195105,20.050432 49.195078,20.050428 49.195058,20.05036 49.195023,20.050304 49.194987,20.05028 49.194966,20.050279 49.194941,20.050265 49.194922,20.050242 49.194903,20.05022 49.194883,20.0502 49.194863,20.050165 49.194843,20.050127 49.194835,20.050089 49.194831,20.050018 49.194818,20.049904 49.19476,20.049867 49.194732,20.049833 49.194699,20.049716 49.194673,20.04961 49.19464,20.049607 49.194629,20.049573 49.194599,20.049452 49.194543,20.049387 49.194526,20.049349 49.194509,20.049329 49.194489,20.049321 49.194463,20.049291 49.194427,20.049201 49.19439,20.049184 49.194378,20.049124 49.194302,20.0491 49.194258,20.049081 49.194241,20.049027 49.194225,20.048994 49.1942,20.048932 49.194147,20.048844 49.194031,20.048855 49.194011,20.048849 49.19399,20.048799 49.193979,20.048727 49.193964,20.048665 49.193962,20.048615 49.193977,20.048597 49.193982,20.048584 49.193981,20.048584 49.193931,20.048579 49.193913,20.048566 49.193901,20.048541 49.193915,20.048505 49.193935,20.048486 49.193951,20.048466 49.193969,20.048445 49.193984,20.048415 49.194,20.048399 49.194015,20.048391 49.194033,20.048372 49.194057,20.048319 49.194058,20.048284 49.194069,20.048234 49.19407,20.048174 49.19408,20.048125 49.194077,20.048039 49.194072,20.047956 49.194068,20.047846 49.194056,20.047765 49.194054,20.047697 49.19403,20.047672 49.194015,20.047636 49.194005,20.047541 49.193972,20.047517 49.193929,20.047483 49.193915,20.047445 49.193902,20.047396 49.193722,20.047403 49.19368,20.047389 49.193652,20.047354 49.193632,20.047369 49.193582,20.047382 49.193551,20.047379 49.19354,20.047363 49.193528,20.0473 49.193506,20.047287 49.193496,20.047279 49.193477,20.047243 49.193468,20.047231 49.193444,20.0472 49.193437,20.047161 49.193432,20.047167 49.193411,20.047171 49.193394,20.047159 49.193385,20.047138 49.193385,20.047117 49.193379,20.047118 49.193365,20.047128 49.193345,20.047124 49.193338,20.047099 49.193337,20.047087 49.193329,20.047093 49.193318,20.047088 49.193311,20.047066 49.19331,20.047049 49.193304,20.047042 49.193294,20.047051 49.193278,20.047045 49.193267,20.047021 49.193267,20.046996 49.193272,20.046972 49.193264,20.04698 49.193249,20.046976 49.193231,20.046983 49.193213,20.046988 49.193186,20.046973 49.193181,20.046946 49.193185,20.046929 49.193179,20.046943 49.193159,20.046935 49.193145,20.046912 49.193143,20.046877 49.193146,20.04689 49.193124,20.046895 49.193108,20.046882 49.193101,20.046858 49.193094,20.046815 49.193096,20.046803 49.193092,20.046803 49.193054,20.046785 49.193038,20.04676 49.193041,20.046734 49.193049,20.046718 49.193043,20.046707 49.19303,20.046709 49.192981,20.046706 49.192975,20.046686 49.192973,20.046639 49.192974,20.046656 49.19294,20.046665 49.192914,20.046654 49.192897,20.046634 49.192891,20.046611 49.192894,20.046592 49.192892,20.046576 49.19288,20.046571 49.19286,20.046575 49.192834,20.046554 49.192835,20.046533 49.192826,20.046541 49.192804,20.046536 49.192785,20.046539 49.192734,20.046526 49.192731,20.046469 49.192739,20.046432 49.192738,20.046431 49.192719,20.046427 49.192673,20.046424 49.192618,20.04642 49.192595,20.046424 49.192572,20.046395 49.192557,20.046396 49.19254,20.046409 49.192519,20.046378 49.192512,20.046346 49.192514,20.046314 49.19251,20.04624 49.192489,20.046204 49.192481,20.046155 49.1925,20.04608 49.192519,20.045989 49.19253,20.045975 49.192521,20.045973 49.1925,20.045957 49.192432,20.045938 49.192402,20.045899 49.192376,20.045796 49.192383,20.045685 49.192409,20.045657 49.192419,20.045638 49.192413,20.045663 49.192363,20.045669 49.192333,20.045655 49.192327,20.045625 49.192339,20.045607 49.192348,20.045587 49.192355,20.045572 49.192351,20.045567 49.192336,20.045559 49.192293,20.045551 49.192239,20.045535 49.192237,20.045509 49.192244,20.045482 49.192258,20.045425 49.192297,20.045411 49.192293,20.045403 49.192283,20.045396 49.192267,20.045392 49.192244,20.045377 49.192226,20.045368 49.192206,20.04535 49.192183,20.045316 49.192185,20.045305 49.192177,20.045327 49.192166,20.045316 49.192158,20.045279 49.192155,20.045269 49.192142,20.045262 49.192114,20.045248 49.192097,20.045232 49.192085,20.04524 49.192072,20.04523 49.192059,20.045206 49.192049,20.045185 49.192005,20.045126 49.191905,20.045074 49.191881,20.045063 49.191852,20.045046 49.191806,20.044994 49.191758))"
Bobrowiecki Żleb - Bobrowiecka Przełęcz,#2563EB,standard,1344,1361,"MULTILINESTRING((19.778418 49.241287,19.77777 49.241536,19.777572 49.241612,19.776592 49.241922,19.776426 49.241993,19.776286 49.242058),(19.776286 49.242058,19.776137 49.242165))"
Małe Ciche - Zazadnia,#2563EB,standard,869,906,"MULTILINESTRING((20.073008 49.299825,20.073033 49.299407,20.073065 49.299119,20.073124 49.298981),(20.073124 49.298981,20.073189 49.298828,20.073321 49.298544,20.073479 49.29833,20.073821 49.298031,20.073873 49.29799,20.07401 49.297883,20.07419 49.297767),(20.07419 49.297767,20.07442 49.297662,20.074721 49.297542,20.074991 49.297422,20.075173 49.297319,20.075325 49.297202,20.075472 49.29707,20.075606 49.296897,20.075783 49.296658,20.075922 49.296521,20.076028 49.29643,20.07608 49.296399),(20.07608 49.296399,20.07617 49.296343),(20.07617 49.296343,20.076395 49.296205,20.076683 49.29604,20.077082 49.295785,20.077239 49.295693,20.077451 49.295606,20.077763 49.295495,20.077942 49.295393,20.078013 49.295336,20.078115 49.295254,20.078308 49.295103,20.078501 49.294918,20.078757 49.294744,20.079032 49.294547),(20.079032 49.294547,20.079077 49.294515),(20.079077 49.294515,20.079167 49.294448,20.079535 49.294182,20.079687 49.294069,20.079792 49.293973,20.079901 49.293885,20.079982 49.293792,20.080053 49.293675,20.08016 49.293515,20.08018 49.293453,20.080193 49.293355,20.080214 49.293189,20.080233 49.292949,20.080226 49.292547,20.080203 49.292169,20.080178 49.291894,20.08017 49.291727,20.080152 49.291559,20.080135 49.291304,20.080114 49.291084,20.080095 49.290816,20.08007 49.290435,20.080068 49.290409),(20.080068 49.290409,20.080061 49.290358,20.080051 49.290313,20.080034 49.290272,20.080021 49.290238,20.080003 49.290202))"
Potok zza Bramki - Dolina za Bramką,#16A34A,standard,919,1044,"MULTILINESTRING((19.920224 49.277736,19.920215 49.277706,19.92019 49.277498,19.920131 49.277302,19.919966 49.277067,19.91975 49.276906,19.919657 49.276818,19.91964 49.276728,19.919602 49.276688,19.919501 49.276653,19.919264 49.276554,19.919099 49.276492,19.918912 49.276399,19.918731 49.276313,19.918485 49.276145,19.918185 49.276006,19.917932 49.27582,19.917279 49.275476,19.917267 49.275458),(19.917267 49.275458,19.917271 49.275413),(19.917201 49.271585,19.917108 49.271669,19.916915 49.271861,19.916781 49.271987,19.916705 49.272092,19.916677 49.272309),(19.916677 49.272309,19.916584 49.272427),(19.916584 49.272427,19.916421 49.272561,19.916345 49.272709,19.91632 49.272947,19.916065 49.273616,19.91607 49.273758,19.916152 49.273886,19.916353 49.274189,19.916536 49.274534,19.916652 49.274751,19.916837 49.274963),(19.916837 49.274963,19.916913 49.275022),(19.916913 49.275022,19.917269 49.275395,19.917271 49.275413))"
Polana Strążyska - Czerwona Przełęcz,#1F2937,standard,1032,1313,"MULTILINESTRING((19.929959 49.262143,19.929931 49.262296,19.929905 49.262363,19.929887 49.26241,19.929871 49.262442,19.929651 49.262891,19.929653 49.262926,19.929702 49.263028),(19.942554 49.262804,19.942398 49.262817,19.942281 49.262799,19.942191 49.262761,19.942013 49.262763,19.941859 49.262743,19.941099 49.262643,19.940837 49.262677,19.940687 49.262648,19.940536 49.262643,19.9403 49.262649,19.940076 49.262641,19.939773 49.262628,19.939376 49.262651,19.939161 49.262628,19.939021 49.262586,19.938699 49.262424,19.938581 49.262354,19.9385 49.262279,19.938427 49.262253,19.938297 49.262263,19.938234 49.262297,19.938126 49.262325,19.937996 49.262338,19.937447 49.262282,19.937286 49.262229,19.937165 49.262203,19.936967 49.262224,19.936856 49.262204,19.936722 49.26219,19.936599 49.262148,19.936456 49.26216,19.936374 49.26216,19.936299 49.262206,19.936256 49.262206,19.936177 49.262169,19.936005 49.262136,19.935889 49.262148,19.93578 49.262192,19.935504 49.262169,19.935252 49.262118,19.935155 49.262058,19.934836 49.261966,19.934543 49.261969,19.934152 49.26193,19.933885 49.261908,19.933614 49.261902,19.933424 49.261908,19.93304 49.262004,19.932874 49.262077,19.932606 49.262119,19.932112 49.262097,19.931865 49.262148,19.931691 49.262188,19.931544 49.262177,19.931399 49.262219,19.931165 49.262151,19.930932 49.262067,19.930499 49.261946,19.93046 49.261975,19.93042 49.262006,19.930315 49.261967,19.930162 49.261901,19.930098 49.261878,19.92998 49.261913,19.929964 49.262006,19.929959 49.262143))"
Las Białego - Hala Białe,#EAB308,standard,0,0,"MULTILINESTRING((19.948089 49.261394,19.948077 49.261512,19.948077 49.261587,19.948077 49.261677,19.948117 49.261755,19.948224 49.26188,19.948294 49.261948,19.948346 49.262015,19.948444 49.262242,19.948519 49.262363,19.948637 49.262561,19.948699 49.262657,19.94903 49.26281,19.94919 49.262921,19.949294 49.26304,19.949335 49.263222,19.949441 49.263344,19.949954 49.263718,19.95007 49.263771,19.950139 49.263765,19.950252 49.263732,19.950399 49.26366,19.950555 49.263564,19.950753 49.263432,19.950872 49.263382,19.951008 49.263336,19.951204 49.26331,19.951419 49.263291,19.951537 49.263319,19.951566 49.263371,19.951515 49.263448,19.951384 49.26359,19.951314 49.263686,19.95129 49.263781,19.951322 49.263866,19.9514 49.263957,19.95159 49.264082,19.951824 49.26426,19.952073 49.264523,19.952132 49.264656,19.952205 49.264817,19.952215 49.264892,19.952266 49.264948,19.952382 49.264929,19.952473 49.264843,19.952593 49.264721,19.952821 49.264482,19.953036 49.264344,19.953178 49.264295,19.953419 49.264267,19.953884 49.264164,19.954284 49.264103,19.954501 49.264065),(19.954501 49.264065,19.954593 49.264108),(19.954593 49.264108,19.954611 49.264146),(19.954611 49.264146,19.954608 49.264211),(19.954608 49.264211,19.95459 49.26423,19.95454 49.264279,19.954438 49.264344,19.9543 49.264465,19.954207 49.264571,19.954048 49.264782,19.953883 49.265002,19.953773 49.26515,19.953454 49.265582,19.953294 49.265788,19.953117 49.266202,19.953076 49.266347,19.9531 49.26645,19.953211 49.266692,19.953247 49.266769,19.953251 49.266826,19.953278 49.267086,19.953187 49.267232),(19.953187 49.267232,19.953187 49.267311),(19.953187 49.267311,19.953297 49.267472,19.953437 49.267839,19.953538 49.268232,19.953548 49.268459,19.953642 49.268619,19.953757 49.26866,19.953891 49.268785,19.954205 49.269053,19.954406 49.269156,19.954731 49.269273,19.954885 49.26934,19.955005 49.269422,19.955101 49.269502,19.955141 49.269596,19.955269 49.269849,19.955386 49.27001,19.955471 49.270068),(19.955471 49.270068,19.955588 49.27014),(19.955588 49.27014,19.955604 49.270273,19.955584 49.270369,19.955536 49.270867,19.95552 49.271153,19.955545 49.271403,19.9556 49.271541,19.955698 49.271702,19.955753 49.271942,19.95578 49.272111,19.955817 49.272258),(19.955817 49.272258,19.955866 49.272419),(19.955866 49.272419,19.956008 49.272773,19.956105 49.273253,19.956214 49.273822,19.956254 49.273952,19.956373 49.274082,19.956558 49.27417,19.956735 49.274295,19.956784 49.274392,19.956738 49.274527,19.9565 49.274834,19.956462 49.275012),(19.956462 49.275012,19.956399 49.275199),(19.956399 49.275199,19.956408 49.275272,19.956568 49.275513,19.956701 49.275656),(19.956701 49.275656,19.956853 49.275758),(19.956853 49.275758,19.957024 49.275836,19.957043 49.275851),(19.957043 49.275851,19.957066 49.275938),(19.957066 49.275938,19.957231 49.276075,19.957256 49.276207,19.957195 49.276279,19.957063 49.276361,19.956974 49.276516,19.956976 49.276662,19.957063 49.277093,19.957084 49.277291,19.957148 49.277696,19.957171 49.27783,19.95714 49.277887))"
Wolarczyska - Zadni Upłaz,#1F2937,standard,1531,1619,"MULTILINESTRING((20.035964 49.249231,20.035924 49.2492,20.035812 49.249124,20.035685 49.249009,20.035606 49.248958,20.035565 49.248853,20.035557 49.248809,20.035519 49.248778,20.035537 49.248691,20.035512 49.248679,20.035505 49.248653,20.035529 49.248625,20.0355 49.248606,20.035495 49.248505,20.035435 49.248429,20.035367 49.248419,20.035311 49.248384,20.035245 49.248364,20.035221 49.24834,20.035037 49.248235,20.034999 49.248188,20.034955 49.248159,20.034894 49.248089,20.034793 49.248018,20.034793 49.247984,20.034694 49.247904,20.034688 49.247805,20.034723 49.247773,20.034711 49.247723,20.034691 49.247693,20.034663 49.247678,20.034561 49.247574,20.034499 49.247537,20.034447 49.247483,20.034418 49.247405,20.034344 49.247308,20.034268 49.247231,20.034243 49.247172,20.034193 49.247104,20.034209 49.24705,20.034182 49.247004,20.034164 49.246935,20.034197 49.24689,20.034205 49.24685,20.034194 49.2468,20.034195 49.246758,20.034224 49.246701,20.034153 49.246603,20.034124 49.246532,20.034146 49.246475,20.034184 49.246433,20.034291 49.246382,20.034299 49.246344,20.034293 49.246303,20.034304 49.246267,20.034333 49.246229,20.034329 49.246199,20.034286 49.246144,20.034269 49.246093,20.034182 49.246047,20.03411 49.246012,20.034062 49.245971,20.034011 49.245908,20.033975 49.245832,20.033888 49.245784,20.033828 49.245719,20.033769 49.245643,20.033752 49.24554,20.033705 49.245459,20.033792 49.245412,20.033795 49.245376,20.033782 49.245344,20.03372 49.245261,20.033735 49.245199,20.033728 49.245169,20.033762 49.245103,20.03376 49.244995,20.033792 49.244937,20.033797 49.244891,20.033788 49.244833,20.033808 49.244795,20.033832 49.244773,20.033873 49.24475,20.033912 49.244712,20.033848 49.244591,20.033879 49.244551,20.033864 49.24451,20.033926 49.244401,20.033967 49.244372,20.03399 49.244332,20.034073 49.244182,20.034083 49.244131,20.034017 49.243978,20.034037 49.243891,20.034016 49.243832,20.033926 49.24373,20.03392 49.243613,20.033865 49.243584,20.033756 49.243399,20.033708 49.243337,20.03369 49.243285))"
Szlak 2712,#2563EB,standard,0,0,"MULTILINESTRING((19.8166 49.186065,19.816892 49.186165,19.817367 49.186416,19.817767 49.186633,19.818196 49.186761,19.818542 49.18684,19.81899 49.186983,19.819207 49.187052,19.819414 49.187089,19.819619 49.187085,19.819846 49.187073,19.820036 49.187049,19.82013 49.186987,19.820351 49.186958,19.820556 49.186837,19.820766 49.186784,19.821315 49.186819,19.821731 49.186849,19.822099 49.186886,19.82238 49.186945,19.822583 49.186962,19.822756 49.186923,19.823102 49.186901,19.823469 49.186928,19.823812 49.186943,19.824145 49.186911,19.824631 49.186985,19.825411 49.187202,19.825887 49.187473,19.825929 49.18758,19.826145 49.187754,19.826461 49.187914,19.826547 49.187979,19.826727 49.188003,19.826891 49.188101,19.827135 49.188327,19.827518 49.188774,19.827538 49.188981,19.827793 49.189258,19.827944 49.189334,19.828056 49.189455,19.828101 49.189574,19.828413 49.189792,19.828472 49.189934,19.828547 49.190136,19.82864 49.190542,19.82877 49.190831,19.828861 49.190954,19.828848 49.191122,19.828989 49.191348,19.829083 49.191614,19.82916 49.19181,19.829377 49.191873),(19.829377 49.191873,19.82959 49.192029,19.829869 49.192199,19.830161 49.192445,19.830724 49.193197,19.83095 49.193236,19.83115 49.193367,19.831456 49.19345,19.831899 49.193659,19.832035 49.193746,19.832242 49.193745,19.832447 49.193807,19.832604 49.193925,19.832897 49.193982,19.833142 49.194062,19.83329 49.194057,19.833754 49.19425,19.83398 49.194244,19.834131 49.194217,19.834301 49.194138,19.834372 49.194038,19.834485 49.193796,19.834549 49.193777,19.834627 49.193824,19.834745 49.193908,19.834927 49.19397,19.83501 49.193988,19.835118 49.194026,19.835282 49.194118,19.83544 49.194153,19.835663 49.194181,19.836137 49.19432,19.836687 49.194744,19.837677 49.195324,19.837736 49.195407,19.837848 49.195479,19.838117 49.195524,19.838307 49.195576,19.838823 49.19581,19.839139 49.195847,19.839497 49.195915,19.839631 49.195937),(19.839631 49.195937,19.839634 49.195891,19.83963 49.195863,19.839645 49.195839,19.839687 49.195817,19.839734 49.195808,19.839763 49.195775,19.839816 49.195777,19.839828 49.195742,19.839889 49.195734,19.839909 49.1957,19.839975 49.195685),(19.839975 49.195685,19.839976 49.195661,19.839938 49.195623),(19.839938 49.195623,19.839806 49.195322,19.839751 49.195162,19.839734 49.194669,19.839703 49.194548,19.839712 49.194446,19.839788 49.194258,19.83979 49.194155,19.839803 49.194075,19.839762 49.193918,19.839779 49.193762,19.839752 49.19363,19.839692 49.193491,19.839744 49.193496,19.839761 49.19346,19.839682 49.193331,19.839682 49.193302,19.839734 49.19323,19.839686 49.193089,19.839729 49.193073,19.839698 49.192996,19.839715 49.192977,19.839734 49.192849,19.839773 49.192737,19.839828 49.192692,19.839863 49.192607,19.839986 49.192482,19.840118 49.192188,19.840089 49.19213,19.84013 49.192079,19.840123 49.19202,19.840098 49.191873,19.840172 49.191776,19.840359 49.191717,19.840688 49.191501,19.840822 49.191335,19.840975 49.191232,19.841026 49.191108,19.841085 49.191031,19.841138 49.190879,19.84119 49.190823,19.841231 49.190736,19.841327 49.190679,19.841546 49.190462,19.84175 49.190312,19.84187 49.190153,19.841917 49.190165,19.841893 49.190056,19.841895 49.190018,19.841923 49.190034,19.841952 49.18999,19.842009 49.190013,19.842061 49.189877,19.84207 49.189745,19.8421 49.189692,19.842091 49.189482,19.842102 49.189452,19.842099 49.189333,19.842123 49.189324,19.842084 49.189246,19.842132 49.189227,19.842211 49.18916,19.842237 49.189082,19.842387 49.188915,19.842392 49.188842,19.84244 49.188786,19.842488 49.188764,19.842506 49.1887,19.842568 49.188671,19.842587 49.188618))"
Czerwona Przełęcz - Hala Białe,#1F2937,standard,1236,1313,"MULTILINESTRING((19.942554 49.262804,19.94265 49.262789,19.942744 49.262798,19.942833 49.26278,19.943034 49.262692,19.943286 49.26261,19.943436 49.262603,19.94352 49.262634,19.943635 49.262592,19.943729 49.262548,19.943914 49.262494,19.944254 49.26231,19.944421 49.262275,19.944909 49.26211,19.94507 49.261992,19.945223 49.261986,19.945373 49.261999,19.945671 49.262034,19.945837 49.261994,19.945995 49.261985,19.946285 49.261944,19.94647 49.261869,19.946684 49.261761,19.946803 49.261707,19.946919 49.261715,19.947009 49.261768,19.947103 49.261778,19.947225 49.261739,19.947334 49.261701,19.947481 49.261596,19.947629 49.261456,19.947784 49.261384,19.947937 49.261376,19.948015 49.26136,19.948089 49.261394))"
Szlak 0847,#DC2626,standard,0,0,"MULTILINESTRING((19.749914 49.297832,19.750013 49.297822,19.750106 49.297821,19.750189 49.297823,19.750854 49.297864),(19.750854 49.297864,19.751061 49.297871),(19.751061 49.297871,19.751178 49.297878,19.751267 49.297865,19.751321 49.297851,19.751375 49.297833,19.75144 49.297807,19.751506 49.29777,19.751724 49.297621,19.751852 49.29753,19.752361 49.297163),(19.752361 49.297163,19.752443 49.297104),(19.752443 49.297104,19.752568 49.297015,19.752686 49.296936,19.752798 49.296867,19.752825 49.296856),(19.752825 49.296856,19.753473 49.296514,19.753996 49.296253,19.75444 49.29604,19.754916 49.29582,19.755435 49.295566,19.755962 49.295301,19.756486 49.29504,19.756998 49.294791,19.757669 49.294459,19.757888 49.294351,19.758651 49.293982,19.759375 49.29362,19.760486 49.293065,19.760872 49.292875,19.761306 49.292656,19.761522 49.292556,19.761668 49.292488,19.761851 49.292415,19.762023 49.292354,19.762208 49.292292,19.763037 49.29204,19.764167 49.291699,19.764888 49.291473,19.765991 49.291139,19.766413 49.291019,19.766808 49.290897,19.767213 49.290773,19.76743 49.290712,19.767637 49.290657,19.767789 49.290615,19.767907 49.290583,19.768148 49.290507,19.768472 49.290391,19.768603 49.290332,19.768681 49.29028,19.769053 49.289976,19.769196 49.289862,19.769275 49.289808,19.769369 49.289752,19.769452 49.289709,19.769565 49.289664,19.769812 49.289576,19.770552 49.28932,19.770936 49.289196,19.771301 49.289072,19.771899 49.288859,19.772071 49.288796,19.772121 49.288778,19.772166 49.288761,19.772247 49.288719,19.772391 49.288629,19.77246 49.28858,19.772521 49.288532,19.772617 49.288452,19.772949 49.288117),(19.772949 49.288117,19.772867 49.288018,19.772848 49.288001,19.772821 49.287987,19.772756 49.287964),(19.772756 49.287964,19.772618 49.287942,19.772485 49.287936),(19.772485 49.287936,19.772439 49.28793,19.772396 49.287915,19.772372 49.287897,19.772345 49.287866,19.77233 49.287828,19.772327 49.287797,19.772354 49.287726,19.772355 49.287699,19.77235 49.287687,19.772333 49.287661,19.772306 49.287606,19.772287 49.287532,19.772272 49.287453,19.772254 49.287338,19.772218 49.287154,19.772177 49.287022,19.772167 49.286924,19.772164 49.286812,19.772164 49.286391,19.772162 49.286286,19.772157 49.28621,19.772141 49.286113,19.772124 49.28583,19.772108 49.285718,19.772094 49.285667,19.772079 49.285572,19.772057 49.285499,19.772022 49.285439,19.772002 49.285381,19.77199 49.285304,19.77198 49.284573,19.772012 49.283838,19.772005 49.283765,19.772013 49.283693,19.772021 49.283616,19.77201 49.283535,19.771988 49.283442,19.77188 49.283051,19.771839 49.282831,19.771733 49.282605,19.771709 49.282465,19.771688 49.282285,19.771676 49.282119,19.771657 49.282034,19.771476 49.281732,19.771325 49.281417,19.771179 49.281036),(19.771179 49.281036,19.771212 49.280973,19.771291 49.280943,19.771311 49.280899,19.771376 49.280838,19.771423 49.280782,19.771444 49.280744,19.771455 49.280714,19.771468 49.280673,19.771476 49.280627),(19.771476 49.280627,19.771569 49.280619),(19.771569 49.280619,19.771626 49.280584,19.771756 49.280455,19.771957 49.280253,19.772059 49.280181,19.772164 49.280064),(19.772164 49.280064,19.772146 49.280013),(19.772146 49.280013,19.772161 49.279966,19.772295 49.279917,19.772417 49.279872,19.772545 49.279785,19.772629 49.279717,19.772652 49.27969,19.772677 49.279644,19.772693 49.279584,19.77273 49.279468,19.772767 49.279376,19.772818 49.27926,19.77287 49.279091,19.772879 49.279023,19.772891 49.278957,19.772904 49.278929,19.772935 49.27889,19.772973 49.278857,19.773049 49.278789,19.773094 49.278751,19.77319 49.2787),(19.77319 49.2787,19.773293 49.278605),(19.773293 49.278605,19.77334 49.278574,19.773401 49.278546,19.773445 49.27852,19.773492 49.278491,19.773546 49.278434,19.773568 49.278386,19.773581 49.278332,19.773568 49.278289,19.77355 49.278223,19.773547 49.278137,19.773538 49.2781,19.773508 49.278044,19.773497 49.278004,19.773494 49.277953,19.7735 49.277905,19.773512 49.277824,19.773515 49.277751),(19.773515 49.277751,19.773473 49.277654),(19.773473 49.277654,19.773446 49.277579,19.773446 49.277542,19.77339 49.277415,19.773372 49.277359,19.773373 49.277326,19.773383 49.277304,19.773405 49.27724,19.77341 49.277214,19.773404 49.27718,19.773384 49.277134,19.773389 49.277102,19.773378 49.27706,19.773332 49.276972,19.773308 49.276925,19.773304 49.2769,19.773276 49.27686,19.773228 49.276798,19.773183 49.276743,19.7731 49.276622,19.773029 49.276538,19.772986 49.276485,19.772927 49.276371,19.772894 49.27629,19.772894 49.276276,19.7729 49.27623,19.772897 49.276173,19.772884 49.276136,19.772879 49.276107,19.772862 49.276085,19.772847 49.276007,19.77284 49.275969,19.772822 49.275915,19.772813 49.275822,19.772785 49.275726,19.772761 49.275683,19.772693 49.275573),(19.772693 49.275573,19.772634 49.275472),(19.772634 49.275472,19.772626 49.275439,19.772607 49.275399,19.772558 49.275323,19.772412 49.275118,19.772331 49.275024,19.772304 49.274971,19.772281 49.274924,19.772228 49.274862,19.772125 49.274786),(19.772125 49.274786,19.772013 49.274713),(19.772013 49.274713,19.771969 49.274681,19.771917 49.274649,19.771811 49.274597,19.771779 49.274572,19.771744 49.274528,19.771666 49.274473,19.771587 49.274407,19.771514 49.274367,19.771402 49.274323,19.771357 49.274305,19.771299 49.274258,19.771206 49.274175,19.771168 49.274131,19.771125 49.2741,19.770898 49.274006,19.770776 49.273929,19.770733 49.273902,19.770687 49.273868),(19.770687 49.273868,19.77066 49.273828,19.770647 49.273799,19.770612 49.273724),(19.770612 49.273724,19.770517 49.273573,19.77045 49.273479,19.77038 49.273359,19.770359 49.273324,19.770315 49.273297,19.770201 49.273245,19.769994 49.273177,19.769937 49.273158,19.769862 49.273127,19.769776 49.273099,19.769716 49.273042),(19.769716 49.273042,19.769676 49.272962),(19.769676 49.272962,19.769612 49.272836,19.769518 49.272668,19.769309 49.272395,19.769264 49.272245,19.76912 49.27195,19.769082 49.271828,19.769105 49.271732,19.769103 49.271669,19.769085 49.271638,19.768988 49.271509,19.768854 49.271146,19.76875 49.270923,19.768724 49.270772,19.768641 49.270424,19.768655 49.270321),(19.768655 49.270321,19.768649 49.270223,19.768593 49.270026,19.768472 49.269844,19.768291 49.269518,19.768185 49.269252,19.76799 49.268918,19.76793 49.268867,19.767693 49.268743,19.767457 49.268627,19.767067 49.268341,19.766977 49.268275,19.766936 49.268254,19.766894 49.268254,19.766877 49.268279,19.766873 49.268338,19.766855 49.268343,19.766806 49.268328,19.766521 49.26818,19.766405 49.268134,19.766334 49.268109,19.766229 49.268102,19.765806 49.268038,19.76571 49.26801,19.765543 49.267942,19.764957 49.267843,19.764512 49.267688,19.764416 49.267661,19.764348 49.267658,19.76427 49.267655,19.764136 49.267654),(19.764136 49.267654,19.764113 49.267701,19.764069 49.267756,19.764006 49.267819,19.763887 49.267897,19.763704 49.267985,19.76352 49.268059,19.763154 49.2682,19.762661 49.268456,19.762006 49.268792,19.761431 49.269056,19.761119 49.269221,19.760966 49.269401,19.760829 49.269613,19.760603 49.270077,19.760389 49.270642,19.760274 49.270997,19.760137 49.271313,19.760074 49.27139,19.760011 49.271436,19.759938 49.271464,19.759819 49.271477))"
Szlak 2711,#2563EB,standard,856,2044,"MULTILINESTRING((19.759819 49.271477,19.759804 49.271987,19.759758 49.272476,19.759719 49.272987,19.759696 49.273227,19.759659 49.273423,19.759523 49.27403,19.759358 49.274587,19.759279 49.274877,19.759252 49.275029,19.75923 49.27515,19.759217 49.275275,19.759202 49.275393,19.759174 49.2755,19.759132 49.275594,19.75897 49.275895,19.758887 49.276051,19.758851 49.276129,19.758823 49.276199,19.758795 49.276282,19.758773 49.276368,19.758766 49.276458,19.75876 49.276566,19.758737 49.276648,19.758695 49.276725,19.758408 49.277107,19.758318 49.27723,19.758219 49.277323,19.757873 49.277564,19.757693 49.277686,19.757531 49.277802,19.757435 49.277881,19.75733 49.277988,19.757253 49.278066,19.757219 49.278105,19.757176 49.278148,19.757032 49.278297,19.756907 49.278443,19.756883 49.278473,19.756831 49.278533,19.756791 49.278582,19.756755 49.27863,19.756718 49.278686,19.756644 49.27882,19.756601 49.278931,19.756566 49.279059,19.756534 49.279183,19.756428 49.279735,19.756339 49.280202,19.756233 49.280721,19.756137 49.281223,19.756069 49.281549,19.756045 49.281635,19.756018 49.281712,19.755993 49.281768,19.755963 49.281818,19.755931 49.281869,19.75589 49.281915,19.75579 49.282002,19.755694 49.282073,19.755584 49.282144,19.755378 49.282276,19.755111 49.282446,19.754238 49.283007,19.752921 49.283853,19.752727 49.283968,19.752529 49.284075,19.752312 49.284172,19.752087 49.284261,19.75121 49.284572,19.750309 49.284881,19.74968 49.285097),(19.760008 49.252838,19.759893 49.252968,19.759667 49.253216,19.759389 49.253487,19.759107 49.253803,19.758815 49.254198,19.758774 49.254277,19.758747 49.254353,19.758728 49.254437,19.758681 49.25472,19.758646 49.254869,19.758623 49.25501,19.758607 49.255143,19.758581 49.25527,19.758557 49.25535,19.758517 49.255452,19.758446 49.255561,19.758372 49.255657,19.758274 49.25576,19.758186 49.255828,19.757957 49.256002,19.757545 49.256314,19.757452 49.256375,19.757378 49.256442,19.75733 49.256501,19.757281 49.256578,19.757231 49.256682,19.757181 49.256767,19.757073 49.256923,19.756945 49.257124,19.756822 49.257332,19.756783 49.257418,19.756763 49.257873,19.756788 49.258102,19.756785 49.258151,19.756757 49.25823,19.756743 49.258267,19.75673 49.258319,19.756739 49.258413,19.756745 49.25844,19.756761 49.25852,19.756804 49.258657,19.756868 49.258791,19.756902 49.258872,19.756946 49.258947,19.757313 49.259564,19.75735 49.259622,19.75738 49.259688,19.757405 49.259776,19.757418 49.259842,19.757425 49.259902,19.757424 49.260017,19.757398 49.260352,19.75738 49.260426,19.757364 49.260485,19.757315 49.260605,19.757264 49.260734,19.757247 49.2608,19.757235 49.260864,19.75724 49.260982,19.757248 49.261152,19.757227 49.26137,19.757227 49.261503,19.757237 49.261626,19.757276 49.261758,19.757334 49.261859,19.757412 49.261974,19.757484 49.262073,19.75761 49.262216,19.757681 49.262291,19.757744 49.262349,19.75782 49.262394,19.75793 49.262424,19.758044 49.262456,19.758114 49.262496,19.758165 49.262547,19.758192 49.262618,19.758244 49.262991,19.758262 49.263043,19.758297 49.263095,19.758365 49.26318,19.758415 49.263244,19.75855 49.263446,19.758772 49.263889,19.758931 49.264336,19.758966 49.264579,19.758979 49.264863,19.758976 49.265204,19.758943 49.265625,19.758943 49.265827,19.758983 49.266149,19.759003 49.266345,19.759092 49.267199,19.759083 49.267411,19.759059 49.267611,19.759067 49.267775,19.759099 49.267906,19.759134 49.268036,19.759311 49.268506,19.759369 49.268703,19.759418 49.268835,19.75956 49.269317,19.759626 49.269547,19.759673 49.269775,19.759699 49.269956,19.759739 49.270233,19.759791 49.270863,19.759819 49.271477),(19.76008 49.252755,19.760008 49.252838),(19.760667 49.252149,19.760633 49.252167,19.760555 49.252213,19.760404 49.252317,19.760298 49.252444,19.760129 49.252698,19.76008 49.252755),(19.760784 49.2521,19.760667 49.252149),(19.762378 49.250708,19.761895 49.251224,19.761459 49.251682,19.761282 49.251819,19.761183 49.251893,19.761086 49.251961,19.760976 49.252019,19.760856 49.252069,19.760784 49.2521),(19.765757 49.247511,19.76567 49.24757,19.765519 49.247632,19.765433 49.2477,19.765318 49.247761,19.765172 49.24782,19.765018 49.247927,19.764874 49.248084,19.764685 49.248231,19.764092 49.248496,19.763943 49.248568,19.763854 49.24863,19.763759 49.248747,19.763653 49.248923,19.763506 49.24918,19.763334 49.249356,19.76307 49.249927,19.762852 49.250209,19.762799 49.250275,19.762605 49.250487,19.762378 49.250708),(19.765753 49.247454,19.765757 49.247511),(19.766407 49.247117,19.766063 49.247279,19.765892 49.247365,19.765753 49.247454),(19.766703 49.246951,19.766564 49.247043,19.766407 49.247117),(19.76677 49.246957,19.766703 49.246951),(19.767877 49.246196,19.767716 49.246357,19.767433 49.246549,19.767152 49.246718,19.766891 49.24688,19.76677 49.246957),(19.767949 49.24618,19.767877 49.246196),(19.773436 49.243187,19.773245 49.243238,19.773133 49.243334,19.772944 49.243492,19.772604 49.243695,19.77233 49.243854,19.772032 49.244048,19.771836 49.244218,19.771678 49.244288,19.77162 49.244259,19.77161 49.244195,19.771546 49.244198,19.771295 49.244354,19.771054 49.244518,19.770986 49.244597,19.770902 49.244651,19.770702 49.244728,19.770404 49.244858,19.770361 49.244853,19.770316 49.244839,19.770261 49.244775,19.770165 49.24476,19.770114 49.244779,19.769927 49.244858,19.769806 49.244904,19.769668 49.24505,19.769494 49.245152,19.769189 49.245366,19.76905 49.245537,19.76897 49.2456,19.76886 49.245636,19.768793 49.245621,19.768744 49.245624,19.768616 49.24572,19.768363 49.245905,19.768157 49.246002,19.767949 49.24618),(19.776137 49.242165,19.77604 49.24223,19.775943 49.242294,19.775777 49.242438,19.775718 49.24263,19.7757 49.242712,19.775648 49.242794,19.775482 49.242896,19.775235 49.243001,19.775047 49.243166,19.774861 49.243224,19.774666 49.243246,19.774587 49.243232,19.774501 49.243191,19.774392 49.243118,19.774153 49.243235,19.77402 49.243112,19.773927 49.243173,19.773736 49.243299,19.773594 49.243162,19.773436 49.243187),(19.776286 49.242058,19.776137 49.242165),(19.778418 49.241287,19.77777 49.241536,19.777572 49.241612,19.776592 49.241922,19.776426 49.241993,19.776286 49.242058),(19.766779 49.236584,19.766931 49.236587,19.767092 49.236624,19.767239 49.236632,19.767419 49.236608,19.767556 49.236624,19.767771 49.236655,19.767969 49.23662,19.768047 49.236599,19.76813 49.236576,19.768221 49.236548,19.768345 49.236501,19.768516 49.236503,19.768618 49.236548,19.768715 49.236583,19.768816 49.236667,19.768894 49.236758,19.769004 49.236909,19.769184 49.237015,19.76922 49.237043,19.769272 49.237084,19.769315 49.237159,19.769417 49.237209,19.769527 49.237284,19.769659 49.237326,19.769678 49.237375,19.769723 49.237403,19.769828 49.237441,19.769946 49.23748,19.770074 49.237504,19.77019 49.237606,19.770214 49.237651,19.770297 49.237676,19.770429 49.237685,19.770568 49.237669,19.770705 49.237692,19.770764 49.237715,19.770756 49.237771,19.770847 49.237816,19.770944 49.237892,19.771061 49.237897,19.771169 49.237919,19.771172 49.237974,19.771172 49.238035,19.771244 49.238058,19.771324 49.238079,19.771457 49.238079,19.771516 49.238091,19.771646 49.238186,19.771847 49.238317,19.772175 49.238422,19.772403 49.238549,19.772551 49.238633,19.77272 49.238576,19.772832 49.238583,19.772966 49.238556,19.773074 49.238492,19.773219 49.238396,19.77345 49.238239,19.773643 49.2381,19.773955 49.237831,19.774026 49.237626,19.77406 49.237558,19.774264 49.237499,19.775595 49.237219,19.776284 49.237145,19.776617 49.237061,19.776852 49.236951,19.777418 49.236389,19.777554 49.236218,19.777589 49.236105,19.777594 49.236031,19.77762 49.236024,19.777697 49.236165,19.777676 49.236319,19.777601 49.23649,19.777615 49.236878,19.777625 49.237064,19.777563 49.237359,19.777568 49.237486,19.777368 49.238309,19.777373 49.238445,19.777378 49.238545,19.777468 49.238628,19.777535 49.238712,19.777573 49.238892,19.777701 49.23919,19.777734 49.239407,19.777748 49.239581,19.777658 49.239786,19.777651 49.239993,19.777594 49.240339,19.777724 49.240784,19.777853 49.240995,19.777966 49.241121,19.778035 49.241159,19.778169 49.241222,19.778418 49.241287),(19.766779 49.236584,19.766766 49.236553,19.766719 49.2365,19.766716 49.236454,19.76672 49.236419,19.766766 49.2364,19.766775 49.236366,19.766786 49.236314,19.766774 49.236278,19.766707 49.236213,19.766684 49.236176,19.766691 49.236128,19.766724 49.236096,19.766723 49.236071,19.766679 49.236048,19.766667 49.236022,19.766653 49.235974,19.766628 49.235915,19.766604 49.235864,19.766605 49.235787,19.766534 49.235486,19.766533 49.235392,19.766503 49.235339,19.766459 49.23529,19.76646 49.235201,19.766445 49.235133,19.766461 49.235062,19.766415 49.234995,19.766381 49.23488,19.766368 49.234727,19.766353 49.23462,19.76635 49.23456,19.766399 49.234477,19.766491 49.234348,19.766597 49.234124,19.766657 49.234037,19.766723 49.233969,19.76673 49.233917,19.766758 49.233869,19.766824 49.233823,19.76684 49.233768,19.766899 49.233708,19.766944 49.233624,19.766991 49.233533,19.767127 49.23327,19.767211 49.233144,19.767376 49.232933,19.767391 49.232855,19.767453 49.232755,19.767567 49.232623,19.767663 49.232539,19.767714 49.232468,19.767719 49.23231,19.767725 49.232202,19.767758 49.232116,19.76782 49.232026,19.767905 49.231932,19.767964 49.23184,19.767988 49.231803,19.768009 49.231753,19.76804 49.231722,19.768259 49.231452,19.768509 49.231149,19.768602 49.231058,19.768688 49.230935,19.768787 49.230804,19.768878 49.230649,19.768928 49.230467,19.768944 49.230344,19.768988 49.230209,19.768996 49.230049,19.768975 49.229826,19.768952 49.229751,19.768905 49.229684,19.768892 49.229595,19.76876 49.229356,19.768778 49.229288,19.768694 49.229158,19.768614 49.229053,19.768609 49.228908,19.768527 49.22884,19.768483 49.228738,19.768489 49.228683,19.768566 49.228601,19.768538 49.228503,19.768407 49.228308,19.768377 49.228258,19.768385 49.22819,19.768135 49.227829,19.767733 49.227309,19.767701 49.227092,19.767679 49.227015,19.767642 49.2269,19.767635 49.226789,19.76763 49.226747,19.767603 49.226691,19.767585 49.22658,19.767572 49.22654,19.767469 49.226416,19.767469 49.226257,19.767404 49.226074,19.767336 49.225938,19.767324 49.225786,19.767276 49.225686,19.767234 49.225448,19.767202 49.225294,19.767162 49.225073,19.767194 49.224859,19.767361 49.224374,19.767427 49.224072,19.767442 49.223865,19.767439 49.223768,19.767398 49.223602,19.76737 49.223525,19.767237 49.223389,19.76729 49.22317,19.767276 49.223126,19.76717 49.223081,19.767066 49.223025,19.766973 49.222995,19.766904 49.222956,19.766841 49.222861,19.766758 49.222737,19.766683 49.222638,19.766637 49.222584,19.766573 49.222448,19.766535 49.222376,19.76645 49.22229,19.766361 49.222231,19.766314 49.222168,19.766142 49.222034,19.766027 49.221945,19.765838 49.221745,19.765751 49.221622,19.765668 49.221537,19.765572 49.221401,19.76546 49.221231,19.765338 49.221013,19.765027 49.220655,19.764764 49.220347,19.764345 49.220082,19.764243 49.219971,19.764107 49.219864,19.763805 49.219694,19.763397 49.219437,19.763078 49.219211,19.762878 49.219061,19.762653 49.218877,19.762587 49.218818,19.762314 49.218672,19.762014 49.218415,19.761474 49.218161,19.761101 49.217891,19.760655 49.217627,19.760476 49.217582,19.760343 49.217555,19.76029 49.217484,19.760283 49.21743,19.760264 49.217374,19.760169 49.217301,19.760055 49.217205,19.759843 49.217038),(19.759843 49.217038,19.759418 49.216746,19.759036 49.216522,19.758895 49.216376,19.758422 49.215987),(19.758422 49.215987,19.758552 49.215589,19.758637 49.215304,19.758705 49.215098,19.758744 49.215013,19.75882 49.214758),(19.75882 49.214758,19.758841 49.21447,19.758875 49.214294,19.758895 49.214147,19.758973 49.213934,19.759068 49.213621,19.759139 49.21346,19.759207 49.213347,19.759303 49.21312,19.759339 49.212925,19.759389 49.212665,19.759414 49.212506,19.759445 49.212337,19.759503 49.212153,19.759533 49.211918,19.759567 49.211792,19.759589 49.21172,19.759626 49.211657,19.759659 49.211625),(19.759659 49.211625,19.759719 49.211518,19.759816 49.211348,19.759831 49.211294,19.759893 49.211187,19.760148 49.210796,19.760245 49.210645),(19.760245 49.210645,19.760361 49.21055,19.760419 49.210489,19.760424 49.210449,19.760485 49.210431,19.760462 49.210375,19.760519 49.21035,19.760492 49.210314,19.760565 49.210293,19.760593 49.210238,19.760563 49.210206,19.760616 49.210145,19.760658 49.210115,19.760746 49.21007,19.760783 49.210036,19.760819 49.210003,19.760859 49.209965,19.760865 49.209898,19.760925 49.209854,19.761011 49.209764,19.761079 49.209757,19.761111 49.209746,19.761121 49.209708,19.761159 49.209687,19.761161 49.209651,19.761245 49.209642,19.761255 49.209614,19.761338 49.209606,19.761364 49.209588,19.761343 49.209528,19.761375 49.209515,19.761421 49.209525,19.761517 49.20949,19.761579 49.209445,19.76155 49.209421,19.761523 49.209404,19.761525 49.20938),(19.761525 49.20938,19.761653 49.209307,19.761666 49.209232,19.761659 49.209185,19.761648 49.209068,19.761673 49.209023,19.761776 49.20902,19.761876 49.20899,19.761964 49.208945,19.762059 49.208958,19.762104 49.208945,19.762153 49.208947,19.762202 49.208952,19.762265 49.208925,19.762336 49.208873,19.762268 49.208817,19.762348 49.208753,19.762373 49.208733,19.762534 49.208534,19.762674 49.208334,19.762854 49.208271,19.762952 49.208235,19.763005 49.208157,19.763026 49.20809,19.763088 49.208062,19.763092 49.208035,19.76305 49.208002,19.763005 49.207944,19.763036 49.207926,19.76312 49.207903,19.763126 49.207872,19.76311 49.207828,19.763107 49.207792,19.763109 49.207758,19.763123 49.207708,19.763127 49.207675,19.763109 49.20766,19.763076 49.207575,19.763109 49.207514),(19.763109 49.207514,19.762892 49.207291,19.76283 49.207125,19.762755 49.207078,19.762715 49.207002,19.762641 49.206919,19.762572 49.206883,19.762472 49.206745,19.762296 49.206638,19.762236 49.206617,19.762203 49.206628,19.762175 49.20662,19.762122 49.206581,19.762064 49.206522,19.761959 49.206489,19.761887 49.206413,19.761737 49.20631,19.761693 49.206276,19.761635 49.206218,19.761595 49.206184,19.761604 49.20614,19.761609 49.206098,19.761527 49.206014,19.761474 49.205968,19.76145 49.205907,19.761403 49.205875,19.761355 49.205797,19.761307 49.205738,19.761261 49.205659,19.761167 49.205551,19.761148 49.205525,19.76112 49.205463,19.76105 49.20536,19.760908 49.205237,19.760708 49.205127,19.760407 49.205014,19.760368 49.204943,19.760245 49.204852,19.760222 49.204754,19.760142 49.204691,19.760052 49.204648,19.760007 49.204612,19.759767 49.204491,19.759747 49.204363,19.759757 49.204245,19.759738 49.204154,19.759504 49.204027,19.759441 49.203904,19.759404 49.203788,19.75934 49.20359,19.759219 49.203513),(19.759219 49.203513,19.759279 49.203471,19.759308 49.203358,19.759399 49.203225,19.759413 49.203171,19.7595 49.203033),(19.7595 49.203033,19.759614 49.202968,19.759673 49.202947,19.759705 49.202875,19.759734 49.202932,19.759779 49.203023,19.759841 49.203087,19.759904 49.203127,19.759912 49.203168),(19.759912 49.203168,19.759954 49.203194,19.760207 49.203278,19.760408 49.203334,19.760546 49.203344),(19.779431 49.194166,19.779344 49.194269,19.779238 49.19435,19.779253 49.194412,19.779304 49.194455,19.779301 49.194526,19.77928 49.194634,19.779142 49.19482,19.77914 49.194916,19.7791 49.195044,19.779037 49.1951,19.779018 49.195148,19.778909 49.19522,19.778896 49.195287,19.778816 49.195428,19.778599 49.195619,19.778501 49.195726,19.778531 49.195782,19.778432 49.195841,19.778344 49.196003,19.778277 49.196146,19.778216 49.196215,19.778178 49.196271,19.778172 49.196387,19.778092 49.196492,19.777828 49.196664,19.777764 49.196795,19.777584 49.196904,19.777466 49.197005,19.777385 49.19703,19.777366 49.197059,19.777344 49.197097,19.777296 49.197121,19.777191 49.197134,19.777102 49.197206,19.777027 49.197251,19.777072 49.197298,19.777064 49.197354,19.777006 49.197367,19.776962 49.197405,19.776859 49.197381,19.776812 49.19742,19.776832 49.197462,19.776831 49.197538,19.776766 49.197589,19.776631 49.197648,19.776526 49.197687,19.776484 49.197757,19.776595 49.197846,19.776646 49.197936,19.776665 49.197997,19.776607 49.198028,19.776511 49.198054,19.776416 49.198116,19.776349 49.19816,19.776212 49.198178,19.776134 49.198225,19.776061 49.198278,19.775974 49.198311,19.775854 49.198391,19.775763 49.198548,19.775585 49.198639,19.775439 49.198751,19.775235 49.198798,19.775098 49.198854,19.775055 49.198851,19.775007 49.198812,19.774949 49.198777,19.774923 49.198839,19.774904 49.198914,19.774932 49.198965,19.774863 49.199039,19.774917 49.199077,19.774897 49.19914,19.774862 49.199168,19.774715 49.19917,19.774715 49.19928,19.774735 49.199395,19.774798 49.199496,19.774779 49.199567,19.774793 49.199613,19.774827 49.199648,19.774802 49.199828,19.774774 49.199989,19.774803 49.200207,19.774672 49.200435,19.774707 49.200495,19.774706 49.200708,19.774645 49.200856,19.774637 49.20101,19.774511 49.201269,19.774336 49.201492,19.774143 49.201662,19.774031 49.201716,19.773867 49.201778,19.773529 49.202042,19.773398 49.202254,19.773231 49.202428,19.773092 49.202624,19.77288 49.202826,19.772717 49.202996,19.772496 49.20305,19.772193 49.203132,19.771947 49.20312,19.771199 49.203167,19.771094 49.203239,19.77048 49.203429,19.770319 49.203448,19.770142 49.203427,19.769951 49.203355,19.769675 49.203283,19.769348 49.203227,19.769069 49.203308,19.768795 49.203309,19.768591 49.20335,19.768339 49.203315,19.768127 49.203257,19.768028 49.203227,19.767872 49.20316,19.767644 49.203022,19.767565 49.202991,19.767499 49.203018,19.767451 49.203005,19.767439 49.203106,19.767418 49.203158,19.767366 49.203152,19.767335 49.203207,19.766952 49.203125,19.766841 49.203112,19.766843 49.203173,19.7668 49.203171,19.766638 49.203122,19.766603 49.203156,19.766696 49.203224,19.766664 49.203263,19.7666 49.203243,19.766519 49.203256,19.766392 49.203311,19.766314 49.203409,19.766206 49.203502,19.766166 49.203493,19.766104 49.20344,19.765926 49.2034,19.765882 49.203349,19.765783 49.203392,19.765398 49.203399,19.76486 49.203535,19.764785 49.203516,19.764682 49.203526,19.764587 49.203516,19.764463 49.203465,19.764313 49.203432,19.764139 49.203337,19.763908 49.203264,19.763763 49.203232,19.763468 49.203215,19.763307 49.203199,19.763047 49.203106,19.762854 49.203122,19.762709 49.203082,19.762481 49.203113,19.762342 49.203111,19.762232 49.203131,19.762032 49.203126,19.761942 49.203138,19.761752 49.203178,19.761559 49.20318,19.761448 49.203203,19.761481 49.203276,19.761367 49.203294,19.761348 49.203374,19.761223 49.20338,19.76106 49.203372,19.760934 49.203337,19.760797 49.203322,19.760546 49.203344),(19.775979 49.191279,19.776045 49.191342,19.776072 49.191549,19.776131 49.191703,19.776206 49.191798,19.776463 49.191819,19.776528 49.191854,19.776619 49.191948,19.77677 49.192009,19.776925 49.19192,19.777048 49.191878,19.777193 49.191868,19.777263 49.191876,19.77728 49.191944,19.777254 49.192187,19.777499 49.192267,19.777778 49.192446,19.777901 49.192576,19.778046 49.192667,19.778089 49.192825,19.778196 49.192937,19.77828 49.19311,19.77855 49.19314,19.77862 49.193295,19.778631 49.193477,19.778718 49.193589,19.778883 49.193596,19.778972 49.193584,19.779249 49.193451,19.779389 49.193454,19.779485 49.193465,19.779463 49.19351,19.779399 49.193557,19.779415 49.193604,19.779505 49.193662,19.779515 49.193756,19.779482 49.193814,19.779444 49.193908,19.77942 49.194017,19.77943 49.19409,19.779431 49.194166),(19.775906 49.191299,19.775979 49.191279),(19.775855 49.191306,19.775906 49.191299),(19.775811 49.191288,19.775855 49.191306),(19.775481 49.187582,19.775595 49.18812,19.775546 49.18832,19.775568 49.188586,19.775509 49.189003,19.77536 49.18962,19.775385 49.189855,19.775557 49.190244,19.775583 49.19054,19.775664 49.190918,19.775747 49.191134,19.775811 49.191231,19.775811 49.191288),(19.773451 49.179989,19.773744 49.180262,19.773862 49.180634,19.774007 49.181078,19.774159 49.18137,19.774369 49.18163,19.774452 49.181879,19.774447 49.181929,19.774417 49.182242,19.774366 49.18258,19.77426 49.183106,19.774023 49.183539,19.773996 49.183641,19.773969 49.183767,19.773813 49.183979,19.773858 49.184519,19.773665 49.184773,19.773679 49.185021,19.773702 49.185058,19.773823 49.185244,19.774227 49.185592,19.774468 49.185879,19.77494 49.186181,19.775128 49.186405,19.775219 49.186703,19.775273 49.186928,19.775354 49.187112,19.775401 49.187219,19.77545 49.187373,19.775474 49.187454,19.775481 49.187582))"
Szlak 8565,#EAB308,standard,0,0,"MULTILINESTRING((19.756883 49.278473,19.756934 49.278513,19.756946 49.278526,19.756968 49.278533,19.757027 49.278533),(19.757027 49.278533,19.757109 49.278537,19.757192 49.278533),(19.757192 49.278533,19.757259 49.27853,19.757409 49.278541,19.757935 49.278697,19.758289 49.278714,19.758723 49.278691),(19.758723 49.278691,19.759088 49.278606,19.75941 49.278634,19.759737 49.278707,19.760102 49.278707,19.760655 49.278683,19.761078 49.278698,19.761443 49.278774,19.761744 49.278746,19.762124 49.278581,19.762462 49.278427,19.762859 49.278427,19.76346 49.278431,19.763943 49.278487,19.764329 49.278514,19.764812 49.278392,19.765252 49.278252,19.765558 49.278217,19.765869 49.2782,19.766201 49.278252,19.766888 49.278508,19.767253 49.27869,19.767612 49.278774,19.768224 49.27904,19.768943 49.2794,19.769168 49.279491,19.769356 49.279606,19.769881 49.279827,19.770096 49.279978,19.770337 49.280237,19.770471 49.280425,19.770589 49.280572,19.770815 49.280698,19.771179 49.281036))"
Náučný chodník Juráňova dolina,#16A34A,standard,793,1001,"MULTILINESTRING((19.772949 49.288117,19.772867 49.288018,19.772848 49.288001,19.772821 49.287987,19.772756 49.287964),(19.772756 49.287964,19.772618 49.287942,19.772485 49.287936),(19.772485 49.287936,19.772439 49.28793,19.772396 49.287915,19.772372 49.287897,19.772345 49.287866,19.77233 49.287828,19.772327 49.287797,19.772354 49.287726,19.772355 49.287699,19.77235 49.287687,19.772333 49.287661,19.772306 49.287606,19.772287 49.287532,19.772272 49.287453,19.772254 49.287338,19.772218 49.287154,19.772177 49.287022,19.772167 49.286924,19.772164 49.286812,19.772164 49.286391,19.772162 49.286286,19.772157 49.28621,19.772141 49.286113,19.772124 49.28583,19.772108 49.285718,19.772094 49.285667,19.772079 49.285572,19.772057 49.285499,19.772022 49.285439,19.772002 49.285381,19.77199 49.285304,19.77198 49.284573,19.772012 49.283838,19.772005 49.283765,19.772013 49.283693,19.772021 49.283616,19.77201 49.283535,19.771988 49.283442,19.77188 49.283051,19.771839 49.282831,19.771733 49.282605,19.771709 49.282465,19.771688 49.282285,19.771676 49.282119,19.771657 49.282034,19.771476 49.281732,19.771325 49.281417,19.771179 49.281036),(19.771179 49.281036,19.771212 49.280973,19.771291 49.280943,19.771311 49.280899,19.771376 49.280838,19.771423 49.280782,19.771444 49.280744,19.771455 49.280714,19.771468 49.280673,19.771476 49.280627),(19.771476 49.280627,19.771569 49.280619),(19.771569 49.280619,19.771626 49.280584,19.771756 49.280455,19.771957 49.280253,19.772059 49.280181,19.772164 49.280064),(19.772164 49.280064,19.772146 49.280013),(19.772146 49.280013,19.772161 49.279966,19.772295 49.279917,19.772417 49.279872,19.772545 49.279785,19.772629 49.279717,19.772652 49.27969,19.772677 49.279644,19.772693 49.279584,19.77273 49.279468,19.772767 49.279376,19.772818 49.27926,19.77287 49.279091,19.772879 49.279023,19.772891 49.278957,19.772904 49.278929,19.772935 49.27889,19.772973 49.278857,19.773049 49.278789,19.773094 49.278751,19.77319 49.2787),(19.77319 49.2787,19.773293 49.278605),(19.773293 49.278605,19.77334 49.278574,19.773401 49.278546,19.773445 49.27852,19.773492 49.278491,19.773546 49.278434,19.773568 49.278386,19.773581 49.278332,19.773568 49.278289,19.77355 49.278223,19.773547 49.278137,19.773538 49.2781,19.773508 49.278044,19.773497 49.278004,19.773494 49.277953,19.7735 49.277905,19.773512 49.277824,19.773515 49.277751),(19.773515 49.277751,19.773473 49.277654),(19.773473 49.277654,19.773446 49.277579,19.773446 49.277542,19.77339 49.277415,19.773372 49.277359,19.773373 49.277326,19.773383 49.277304,19.773405 49.27724,19.77341 49.277214,19.773404 49.27718,19.773384 49.277134,19.773389 49.277102,19.773378 49.27706,19.773332 49.276972,19.773308 49.276925,19.773304 49.2769,19.773276 49.27686,19.773228 49.276798,19.773183 49.276743,19.7731 49.276622,19.773029 49.276538,19.772986 49.276485,19.772927 49.276371,19.772894 49.27629,19.772894 49.276276,19.7729 49.27623,19.772897 49.276173,19.772884 49.276136,19.772879 49.276107,19.772862 49.276085,19.772847 49.276007,19.77284 49.275969,19.772822 49.275915,19.772813 49.275822,19.772785 49.275726,19.772761 49.275683,19.772693 49.275573),(19.772693 49.275573,19.772634 49.275472),(19.772634 49.275472,19.772626 49.275439,19.772607 49.275399,19.772558 49.275323,19.772412 49.275118,19.772331 49.275024,19.772304 49.274971,19.772281 49.274924,19.772228 49.274862,19.772125 49.274786),(19.772125 49.274786,19.772013 49.274713),(19.772013 49.274713,19.771969 49.274681,19.771917 49.274649,19.771811 49.274597,19.771779 49.274572,19.771744 49.274528,19.771666 49.274473,19.771587 49.274407,19.771514 49.274367,19.771402 49.274323,19.771357 49.274305,19.771299 49.274258,19.771206 49.274175,19.771168 49.274131,19.771125 49.2741,19.770898 49.274006,19.770776 49.273929,19.770733 49.273902,19.770687 49.273868),(19.770687 49.273868,19.77066 49.273828,19.770647 49.273799,19.770612 49.273724),(19.770612 49.273724,19.770517 49.273573,19.77045 49.273479,19.77038 49.273359,19.770359 49.273324,19.770315 49.273297,19.770201 49.273245,19.769994 49.273177,19.769937 49.273158,19.769862 49.273127,19.769776 49.273099,19.769716 49.273042),(19.769716 49.273042,19.769676 49.272962),(19.769676 49.272962,19.769612 49.272836,19.769518 49.272668,19.769309 49.272395,19.769264 49.272245,19.76912 49.27195,19.769082 49.271828,19.769105 49.271732,19.769103 49.271669,19.769085 49.271638,19.768988 49.271509,19.768854 49.271146,19.76875 49.270923,19.768724 49.270772,19.768641 49.270424,19.768655 49.270321),(19.768655 49.270321,19.768649 49.270223,19.768593 49.270026,19.768472 49.269844,19.768291 49.269518,19.768185 49.269252,19.76799 49.268918,19.76793 49.268867,19.767693 49.268743,19.767457 49.268627,19.767067 49.268341,19.766977 49.268275,19.766936 49.268254,19.766894 49.268254,19.766877 49.268279,19.766873 49.268338,19.766855 49.268343,19.766806 49.268328,19.766521 49.26818,19.766405 49.268134,19.766334 49.268109,19.766229 49.268102,19.765806 49.268038,19.76571 49.26801,19.765543 49.267942,19.764957 49.267843,19.764512 49.267688,19.764416 49.267661,19.764348 49.267658,19.76427 49.267655,19.764136 49.267654),(19.764136 49.267654,19.764113 49.267701,19.764069 49.267756,19.764006 49.267819,19.763887 49.267897,19.763704 49.267985,19.76352 49.268059,19.763154 49.2682,19.762661 49.268456,19.762006 49.268792,19.761431 49.269056,19.761119 49.269221,19.760966 49.269401,19.760829 49.269613,19.760603 49.270077,19.760389 49.270642,19.760274 49.270997,19.760137 49.271313,19.760074 49.27139,19.760011 49.271436,19.759938 49.271464,19.759819 49.271477),(19.759819 49.271477,19.759804 49.271987,19.759758 49.272476,19.759719 49.272987,19.759696 49.273227,19.759659 49.273423,19.759523 49.27403,19.759358 49.274587,19.759279 49.274877,19.759252 49.275029,19.75923 49.27515,19.759217 49.275275,19.759202 49.275393,19.759174 49.2755,19.759132 49.275594,19.75897 49.275895,19.758887 49.276051,19.758851 49.276129,19.758823 49.276199,19.758795 49.276282,19.758773 49.276368,19.758766 49.276458,19.75876 49.276566,19.758737 49.276648,19.758695 49.276725,19.758408 49.277107,19.758318 49.27723,19.758219 49.277323,19.757873 49.277564,19.757693 49.277686,19.757531 49.277802,19.757435 49.277881,19.75733 49.277988,19.757253 49.278066,19.757219 49.278105,19.757176 49.278148,19.757032 49.278297,19.756907 49.278443,19.756883 49.278473,19.756831 49.278533,19.756791 49.278582,19.756755 49.27863,19.756718 49.278686,19.756644 49.27882,19.756601 49.278931,19.756566 49.279059,19.756534 49.279183,19.756428 49.279735,19.756339 49.280202,19.756233 49.280721,19.756137 49.281223,19.756069 49.281549,19.756045 49.281635,19.756018 49.281712,19.755993 49.281768,19.755963 49.281818,19.755931 49.281869,19.75589 49.281915,19.75579 49.282002,19.755694 49.282073,19.755584 49.282144,19.755378 49.282276,19.755111 49.282446,19.754238 49.283007,19.752921 49.283853,19.752727 49.283968,19.752529 49.284075,19.752312 49.284172,19.752087 49.284261,19.75121 49.284572,19.750309 49.284881,19.74968 49.285097),(19.749914 49.297832,19.750013 49.297822,19.750106 49.297821,19.750189 49.297823,19.750854 49.297864),(19.750854 49.297864,19.751061 49.297871),(19.751061 49.297871,19.751178 49.297878,19.751267 49.297865,19.751321 49.297851,19.751375 49.297833,19.75144 49.297807,19.751506 49.29777,19.751724 49.297621,19.751852 49.29753,19.752361 49.297163),(19.752361 49.297163,19.752443 49.297104),(19.752443 49.297104,19.752568 49.297015,19.752686 49.296936,19.752798 49.296867,19.752825 49.296856),(19.752825 49.296856,19.753473 49.296514,19.753996 49.296253,19.75444 49.29604,19.754916 49.29582,19.755435 49.295566,19.755962 49.295301,19.756486 49.29504,19.756998 49.294791,19.757669 49.294459,19.757888 49.294351,19.758651 49.293982,19.759375 49.29362,19.760486 49.293065,19.760872 49.292875,19.761306 49.292656,19.761522 49.292556,19.761668 49.292488,19.761851 49.292415,19.762023 49.292354,19.762208 49.292292,19.763037 49.29204,19.764167 49.291699,19.764888 49.291473,19.765991 49.291139,19.766413 49.291019,19.766808 49.290897,19.767213 49.290773,19.76743 49.290712,19.767637 49.290657,19.767789 49.290615,19.767907 49.290583,19.768148 49.290507,19.768472 49.290391,19.768603 49.290332,19.768681 49.29028,19.769053 49.289976,19.769196 49.289862,19.769275 49.289808,19.769369 49.289752,19.769452 49.289709,19.769565 49.289664,19.769812 49.289576,19.770552 49.28932,19.770936 49.289196,19.771301 49.289072,19.771899 49.288859,19.772071 49.288796,19.772121 49.288778,19.772166 49.288761,19.772247 49.288719,19.772391 49.288629,19.77246 49.28858,19.772521 49.288532,19.772617 49.288452,19.772949 49.288117))"
Szlak 5610,#16A34A,standard,0,0,"MULTILINESTRING((19.750073 49.221157,19.750039 49.221127,19.749879 49.220551),(19.749996 49.213199,19.750103 49.213152,19.750225 49.213085,19.750322 49.213014,19.750381 49.212972,19.750392 49.212947,19.750393 49.212927,19.750394 49.212903,19.750395 49.212873,19.750412 49.212837,19.750436 49.212803,19.750532 49.212696,19.750566 49.212657,19.750574 49.212619,19.750578 49.212583,19.750588 49.212551,19.750608 49.212522,19.750639 49.212488,19.750671 49.212437,19.750709 49.212341,19.75073 49.212264,19.750741 49.212206,19.750752 49.212188,19.75077 49.212161,19.7508 49.212123,19.750866 49.212001,19.750892 49.211961,19.750908 49.211939,19.750918 49.211903,19.750937 49.211793,19.75095 49.21175,19.750971 49.21171,19.751 49.211672,19.751025 49.211632,19.751041 49.21159,19.751049 49.211548,19.751067 49.211501,19.751091 49.211472,19.751104 49.21145,19.75111 49.211421,19.751105 49.211388,19.751106 49.211358,19.751121 49.211327,19.75115 49.211283,19.751183 49.21125,19.751215 49.211214,19.751287 49.211095,19.751311 49.21105,19.751315 49.211024,19.751306 49.211001,19.751283 49.210978,19.751254 49.210964,19.751233 49.210944,19.751229 49.210917,19.751237 49.210894,19.751242 49.210865,19.751225 49.210825,19.751216 49.210795,19.751213 49.210758,19.751224 49.210719,19.751247 49.210679,19.751294 49.21062,19.751342 49.210577,19.751381 49.210547,19.751409 49.210519,19.751423 49.210492,19.751427 49.210465,19.751424 49.21044,19.751423 49.210399,19.751422 49.21037,19.751419 49.210337,19.751418 49.210293,19.751417 49.210251,19.751417 49.210221,19.751422 49.210184,19.751491 49.210057,19.751512 49.210019,19.751531 49.209991,19.751535 49.209962,19.751522 49.209941,19.751502 49.209928,19.751458 49.209899,19.751438 49.209865,19.751417 49.209814,19.751409 49.209774,19.751414 49.209736,19.751427 49.209701,19.751448 49.20967,19.751474 49.20964,19.751495 49.209595,19.751518 49.209535,19.75153 49.209471,19.751544 49.209407,19.751552 49.209356,19.751547 49.209325,19.751556 49.209284,19.751571 49.209256,19.751588 49.209228,19.751597 49.209205,19.751593 49.209159,19.751585 49.209102,19.751573 49.209059,19.751571 49.209018,19.751576 49.208978,19.751573 49.208955,19.751551 49.20891,19.75152 49.208855,19.751496 49.208818,19.751476 49.208782,19.751472 49.208748,19.751478 49.208713,19.751495 49.208662,19.751518 49.208626,19.751543 49.208587,19.751574 49.208501,19.75159 49.208447,19.751595 49.208396,19.751598 49.208344,19.751596 49.208297,19.751599 49.208258,19.751606 49.208216,19.751636 49.208118,19.751652 49.208071,19.751674 49.208023,19.751695 49.207982,19.751717 49.207932,19.751727 49.207888,19.751734 49.207839,19.751734 49.207797,19.751747 49.207754,19.75177 49.207718,19.751809 49.207677,19.75184 49.207641,19.751853 49.207609,19.751852 49.207554,19.751847 49.207515,19.75185 49.207472,19.751845 49.207432,19.751823 49.207364,19.751804 49.207326,19.751783 49.207303,19.751749 49.207269,19.751733 49.207238,19.751732 49.207201,19.751739 49.207169,19.751753 49.207143,19.751757 49.207026,19.75176 49.206983,19.751762 49.206943,19.751794 49.206832,19.751817 49.20677,19.751825 49.206757,19.751846 49.206744,19.751958 49.206709,19.751986 49.206693,19.752001 49.206676,19.752041 49.206605,19.752053 49.206573,19.752053 49.206541,19.752043 49.206502,19.752044 49.206476,19.752055 49.206443,19.75208 49.206415,19.752091 49.206386,19.752094 49.206359,19.75209 49.206334,19.752079 49.206308,19.75207 49.206271,19.752063 49.206209,19.752057 49.206155,19.75205 49.20612,19.752033 49.206092,19.752018 49.206074,19.75196 49.206027,19.751916 49.205996,19.751887 49.205976,19.751883 49.205957,19.751887 49.205937,19.751911 49.205868,19.751914 49.205841,19.751906 49.205824,19.751911 49.205806,19.751919 49.205785,19.751906 49.205767,19.75189 49.205741,19.751886 49.20572,19.751892 49.205688,19.751896 49.205661,19.751899 49.20563,19.751895 49.2056,19.751878 49.205572,19.751874 49.205553,19.751882 49.205523,19.751884 49.205494,19.751871 49.205471,19.751825 49.205421,19.751811 49.2054,19.751811 49.205379,19.751826 49.205341,19.75182 49.205318,19.751805 49.205291,19.7518 49.205261,19.751792 49.205221,19.751776 49.205184,19.751754 49.205141,19.7517 49.205067,19.751644 49.204995,19.751605 49.204952,19.751577 49.204926,19.751563 49.204914,19.751541 49.204907,19.751493 49.204907,19.75147 49.204904,19.751457 49.204893,19.751439 49.204753,19.751425 49.204734,19.751399 49.204723,19.751355 49.204719,19.751295 49.204709),(19.751295 49.204709,19.751195 49.204682,19.751158 49.204669,19.751055 49.204655,19.750933 49.204631,19.75088 49.204622,19.750821 49.204602,19.750772 49.204595,19.750724 49.204598,19.750673 49.204609,19.750617 49.204622,19.750561 49.204628,19.750518 49.204627,19.750488 49.204633,19.750464 49.20465,19.750431 49.204681,19.750376 49.204707,19.750283 49.204736,19.750183 49.204778,19.750067 49.204847,19.750021 49.204884,19.749983 49.204921),(19.749875 49.193282,19.750189 49.19321,19.750291 49.193196,19.750377 49.193281,19.750515 49.193355,19.750629 49.193351,19.750783 49.193284),(19.750783 49.193284,19.750882 49.193277,19.750955 49.193217,19.751018 49.193156,19.75106 49.193175,19.751257 49.193395,19.751371 49.193494,19.751427 49.19359,19.751495 49.193643,19.751637 49.193738,19.751834 49.193853,19.752049 49.19393,19.752085 49.193912,19.752111 49.193815,19.752127 49.19368,19.752149 49.193608,19.752148 49.193538,19.752188 49.193508,19.752221 49.193543,19.752253 49.193552,19.752264 49.193523,19.752249 49.193443,19.752278 49.193422,19.752337 49.193294,19.752352 49.193244,19.752381 49.193225,19.752475 49.193205,19.752556 49.193225,19.752636 49.193261,19.752708 49.193273,19.752973 49.193255,19.753149 49.193202,19.753296 49.193183,19.753482 49.19309,19.753761 49.193058,19.753895 49.193013,19.75397 49.192983,19.754036 49.192971,19.754092 49.192939,19.754163 49.19292,19.754314 49.192905,19.754382 49.192897,19.75442 49.192916,19.754434 49.192929,19.754484 49.192917,19.754513 49.192918,19.754543 49.192929,19.754579 49.192925,19.754617 49.192928,19.754745 49.192947,19.754772 49.192943,19.754816 49.192916,19.75486 49.192902,19.75509 49.192878,19.755167 49.192858,19.755198 49.192837,19.755246 49.192839,19.755331 49.192823,19.755535 49.192789,19.755612 49.192746,19.755652 49.192728,19.755695 49.19273,19.755792 49.192768,19.755946 49.192795,19.756129 49.192769,19.756262 49.192806,19.756446 49.192799,19.756539 49.192814,19.756736 49.192839,19.756833 49.192872,19.756959 49.192885,19.757044 49.192907,19.757072 49.192933,19.757143 49.192947,19.757246 49.192958,19.757288 49.192994,19.757305 49.193018,19.757359 49.193029,19.757442 49.193043,19.757475 49.193049,19.757684 49.19307,19.757719 49.193062,19.757768 49.193069,19.757906 49.193106,19.757993 49.193149,19.758114 49.193171,19.758257 49.193186,19.758317 49.193227,19.758438 49.193254,19.758549 49.1933,19.758604 49.193305,19.758697 49.193259,19.758812 49.193259,19.75889 49.193283,19.758993 49.193302,19.759134 49.193318,19.759221 49.19333,19.759279 49.193377,19.759356 49.193431,19.759491 49.193475,19.759614 49.193502,19.759812 49.193731,19.759909 49.193787,19.759959 49.193897,19.760021 49.193933,19.76012 49.193932,19.76025 49.193909,19.760368 49.193905,19.760427 49.193913,19.760595 49.193994,19.760741 49.194032,19.760923 49.1941,19.761089 49.194186,19.76115 49.194308,19.761179 49.194353,19.761174 49.194382,19.76117 49.1944,19.761189 49.194409,19.761221 49.194401,19.761255 49.19441,19.761266 49.194481,19.761319 49.194481,19.761319 49.19451,19.761354 49.19453,19.7614 49.194555,19.761449 49.194531,19.761516 49.194525,19.761533 49.194578,19.761622 49.19457,19.76173 49.194558,19.761873 49.194527,19.761935 49.194544,19.761992 49.194544,19.762029 49.194538,19.76209 49.194556,19.762139 49.194539,19.762189 49.194524,19.762221 49.194518,19.762282 49.19454,19.76249 49.194547,19.762646 49.194548,19.762698 49.194566,19.762747 49.194547,19.762854 49.19454,19.762918 49.194545,19.762972 49.194531,19.763016 49.194547,19.763135 49.194526,19.763218 49.194488,19.763343 49.194473,19.763479 49.194433,19.763627 49.194404,19.763834 49.194359,19.763984 49.19431,19.76409 49.194274,19.76429 49.194232,19.764535 49.194143,19.76467 49.1941,19.764823 49.193998,19.764955 49.19393,19.765028 49.193868,19.765044 49.193831,19.765071 49.193809,19.765105 49.19377,19.765121 49.193717,19.76512 49.193681,19.765157 49.193634,19.765193 49.193612,19.765211 49.193568,19.765251 49.193498,19.765311 49.193401,19.765361 49.193354,19.765395 49.193304,19.765564 49.193175,19.765588 49.193131,19.765586 49.193089,19.765621 49.193051,19.76568 49.192999,19.765725 49.192988,19.765753 49.192971,19.765887 49.192892,19.765952 49.192882,19.76601 49.192843,19.766173 49.192781,19.766333 49.19273,19.766418 49.192711,19.766489 49.192707,19.766523 49.192696,19.76687 49.192574,19.767034 49.192508,19.767183 49.19247,19.767597 49.192405,19.767689 49.192388,19.767797 49.192383,19.767874 49.192355,19.767999 49.192254,19.768071 49.19225,19.768261 49.192252,19.768345 49.192242,19.76838 49.192219,19.768397 49.192197,19.768397 49.192161,19.768433 49.192115,19.768467 49.192096,19.768482 49.192009,19.768468 49.191951,19.768472 49.191918,19.768507 49.191906,19.7686 49.191934,19.768689 49.191946,19.768722 49.191964,19.768793 49.191978,19.768831 49.191967,19.769022 49.192005,19.769036 49.191982,19.769076 49.191963,19.769079 49.191871,19.769161 49.191826,19.769207 49.191849,19.769399 49.191901,19.769519 49.191913,19.769588 49.191887,19.769667 49.191908,19.76969 49.191894,19.769659 49.191822,19.769849 49.191762,19.769894 49.19173,19.76993 49.191686,19.76998 49.191639,19.770018 49.19164,19.770209 49.191507,19.770299 49.191504,19.7704 49.191459,19.770566 49.191405,19.770764 49.191303,19.770966 49.191188,19.771069 49.191165,19.771224 49.191069,19.771255 49.191003,19.771285 49.190847,19.77135 49.190754,19.77165 49.190552,19.771858 49.190367,19.771951 49.190244,19.771947 49.190156,19.771992 49.190131,19.772129 49.1901,19.772233 49.189991,19.772357 49.189924,19.772601 49.189782,19.772605 49.18975,19.772652 49.189748,19.772685 49.1896,19.772697 49.189403,19.772765 49.189258,19.772813 49.189093,19.772852 49.189033,19.772929 49.189028,19.772964 49.189001,19.772908 49.188892,19.772978 49.18883,19.773313 49.188778,19.773691 49.188648,19.773827 49.188541,19.773921 49.188508,19.774146 49.188509,19.774286 49.188358,19.774379 49.188139,19.774435 49.188077,19.77461 49.188136,19.774735 49.188126,19.774796 49.188038,19.774838 49.187958,19.774916 49.187935,19.775154 49.187971,19.775212 49.187925,19.77538 49.187658,19.775481 49.187582),(19.775481 49.187582,19.775595 49.18812,19.775546 49.18832,19.775568 49.188586,19.775509 49.189003,19.77536 49.18962,19.775385 49.189855,19.775557 49.190244,19.775583 49.19054,19.775664 49.190918,19.775747 49.191134,19.775811 49.191231,19.775811 49.191288),(19.775811 49.191288,19.775855 49.191306),(19.775855 49.191306,19.775906 49.191299),(19.775906 49.191299,19.775979 49.191279),(19.775979 49.191279,19.776045 49.191342,19.776072 49.191549,19.776131 49.191703,19.776206 49.191798,19.776463 49.191819,19.776528 49.191854,19.776619 49.191948,19.77677 49.192009,19.776925 49.19192,19.777048 49.191878,19.777193 49.191868,19.777263 49.191876,19.77728 49.191944,19.777254 49.192187,19.777499 49.192267,19.777778 49.192446,19.777901 49.192576,19.778046 49.192667,19.778089 49.192825,19.778196 49.192937,19.77828 49.19311,19.77855 49.19314,19.77862 49.193295,19.778631 49.193477,19.778718 49.193589,19.778883 49.193596,19.778972 49.193584,19.779249 49.193451,19.779389 49.193454,19.779485 49.193465,19.779463 49.19351,19.779399 49.193557,19.779415 49.193604,19.779505 49.193662,19.779515 49.193756,19.779482 49.193814,19.779444 49.193908,19.77942 49.194017,19.77943 49.19409,19.779431 49.194166),(19.779431 49.194166,19.779667 49.194165,19.779787 49.194201,19.779857 49.194264,19.779891 49.194387,19.779975 49.194471,19.779996 49.194558,19.780087 49.194623,19.780181 49.194629,19.780154 49.194653,19.780337 49.194718,19.780497 49.194772,19.780586 49.194811,19.78065 49.194851,19.78072 49.194881,19.780833 49.19493,19.78097 49.195,19.781045 49.195067,19.781093 49.195144,19.781139 49.19521,19.781324 49.195302,19.781536 49.195435,19.781847 49.195645,19.781935 49.195724,19.781997 49.195749,19.78226 49.195752,19.782509 49.195741,19.782627 49.195801,19.782698 49.195868,19.782944 49.196071,19.783094 49.196115,19.78318 49.196166,19.783306 49.196234,19.783397 49.196253,19.783542 49.196295,19.783814 49.19647,19.78433 49.196793,19.784692 49.197065,19.784918 49.197238,19.785183 49.197344,19.785789 49.197636,19.785993 49.197808,19.786318 49.197989,19.786554 49.198057,19.786728 49.198104,19.787238 49.198281,19.787568 49.198348,19.787898 49.198423,19.788246 49.198498,19.788515 49.198535,19.788788 49.198627,19.789107 49.198798,19.78918 49.198861,19.789309 49.198879,19.789344 49.198933,19.789416 49.19895,19.789518 49.19895,19.789574 49.198943,19.789633 49.198971,19.789706 49.198984,19.789707 49.199037,19.789761 49.199049,19.789815 49.199061,19.789848 49.199058,19.789887 49.199047,19.789934 49.199042,19.789951 49.199067),(19.789951 49.199067,19.789956 49.199092,19.789964 49.199122,19.789969 49.199203),(19.789969 49.199203,19.790091 49.199193,19.790508 49.199194,19.790827 49.199094,19.790985 49.199114,19.791068 49.199058,19.791186 49.199089,19.791318 49.199017,19.791529 49.199054,19.79164 49.19906,19.791674 49.199034,19.791728 49.199042,19.791798 49.199024,19.791886 49.198991,19.791988 49.198989,19.792092 49.198946,19.792157 49.198947,19.792197 49.198902,19.792278 49.198916,19.792317 49.198885,19.792404 49.198907,19.79245 49.19889,19.792503 49.198902,19.792549 49.198879,19.792631 49.198891,19.792624 49.198856,19.792728 49.198905,19.79279 49.198944,19.792833 49.19893,19.792889 49.19883,19.793005 49.198826,19.793131 49.198797,19.793284 49.198758,19.79339 49.198782,19.793439 49.198763,19.793471 49.198786,19.793518 49.198744,19.793603 49.198791,19.793628 49.198764,19.793664 49.19876,19.793698 49.198739,19.793745 49.198735,19.793758 49.198709,19.793807 49.198706,19.793807 49.198685,19.793866 49.198687,19.793903 49.198693,19.793909 49.198656,19.793968 49.198665,19.793994 49.198644,19.794 49.198621,19.794024 49.198631,19.794069 49.198621,19.794087 49.198585,19.794119 49.198571,19.794174 49.198579,19.794187 49.198553,19.794222 49.198572,19.794233 49.198539,19.794303 49.198555,19.794335 49.198518,19.794383 49.198523,19.794432 49.198483,19.794518 49.198476,19.794625 49.198449,19.794681 49.1984,19.794748 49.198413,19.794794 49.198381,19.794853 49.198418,19.794854 49.198388,19.794904 49.198404,19.794935 49.198375,19.794967 49.198398,19.795016 49.198386),(19.795016 49.198386,19.795051 49.198275,19.79513 49.198107,19.795142 49.19801,19.795192 49.197923,19.795199 49.197865,19.795184 49.197793,19.795105 49.197683,19.795116 49.19757,19.795089 49.19745,19.795087 49.197298,19.795173 49.197207,19.795252 49.197122,19.79551 49.197018,19.795623 49.196919,19.795692 49.196889,19.79572 49.196821,19.7958 49.196685,19.795993 49.196559,19.796175 49.196471,19.796318 49.196368,19.796425 49.196332,19.796593 49.196238,19.796982 49.196103,19.797259 49.19599,19.797514 49.19585,19.797644 49.195729,19.797823 49.195574,19.798082 49.195367,19.798309 49.195171,19.79838 49.195076,19.798509 49.195021,19.798581 49.194985,19.798688 49.194933,19.798842 49.194803,19.799019 49.194775,19.799562 49.194471,19.799622 49.194473,19.799703 49.194422,19.79972 49.194385,19.799893 49.194296,19.799983 49.19431,19.800056 49.194239,19.800067 49.194204,19.800168 49.19416,19.800235 49.19416,19.800361 49.194063,19.800418 49.193912,19.800493 49.19384,19.800523 49.193768,19.80054 49.193703,19.800622 49.193666,19.800742 49.193704,19.800811 49.193685,19.800948 49.193564,19.801149 49.193448,19.801248 49.193348,19.801277 49.193297,19.801285 49.193246,19.801336 49.193167,19.801271 49.193,19.801223 49.192897,19.801168 49.192738,19.80116 49.192295,19.801183 49.192203,19.801153 49.192132,19.801105 49.192046,19.800983 49.191996,19.80092 49.191923,19.800807 49.191847,19.800515 49.191637,19.800462 49.191587,19.800291 49.191496,19.800224 49.191399,19.799857 49.191196,19.799708 49.191128,19.79958 49.190991,19.799381 49.190892,19.799277 49.190767,19.799033 49.190633,19.798941 49.19052,19.798851 49.190467,19.798742 49.19034,19.79868 49.190306,19.798652 49.190251,19.798543 49.190231,19.79849 49.190187,19.79798 49.18987,19.797613 49.189573,19.797579 49.189515,19.797512 49.18945,19.797453 49.189337,19.79717 49.189223,19.797021 49.189112,19.796766 49.188971,19.796635 49.188788,19.796554 49.188546,19.796354 49.188476,19.796326 49.188385,19.796413 49.188288,19.796363 49.188204,19.796419 49.188105,19.796427 49.188046,19.796432 49.187969,19.796457 49.187897,19.7965 49.187757,19.796581 49.187678,19.796612 49.187632,19.796587 49.187482,19.796618 49.187308,19.796615 49.187211,19.796499 49.186871,19.796429 49.186771,19.796351 49.186697,19.796232 49.18657,19.796124 49.186419,19.79606 49.186295,19.796037 49.186093,19.795989 49.186035,19.795892 49.185982,19.795629 49.185537,19.795424 49.185317,19.795424 49.1852,19.795234 49.18501,19.795222 49.184794,19.795002 49.184523,19.794915 49.184375,19.79474 49.184223,19.794629 49.184078,19.79424 49.18381,19.794123 49.183695,19.79402 49.183512,19.793927 49.183387,19.793891 49.183312,19.793815 49.183165,19.793799 49.182959,19.793816 49.182757,19.793808 49.182606,19.79376 49.18248,19.79375 49.182278,19.793761 49.182096,19.793685 49.181766,19.793642 49.181652,19.793595 49.181539,19.793579 49.181338,19.793547 49.181239,19.793552 49.18115,19.793631 49.181028,19.793862 49.180771,19.793919 49.180691,19.793945 49.180542,19.793976 49.18016,19.79397 49.180016,19.793827 49.179841))"
Szlak 8566,#EAB308,standard,1291,1818,"MULTILINESTRING((19.749834 49.232946,19.750068 49.232868,19.750279 49.232829,19.750326 49.232817,19.750428 49.232781,19.750489 49.232771,19.7512 49.232688,19.752007 49.232292,19.752247 49.232089,19.752423 49.231946,19.75262 49.231845,19.75293 49.231571,19.753 49.231377,19.753092 49.231259,19.753187 49.231178,19.753291 49.231103,19.753575 49.230852,19.753719 49.230624,19.753836 49.230417),(19.753836 49.230417,19.753929 49.23023,19.754006 49.230122,19.754145 49.230038,19.75427 49.229891,19.75438 49.229802,19.754398 49.229754,19.754461 49.229703,19.754629 49.229569,19.75467 49.229522,19.754709 49.22945,19.754733 49.229421,19.754803 49.229376,19.754826 49.229345,19.754877 49.229316,19.754933 49.229293,19.75496 49.229272,19.755058 49.229154,19.755194 49.228924,19.755201 49.228855,19.755207 49.228742,19.755207 49.228725,19.755202 49.228715,19.755145 49.228709,19.75499 49.228735,19.754925 49.228744,19.754907 49.228739,19.754901 49.228727,19.754956 49.228568,19.754994 49.228422,19.75499 49.228409,19.754982 49.228404,19.754971 49.228411,19.754949 49.228413,19.754827 49.228408,19.754812 49.228399,19.754785 49.228403,19.754699 49.22844,19.754673 49.228446,19.754657 49.228442,19.754658 49.228424,19.754679 49.228267,19.754692 49.228213,19.75468 49.228203,19.754662 49.228207,19.75462 49.228226,19.75445 49.228326,19.75442 49.228348,19.754399 49.228354,19.75439 49.228342,19.754397 49.228262,19.754417 49.228231,19.754425 49.22819,19.754413 49.228133,19.754405 49.228081,19.754414 49.228014,19.754391 49.227885,19.754392 49.227861,19.754396 49.227837,19.754388 49.22781,19.754374 49.227783,19.75438 49.227583,19.754367 49.227528,19.754378 49.227493,19.75438 49.227471,19.754374 49.227458,19.754362 49.227458,19.754346 49.227468,19.75427 49.227527,19.754252 49.22754,19.75423 49.22754,19.75422 49.227525,19.754246 49.227408,19.754236 49.227376,19.754239 49.227354,19.754263 49.227295,19.754275 49.227259,19.75426 49.227208,19.754277 49.227148,19.754275 49.227056,19.754288 49.226965,19.75416 49.226777,19.754214 49.226532,19.754207 49.226512,19.754167 49.226476,19.754049 49.226329,19.753987 49.226158,19.753893 49.226054,19.75385 49.225996,19.753831 49.225936,19.753825 49.225874,19.753836 49.225847,19.753834 49.225829,19.75381 49.225786,19.753735 49.225739,19.753711 49.225728,19.753682 49.225687,19.753629 49.225646,19.753561 49.225619,19.753498 49.225594,19.753477 49.225575,19.753414 49.225492,19.753323 49.22537,19.753284 49.225334,19.753255 49.225322,19.753215 49.225305,19.753148 49.225256,19.753092 49.225229,19.753087 49.225212,19.753111 49.225192,19.753115 49.225178,19.753103 49.225151,19.753102 49.22513,19.753098 49.22511,19.753078 49.225092,19.753068 49.225081,19.753075 49.225038,19.75307 49.225029,19.753045 49.22502,19.752939 49.224958,19.752822 49.2249,19.752735 49.224861,19.752677 49.224841,19.752606 49.224798,19.752587 49.224784,19.752559 49.224738,19.752543 49.224718,19.75252 49.224699,19.752445 49.224539,19.75242 49.224502,19.752389 49.224479,19.752262 49.224445,19.752234 49.22444,19.752128 49.224383,19.752107 49.224365,19.752074 49.224335,19.752036 49.224281,19.752012 49.224259,19.751993 49.224253,19.751953 49.224241,19.751926 49.224229,19.751843 49.224131,19.751769 49.22405,19.75172 49.224006,19.751699 49.223992,19.751682 49.223967,19.751648 49.223944,19.751634 49.223928,19.75163 49.223895,19.751619 49.223865,19.751523 49.22371,19.751495 49.223682,19.75147 49.223678,19.751438 49.223684,19.75142 49.223686,19.751401 49.223681,19.751385 49.223671,19.751364 49.22367,19.751322 49.223677,19.751258 49.223692,19.751133 49.223739,19.751071 49.223774,19.751055 49.22378,19.751032 49.223777,19.751017 49.223779,19.751009 49.223791,19.750994 49.223815,19.75095 49.223858,19.750925 49.223909,19.750939 49.22397,19.751002 49.224179,19.751067 49.224339,19.751082 49.224406,19.751092 49.224498,19.751079 49.224916,19.751064 49.224976,19.751058 49.225021,19.751066 49.225059,19.751063 49.225076,19.751038 49.225102,19.751029 49.225131,19.751032 49.225153,19.751035 49.225173,19.751028 49.225187,19.751006 49.225206,19.750999 49.225219,19.751012 49.225236,19.751017 49.225259,19.751024 49.225282,19.751019 49.225299,19.751001 49.225318,19.750994 49.225336,19.750999 49.225372,19.751005 49.22541,19.750977 49.225444,19.750948 49.225466,19.750912 49.225484,19.750894 49.2255,19.750887 49.22558,19.750888 49.225609,19.750895 49.225628,19.750894 49.22565,19.750907 49.225685,19.750941 49.225822,19.750948 49.225893,19.750942 49.225932,19.750864 49.226017,19.750813 49.226072,19.75076 49.226089,19.750706 49.226097,19.750616 49.226094,19.750498 49.226063,19.750175 49.225915,19.75008 49.225871,19.750016 49.225815,19.749982 49.225763,19.749795 49.221728,19.750007 49.22163,19.750043 49.221608),(19.750043 49.221608,19.750069 49.221525,19.750065 49.221389,19.750073 49.221157,19.750184 49.220998,19.750335 49.220838,19.750478 49.2207,19.750515 49.22068,19.750586 49.220655,19.750663 49.220606,19.750757 49.220574,19.750806 49.220542,19.750893 49.220471,19.750937 49.220449,19.751032 49.220437,19.751137 49.220431,19.751227 49.220466,19.751383 49.220461,19.751504 49.220432,19.751799 49.220387,19.75219 49.220346,19.752461 49.220285,19.752816 49.220249,19.752938 49.220224,19.753032 49.220173,19.75311 49.220072,19.75311 49.219996,19.753126 49.21997,19.753159 49.21995,19.753222 49.219947,19.75326 49.219952,19.753301 49.219943,19.753388 49.219895,19.753445 49.21985,19.753566 49.21974,19.753665 49.2196,19.753713 49.21953,19.753741 49.219489,19.753812 49.219315,19.753896 49.219216,19.754372 49.218826,19.754566 49.218643,19.754731 49.21857,19.754849 49.218483,19.754961 49.218423,19.755202 49.218257,19.755506 49.218039,19.755584 49.217963,19.755625 49.217872,19.755699 49.217836,19.755963 49.217671,19.756124 49.217534,19.756271 49.217376,19.756691 49.217064,19.756842 49.216918,19.75704 49.216771,19.757651 49.216439,19.758045 49.216222,19.758255 49.21611,19.758422 49.215987))"
Szlak 8622,#EAB308,standard,0,0,"MULTILINESTRING((19.842587 49.188618,19.842677 49.18852,19.842735 49.188487,19.842802 49.188468,19.842884 49.188427,19.842963 49.188369,19.842997 49.188338,19.843073 49.188314,19.843184 49.188219,19.843263 49.18819,19.843281 49.188167,19.843318 49.18815,19.843345 49.188125,19.843401 49.188115,19.843452 49.188067,19.84354 49.188053,19.843619 49.188021,19.843667 49.187993,19.843682 49.187968,19.84377 49.18795,19.843804 49.187927,19.843851 49.187917,19.843965 49.187878,19.84402 49.187842,19.844069 49.187819,19.844114 49.187796,19.844161 49.187774,19.844227 49.187761,19.844274 49.187753,19.844363 49.187683,19.844445 49.187646,19.844468 49.187624,19.844604 49.18756,19.844762 49.187503,19.844811 49.187462,19.844902 49.187424,19.844939 49.187416,19.845015 49.187367,19.845055 49.187325,19.84508 49.187287,19.845189 49.187198,19.845293 49.187157,19.845371 49.18711,19.84544 49.187079,19.8455 49.187027,19.845541 49.187008,19.845624 49.186934,19.845668 49.186867,19.84567 49.186801,19.845757 49.186779,19.845857 49.186727,19.84591 49.186711,19.845957 49.186661,19.846084 49.186573,19.846089 49.186524,19.846142 49.186467,19.846169 49.186407,19.846228 49.18633,19.846305 49.186194,19.846452 49.186026,19.846486 49.186008,19.846568 49.185932,19.846605 49.185871,19.846815 49.185664,19.846893 49.185517,19.846941 49.185413,19.846981 49.185329,19.847037 49.185256,19.847175 49.185127,19.84721 49.185054,19.847203 49.184964,19.847389 49.184815,19.847472 49.184694,19.84755 49.184537,19.847628 49.184461,19.84769 49.184393,19.847774 49.184244,19.847974 49.184021,19.848078 49.183909,19.848202 49.183763,19.848279 49.183621,19.848416 49.183492,19.848522 49.183353,19.848581 49.183244,19.848673 49.183137,19.848691 49.1831,19.848757 49.183033,19.848795 49.182916,19.848866 49.182871,19.848956 49.182733,19.848938 49.182622,19.849002 49.182569,19.84902 49.182497,19.849147 49.182359,19.849166 49.182295,19.849292 49.182179,19.849347 49.182068,19.849399 49.181938,19.849427 49.181902,19.849452 49.181833,19.849535 49.181725,19.849581 49.181662,19.849594 49.181582,19.849637 49.181493,19.849712 49.181416,19.849766 49.181362,19.849779 49.181319,19.849732 49.181288,19.849731 49.18123,19.84971 49.181221,19.849658 49.181277,19.849616 49.181292,19.849595 49.181263,19.849623 49.181241,19.849602 49.181228,19.849552 49.181257,19.849535 49.181237,19.849558 49.181219,19.849534 49.181209,19.849473 49.18124,19.849441 49.181219,19.849472 49.181199,19.849476 49.181148,19.849438 49.181177,19.849387 49.181198,19.849391 49.181167,19.849381 49.181138,19.849397 49.181063,19.849347 49.181104,19.84931 49.18105,19.849312 49.180973,19.849282 49.180963,19.849141 49.181096,19.849016 49.181165,19.848965 49.181223,19.848927 49.181219,19.848942 49.181148,19.84896 49.181079,19.848932 49.181077,19.848905 49.181109,19.848847 49.181098,19.848713 49.181138,19.84869 49.181119,19.848753 49.181093,19.848745 49.181081,19.848689 49.181094,19.848598 49.181064,19.848534 49.181092,19.848502 49.181079,19.848553 49.180993,19.848537 49.180968,19.848577 49.180905,19.848577 49.18084,19.848534 49.180855,19.848324 49.180907,19.848351 49.180879,19.848324 49.180859,19.848139 49.180921,19.848117 49.18095,19.848062 49.180972,19.848017 49.180954,19.847955 49.180975,19.847856 49.181046,19.847797 49.181065,19.847802 49.181037,19.847753 49.180994,19.847707 49.180889,19.847618 49.180951,19.847576 49.180898,19.847568 49.180845,19.84755 49.180822,19.847517 49.180823,19.847494 49.180853,19.847459 49.180842,19.847441 49.180773,19.847409 49.180771,19.847292 49.18083,19.847089 49.180701,19.847043 49.180683,19.846902 49.180677,19.846826 49.180659,19.84674 49.180576,19.846675 49.180554,19.846617 49.180526,19.846587 49.180462,19.846607 49.180298,19.846563 49.180247,19.846533 49.180261,19.846428 49.180188,19.846415 49.180164,19.846389 49.180117,19.846399 49.179977))"
Szlak 2902,#2563EB,standard,1238,1585,"MULTILINESTRING((19.982065 49.179871,19.982369 49.18015,19.98265 49.180383,19.982806 49.180546,19.983087 49.180888,19.983782 49.181286,19.983958 49.181472,19.984597 49.181825,19.985055 49.182196,19.985336 49.1826,19.986076 49.183082,19.986271 49.183397,19.986397 49.183709,19.986491 49.184042,19.986614 49.184225,19.987013 49.184539),(19.987013 49.184539,19.987154 49.184619,19.987438 49.184767,19.987872 49.185037,19.988063 49.185252,19.988296 49.185431,19.988934 49.185681,19.989408 49.185803,19.989686 49.185853,19.989801 49.185879,19.989884 49.185927,19.989922 49.185969),(19.989922 49.185969,19.9901 49.186119,19.990257 49.186244,19.990297 49.186351,19.990383 49.186532,19.990467 49.18672),(19.990467 49.18672,19.990453 49.186931),(19.990453 49.186931,19.99045 49.18696,19.990434 49.186993),(19.990434 49.186993,19.990434 49.187051,19.990474 49.187144,19.990538 49.187256,19.990721 49.187452,19.990839 49.187643,19.990863 49.187736,19.990949 49.187896,19.991074 49.188018),(19.991074 49.188018,19.991416 49.188234,19.992038 49.188648,19.992411 49.188963,19.992497 49.189028,19.992644 49.189137,19.993368 49.189633,19.993693 49.189775,19.994066 49.189901),(19.994066 49.189901,19.994142 49.18993),(19.994142 49.18993,19.994337 49.18999,19.994436 49.190003,19.99468 49.189987,19.994916 49.189976,19.995085 49.189977,19.995431 49.190043,19.995731 49.19009,19.996053 49.190117,19.996453 49.190075,19.996778 49.190013,19.997103 49.189929,19.997293 49.189945,19.997453 49.189975,19.997624 49.19007,19.997767 49.190145,19.997928 49.190188,19.998089 49.190196,19.998473 49.190166,19.998803 49.190134,19.999181 49.190078,19.999599 49.190043,20.000114 49.190069,20.000398 49.190224,20.000672 49.190339,20.001047 49.190369,20.001329 49.190379,20.00163 49.190409,20.00212 49.190523,20.002619 49.190614,20.003199 49.190751),(20.003199 49.190751,20.003306 49.190788),(20.003306 49.190788,20.003365 49.190795,20.003588 49.190888,20.00388 49.190942,20.004127 49.190951,20.00429 49.190977,20.004931 49.191155),(20.00605 49.188976,20.006039 49.189028,20.006015 49.189079,20.005758 49.189112,20.005853 49.189159,20.005945 49.189175,20.005982 49.189184,20.005987 49.18922,20.005957 49.189251,20.005944 49.18928,20.005825 49.189538,20.0058 49.189659,20.005779 49.18984,20.005763 49.189961,20.005688 49.190039,20.005615 49.190122,20.005626 49.190213,20.005693 49.190429,20.005674 49.190625,20.005664 49.190739,20.005601 49.190836,20.005349 49.190979,20.005214 49.19103,20.005092 49.191088,20.005011 49.191125,20.004931 49.191155),(20.006091 49.188874,20.00605 49.188976),(20.013555 49.186071,20.013466 49.186148,20.013284 49.186211,20.012932 49.186335,20.01275 49.186381,20.012423 49.186381,20.012179 49.186449,20.011873 49.186442,20.011629 49.186476,20.011441 49.186474,20.011243 49.186525,20.010993 49.186646,20.010848 49.186682,20.010749 49.18673,20.010591 49.186826,20.010411 49.1869,20.010343 49.186953,20.010215 49.187052,20.0101 49.187159,20.010057 49.187271,20.010049 49.187424,20.010003 49.187475,20.00977 49.187596,20.009585 49.187643,20.009485 49.187727,20.009462 49.187747,20.00936 49.187787,20.009239 49.187767,20.009008 49.187722,20.008839 49.187727,20.008328 49.18782,20.007777 49.187869,20.007348 49.187988,20.007255 49.188081,20.007174 49.188244,20.007176 49.188334,20.007255 49.188464,20.0073 49.188548,20.007305 49.188618,20.007211 49.188693,20.007082 49.188714,20.006986 49.188733,20.006781 49.188741,20.006503 49.188695,20.006399 49.188723,20.00622 49.188801,20.006148 49.188805,20.00607 49.188798,20.006016 49.188811,20.005986 49.18882,20.00598 49.18884,20.006022 49.188848,20.006058 49.188859,20.006091 49.188874),(20.013555 49.186071,20.013657 49.185986,20.013826 49.185936,20.013968 49.185907,20.014088 49.185825,20.014102 49.18569,20.014217 49.185567,20.014384 49.185513,20.014464 49.18551,20.014587 49.185578,20.014676 49.185599,20.014732 49.185573,20.014774 49.185521,20.014892 49.185534,20.014928 49.185595,20.015006 49.185666,20.015075 49.185769,20.015117 49.185845,20.015301 49.185813,20.015424 49.185827,20.01555 49.185799,20.01576 49.185709,20.015851 49.185646),(20.015851 49.185646,20.015974 49.185571,20.016138 49.185496,20.016323 49.185441,20.01639 49.185371,20.016385 49.185324,20.016506 49.185268,20.016591 49.185261,20.01672 49.185215,20.016846 49.18519,20.016961 49.18515,20.017017 49.185064,20.017004 49.184975,20.017111 49.184782,20.017275 49.184659,20.017401 49.18458,20.017514 49.18453,20.017573 49.184435,20.017648 49.184373,20.017685 49.184321,20.018034 49.1841,20.018144 49.184069,20.018168 49.184002,20.018241 49.183962,20.018334 49.183925,20.018447 49.183825,20.018482 49.183765,20.018702 49.183644,20.018769 49.183637,20.01893 49.183539,20.01904 49.183521,20.019139 49.183474,20.019278 49.183339,20.019367 49.183288,20.019496 49.183185,20.019579 49.183141,20.019654 49.183073,20.019683 49.183008,20.019815 49.182873,20.020051 49.182754,20.020164 49.182634,20.02018 49.182573,20.020327 49.182484,20.020536 49.18231,20.020569 49.18225,20.020831 49.182128,20.020958 49.182031,20.021086 49.181965,20.021178 49.181882,20.021338 49.181826,20.021647 49.181577,20.021722 49.181547,20.021762 49.181512,20.021845 49.181477,20.021902 49.181398,20.022157 49.181253,20.022202 49.181188,20.02228 49.18116,20.022377 49.181076,20.02247 49.181037,20.022556 49.180948,20.022701 49.180895,20.022822 49.180795,20.0229 49.180725,20.023168 49.180636,20.023393 49.18055,20.023525 49.180469,20.023798 49.180392,20.024061 49.180215,20.024348 49.18005,20.024477 49.179994))"
Szlak 0934,#DC2626,standard,0,0,"MULTILINESTRING((20.048246 49.182374,20.048252 49.182342,20.048268 49.182308,20.048391 49.182102,20.048485 49.181931,20.0486 49.18182,20.048728 49.181747,20.04879 49.181667,20.048946 49.181501,20.048985 49.181454,20.048988 49.1814,20.048938 49.181325,20.048937 49.181243,20.048985 49.181186,20.049113 49.181124,20.049161 49.181072,20.049299 49.181005,20.049588 49.180812,20.049627 49.180714,20.049691 49.180625,20.049821 49.180458,20.049908 49.180371,20.049936 49.180309,20.049964 49.180058,20.050078 49.179803))"
Bobrowiecka Przełęcz - Grześ,#2563EB,standard,0,0,"MULTILINESTRING((19.766779 49.236584,19.766931 49.236587,19.767092 49.236624,19.767239 49.236632,19.767419 49.236608,19.767556 49.236624,19.767771 49.236655,19.767969 49.23662,19.768047 49.236599,19.76813 49.236576,19.768221 49.236548,19.768345 49.236501,19.768516 49.236503,19.768618 49.236548,19.768715 49.236583,19.768816 49.236667,19.768894 49.236758,19.769004 49.236909,19.769184 49.237015,19.76922 49.237043,19.769272 49.237084,19.769315 49.237159,19.769417 49.237209,19.769527 49.237284,19.769659 49.237326,19.769678 49.237375,19.769723 49.237403,19.769828 49.237441,19.769946 49.23748,19.770074 49.237504,19.77019 49.237606,19.770214 49.237651,19.770297 49.237676,19.770429 49.237685,19.770568 49.237669,19.770705 49.237692,19.770764 49.237715,19.770756 49.237771,19.770847 49.237816,19.770944 49.237892,19.771061 49.237897,19.771169 49.237919,19.771172 49.237974,19.771172 49.238035,19.771244 49.238058,19.771324 49.238079,19.771457 49.238079,19.771516 49.238091,19.771646 49.238186,19.771847 49.238317,19.772175 49.238422,19.772403 49.238549,19.772551 49.238633,19.77272 49.238576,19.772832 49.238583,19.772966 49.238556,19.773074 49.238492,19.773219 49.238396,19.77345 49.238239,19.773643 49.2381,19.773955 49.237831,19.774026 49.237626,19.77406 49.237558,19.774264 49.237499,19.775595 49.237219,19.776284 49.237145,19.776617 49.237061,19.776852 49.236951,19.777418 49.236389,19.777554 49.236218,19.777589 49.236105,19.777594 49.236031,19.77762 49.236024,19.777697 49.236165,19.777676 49.236319,19.777601 49.23649,19.777615 49.236878,19.777625 49.237064,19.777563 49.237359,19.777568 49.237486,19.777368 49.238309,19.777373 49.238445,19.777378 49.238545,19.777468 49.238628,19.777535 49.238712,19.777573 49.238892,19.777701 49.23919,19.777734 49.239407,19.777748 49.239581,19.777658 49.239786,19.777651 49.239993,19.777594 49.240339,19.777724 49.240784,19.777853 49.240995,19.777966 49.241121,19.778035 49.241159,19.778169 49.241222,19.778418 49.241287))"
Dolina Dudowa - Leśniczówka Chochołowska,#16A34A,standard,1015,1101,"MULTILINESTRING((19.811622 49.244303,19.811976 49.2447,19.812161 49.244888,19.812346 49.245039,19.812562 49.245208,19.81277 49.24538,19.812852 49.245482,19.81292 49.245613,19.812944 49.245765,19.812918 49.246128,19.812903 49.246292,19.812933 49.246414,19.812997 49.246513,19.813096 49.246668,19.813734 49.24747,19.81394 49.247747,19.814006 49.247882,19.814064 49.248089,19.814234 49.248697,19.814462 49.249111,19.814719 49.249623,19.814763 49.24976,19.814769 49.249909,19.814789 49.250248,19.814764 49.250463,19.814767 49.250642,19.814812 49.250834,19.814993 49.251489,19.815224 49.252321,19.815279 49.252599))"
Leśniczówka Chochołowska - Polana Trzydniówka,#16A34A,standard,1059,1150,"MULTILINESTRING((19.811622 49.244303,19.811195 49.243837,19.810935 49.243417),(19.810877 49.243328,19.810935 49.243417),(19.806092 49.239751,19.806286 49.239877,19.806489 49.240044,19.80658 49.240132,19.806826 49.240442,19.807095 49.240781,19.807337 49.241137,19.807578 49.241407,19.807715 49.2415,19.80784 49.241567,19.808295 49.241748,19.808463 49.241842,19.808956 49.242166,19.809069 49.242221,19.809453 49.242337,19.809686 49.242466,19.810121 49.242732,19.810651 49.243099,19.810793 49.243224,19.810877 49.243328))"
Szlak 2707,#2563EB,standard,0,0,"MULTILINESTRING((19.749973 49.202749,19.750016 49.20278,19.750044 49.202775,19.750062 49.202776,19.750135 49.202791,19.750264 49.202833,19.750322 49.202852,19.75039 49.202863,19.750457 49.202852,19.750527 49.202871,19.750563 49.202913,19.750566 49.202912,19.750576 49.202939,19.750572 49.202965,19.750538 49.203043,19.750515 49.203128,19.750512 49.20319,19.750532 49.203223,19.750533 49.203278,19.75056 49.20331,19.750577 49.203355,19.750632 49.203406,19.75068 49.203479,19.750716 49.203542,19.750742 49.203593,19.750762 49.203664,19.750767 49.203717,19.750778 49.203758,19.750781 49.203794,19.750763 49.203834,19.750763 49.203857,19.750817 49.203888,19.750866 49.20392,19.75089 49.203949,19.750907 49.204092,19.750913 49.204141,19.750933 49.204183,19.750964 49.204214,19.750976 49.204227,19.750987 49.204243,19.751025 49.204282,19.751033 49.204308,19.751049 49.204325,19.751078 49.20435,19.751082 49.20437,19.75109 49.204381,19.75111 49.204394,19.751108 49.204412,19.751118 49.204424,19.751137 49.204434,19.751152 49.204448,19.751177 49.204499,19.751185 49.204546,19.751198 49.204572,19.751248 49.204628,19.751295 49.204709),(19.749996 49.213199,19.750103 49.213152,19.750225 49.213085,19.750322 49.213014,19.750381 49.212972,19.750392 49.212947,19.750393 49.212927,19.750394 49.212903,19.750395 49.212873,19.750412 49.212837,19.750436 49.212803,19.750532 49.212696,19.750566 49.212657,19.750574 49.212619,19.750578 49.212583,19.750588 49.212551,19.750608 49.212522,19.750639 49.212488,19.750671 49.212437,19.750709 49.212341,19.75073 49.212264,19.750741 49.212206,19.750752 49.212188,19.75077 49.212161,19.7508 49.212123,19.750866 49.212001,19.750892 49.211961,19.750908 49.211939,19.750918 49.211903,19.750937 49.211793,19.75095 49.21175,19.750971 49.21171,19.751 49.211672,19.751025 49.211632,19.751041 49.21159,19.751049 49.211548,19.751067 49.211501,19.751091 49.211472,19.751104 49.21145,19.75111 49.211421,19.751105 49.211388,19.751106 49.211358,19.751121 49.211327,19.75115 49.211283,19.751183 49.21125,19.751215 49.211214,19.751287 49.211095,19.751311 49.21105,19.751315 49.211024,19.751306 49.211001,19.751283 49.210978,19.751254 49.210964,19.751233 49.210944,19.751229 49.210917,19.751237 49.210894,19.751242 49.210865,19.751225 49.210825,19.751216 49.210795,19.751213 49.210758,19.751224 49.210719,19.751247 49.210679,19.751294 49.21062,19.751342 49.210577,19.751381 49.210547,19.751409 49.210519,19.751423 49.210492,19.751427 49.210465,19.751424 49.21044,19.751423 49.210399,19.751422 49.21037,19.751419 49.210337,19.751418 49.210293,19.751417 49.210251,19.751417 49.210221,19.751422 49.210184,19.751491 49.210057,19.751512 49.210019,19.751531 49.209991,19.751535 49.209962,19.751522 49.209941,19.751502 49.209928,19.751458 49.209899,19.751438 49.209865,19.751417 49.209814,19.751409 49.209774,19.751414 49.209736,19.751427 49.209701,19.751448 49.20967,19.751474 49.20964,19.751495 49.209595,19.751518 49.209535,19.75153 49.209471,19.751544 49.209407,19.751552 49.209356,19.751547 49.209325,19.751556 49.209284,19.751571 49.209256,19.751588 49.209228,19.751597 49.209205,19.751593 49.209159,19.751585 49.209102,19.751573 49.209059,19.751571 49.209018,19.751576 49.208978,19.751573 49.208955,19.751551 49.20891,19.75152 49.208855,19.751496 49.208818,19.751476 49.208782,19.751472 49.208748,19.751478 49.208713,19.751495 49.208662,19.751518 49.208626,19.751543 49.208587,19.751574 49.208501,19.75159 49.208447,19.751595 49.208396,19.751598 49.208344,19.751596 49.208297,19.751599 49.208258,19.751606 49.208216,19.751636 49.208118,19.751652 49.208071,19.751674 49.208023,19.751695 49.207982,19.751717 49.207932,19.751727 49.207888,19.751734 49.207839,19.751734 49.207797,19.751747 49.207754,19.75177 49.207718,19.751809 49.207677,19.75184 49.207641,19.751853 49.207609,19.751852 49.207554,19.751847 49.207515,19.75185 49.207472,19.751845 49.207432,19.751823 49.207364,19.751804 49.207326,19.751783 49.207303,19.751749 49.207269,19.751733 49.207238,19.751732 49.207201,19.751739 49.207169,19.751753 49.207143,19.751757 49.207026,19.75176 49.206983,19.751762 49.206943,19.751794 49.206832,19.751817 49.20677,19.751825 49.206757,19.751846 49.206744,19.751958 49.206709,19.751986 49.206693,19.752001 49.206676,19.752041 49.206605,19.752053 49.206573,19.752053 49.206541,19.752043 49.206502,19.752044 49.206476,19.752055 49.206443,19.75208 49.206415,19.752091 49.206386,19.752094 49.206359,19.75209 49.206334,19.752079 49.206308,19.75207 49.206271,19.752063 49.206209,19.752057 49.206155,19.75205 49.20612,19.752033 49.206092,19.752018 49.206074,19.75196 49.206027,19.751916 49.205996,19.751887 49.205976,19.751883 49.205957,19.751887 49.205937,19.751911 49.205868,19.751914 49.205841,19.751906 49.205824,19.751911 49.205806,19.751919 49.205785,19.751906 49.205767,19.75189 49.205741,19.751886 49.20572,19.751892 49.205688,19.751896 49.205661,19.751899 49.20563,19.751895 49.2056,19.751878 49.205572,19.751874 49.205553,19.751882 49.205523,19.751884 49.205494,19.751871 49.205471,19.751825 49.205421,19.751811 49.2054,19.751811 49.205379,19.751826 49.205341,19.75182 49.205318,19.751805 49.205291,19.7518 49.205261,19.751792 49.205221,19.751776 49.205184,19.751754 49.205141,19.7517 49.205067,19.751644 49.204995,19.751605 49.204952,19.751577 49.204926,19.751563 49.204914,19.751541 49.204907,19.751493 49.204907,19.75147 49.204904,19.751457 49.204893,19.751439 49.204753,19.751425 49.204734,19.751399 49.204723,19.751355 49.204719,19.751295 49.204709))"
Szlak 8618,#EAB308,standard,1891,2006,"MULTILINESTRING((19.750783 49.193284,19.750827 49.193238,19.750838 49.19316,19.750819 49.193064,19.750954 49.192825,19.751303 49.192436,19.751456 49.19221,19.751597 49.192149,19.751688 49.19197,19.751785 49.191746,19.75183 49.191571,19.751849 49.191379,19.751886 49.191183,19.752009 49.191006,19.752167 49.190926,19.752214 49.190852,19.752195 49.190662,19.752185 49.190534,19.752195 49.190387,19.752339 49.190237,19.752444 49.190061,19.752578 49.189854,19.752601 49.189657,19.752611 49.18939,19.752569 49.189171,19.752494 49.188907,19.752466 49.188719,19.752422 49.188525,19.752464 49.188327,19.752523 49.188175,19.752474 49.188048,19.752461 49.187948,19.75242 49.187777,19.752308 49.187646,19.752321 49.187525,19.752029 49.187323,19.752046 49.187185,19.751903 49.187067,19.751773 49.186937,19.751673 49.186844,19.751325 49.186612,19.751113 49.186393,19.750962 49.186364,19.750657 49.186152,19.75027 49.185931,19.750224 49.185839,19.750139 49.185777,19.750028 49.185625,19.749937 49.185477),(19.749844 49.194938,19.750082 49.194778,19.750018 49.194682,19.750037 49.194576,19.750065 49.194499,19.749998 49.194393,19.750122 49.194296,19.750039 49.19423,19.750169 49.194123,19.750153 49.194068,19.750239 49.194032,19.750186 49.193955,19.750231 49.193922,19.75022 49.193869,19.750164 49.193825,19.750229 49.193797,19.750424 49.193699,19.750519 49.193651,19.750708 49.193423,19.750741 49.193359,19.750783 49.193284))"
Siwa Polana - Dolina Dudowa,#16A34A,standard,942,1015,"MULTILINESTRING((19.815279 49.252599,19.815294 49.252807,19.815293 49.253143,19.81527 49.253569,19.815285 49.253817,19.815295 49.253979,19.815279 49.25406),(19.815279 49.25406,19.815234 49.254171),(19.815234 49.254171,19.815375 49.255327,19.815409 49.256109),(19.815409 49.256109,19.815412 49.256302),(19.815412 49.256302,19.815431 49.256534,19.815463 49.257043,19.815445 49.25725,19.815167 49.258171,19.81511 49.258425,19.815107 49.258626,19.815128 49.258736,19.815144 49.258778,19.815287 49.259095),(19.815287 49.259095,19.815396 49.259333,19.815504 49.259531,19.815546 49.259623),(19.815546 49.259623,19.815582 49.259702),(19.815582 49.259702,19.815586 49.25971,19.815611 49.259763,19.81589 49.260343,19.815919 49.260401,19.816133 49.260821,19.816205 49.260975,19.816462 49.261498,19.816518 49.261632,19.816549 49.261728,19.81656 49.261915,19.816547 49.26205,19.816475 49.262499,19.816428 49.26284,19.816291 49.263646,19.816169 49.264469,19.816076 49.26509,19.815947 49.265968,19.815933 49.266163,19.815954 49.266328,19.816103 49.266863,19.816227 49.267317,19.816297 49.26748,19.816548 49.267811,19.816678 49.267982,19.81703 49.268493,19.81731 49.268798,19.817437 49.268917,19.817548 49.269021,19.818028 49.269442,19.818692 49.270041,19.819227 49.27053,19.819577 49.270846,19.819811 49.271067,19.82037 49.271572,19.820753 49.271873,19.821367 49.272237,19.822091 49.27266,19.823398 49.273441,19.82471 49.274234,19.825113 49.274499,19.825458 49.274742,19.825609 49.274811,19.826056 49.274909,19.826093 49.274915,19.826411 49.274976,19.826852 49.275073,19.827116 49.275169,19.827428 49.275338,19.827759 49.275513,19.828126 49.275698,19.828334 49.275777,19.828695 49.275877,19.829521 49.276042,19.829832 49.276115,19.83016 49.276214,19.830466 49.276313,19.830748 49.276407,19.831213 49.276576,19.831387 49.276658))"
Prostredná poľana – Račkovo sedlo,#EAB308,standard,1349,1978,"MULTILINESTRING((19.811249 49.179769,19.81152 49.180211,19.811595 49.180292,19.811737 49.180394,19.811914 49.180485,19.812008 49.180548,19.812153 49.180637,19.812268 49.180665,19.812368 49.18072,19.812416 49.180767,19.812448 49.180844,19.81251 49.180935,19.812571 49.181083,19.812644 49.181197,19.812719 49.181281,19.812743 49.181386,19.812748 49.181458,19.812778 49.181509,19.812812 49.181543,19.813092 49.181709,19.813228 49.181741,19.813255 49.181759,19.813298 49.181792,19.813316 49.181812,19.813414 49.181872,19.813467 49.181935,19.813634 49.1821,19.813899 49.182485,19.813996 49.182657,19.814025 49.182713,19.814057 49.182762,19.814127 49.182894,19.814321 49.183129,19.814406 49.183251,19.814502 49.183348,19.814548 49.183381,19.814728 49.183478,19.814886 49.18365,19.815004 49.183788,19.815039 49.183823,19.81505 49.183863,19.815012 49.183909,19.814956 49.18394),(19.814956 49.18394,19.814851 49.183982),(19.814851 49.183982,19.814819 49.183995,19.814795 49.184075,19.814792 49.184128,19.8149 49.184272,19.814953 49.184333,19.814995 49.1844,19.815052 49.184522,19.815149 49.184607,19.815248 49.184722,19.815313 49.184808,19.815431 49.184924,19.815751 49.185128,19.816118 49.185303,19.816176 49.185361,19.816178 49.185457,19.816182 49.185536,19.816241 49.185601,19.81637 49.185722,19.816406 49.185815,19.816455 49.185882,19.816526 49.185934,19.816575 49.185989,19.8166 49.186065),(19.8166 49.186065,19.816562 49.186172,19.816519 49.186263,19.816521 49.186334,19.816486 49.186397,19.816421 49.186491,19.816415 49.186597,19.816369 49.186651,19.81637 49.186705,19.816376 49.186782,19.816336 49.186849,19.816316 49.187007,19.816356 49.187222,19.816365 49.187401,19.816334 49.187505,19.816284 49.187568,19.816264 49.18767,19.816254 49.187745,19.816166 49.187829,19.816104 49.187873,19.816047 49.187945,19.81604 49.18806,19.816115 49.188159,19.816171 49.188272,19.816308 49.188425,19.816359 49.1885,19.816348 49.188569,19.816361 49.188618,19.816332 49.188667,19.816332 49.188723,19.816399 49.188793,19.81645 49.188819,19.816418 49.18889,19.816353 49.188963,19.816387 49.189039,19.816349 49.18911,19.816343 49.189194,19.816415 49.189254,19.816412 49.189317,19.81638 49.18937,19.816318 49.189454,19.816278 49.189533,19.816259 49.18958,19.816275 49.189636,19.816251 49.189681,19.8162 49.189778,19.816168 49.189904,19.816184 49.189994,19.816233 49.190076,19.816241 49.190183,19.816208 49.190264,19.81604 49.190398,19.815954 49.190413,19.815868 49.190392,19.815736 49.190404,19.815605 49.190451,19.815388 49.190541,19.815256 49.190548,19.815146 49.190522,19.814975 49.190523,19.814752 49.19055,19.81457 49.190604,19.81432 49.190699,19.814202 49.190774,19.814073 49.190886,19.813955 49.191065,19.813827 49.191175,19.813829 49.191221,19.81366 49.191368,19.813577 49.191544,19.813462 49.191673,19.813384 49.191775,19.813341 49.191887,19.81321 49.19205,19.81306 49.192324,19.812829 49.192616,19.812528 49.192939,19.81241 49.193065,19.812263 49.193249,19.812086 49.193381,19.811957 49.193479,19.81181 49.193561,19.811726 49.193671,19.811692 49.193754,19.811566 49.193847,19.811509 49.193968,19.811415 49.194185,19.811397 49.194285,19.811378 49.19436,19.811254 49.194422,19.811155 49.194486,19.811096 49.194581,19.811088 49.194649,19.811158 49.194721,19.811279 49.194823,19.811344 49.19492,19.8113 49.195005,19.811193 49.195088,19.811139 49.195181,19.811086 49.195356,19.811051 49.195493,19.810983 49.195598,19.810801 49.195736,19.810734 49.195827,19.810461 49.19602,19.810265 49.196378,19.810171 49.196625,19.810096 49.196762,19.810045 49.1969,19.809983 49.196981,19.809744 49.197063,19.809401 49.197151,19.809167 49.197276,19.808988 49.197571,19.808937 49.197703,19.808848 49.197826,19.808772 49.19804,19.808706 49.198276,19.808692 49.198452,19.8088 49.198874,19.808717 49.199077,19.808578 49.199282,19.808652 49.199389,19.808612 49.199552,19.808494 49.199743,19.8085 49.199926,19.808519 49.200169,19.808584 49.200294,19.80868 49.200448,19.808669 49.200541,19.808686 49.200667,19.808715 49.200748,19.808619 49.200913,19.808637 49.200935,19.808867 49.200933,19.809076 49.200954,19.80909 49.201011,19.808945 49.201152,19.808929 49.20124,19.809133 49.201278,19.809487 49.201301,19.809503 49.201323,19.809444 49.201387,19.80935 49.201445,19.809262 49.201609,19.809245 49.201785,19.809245 49.202155,19.809438 49.202582,19.809455 49.202822,19.80949 49.203078,19.809498 49.203376,19.809423 49.203669,19.809353 49.20386,19.809294 49.204105,19.809232 49.204277,19.809087 49.20445,19.80894 49.204657,19.808596 49.204932,19.808508 49.205025,19.808508 49.205065),(19.808508 49.205065,19.808177 49.205214,19.807934 49.2054,19.807675 49.205526,19.807602 49.205579,19.807545 49.205638))"
Szlak 8851,#EAB308,standard,1053,1947,"MULTILINESTRING((19.915981 49.19171,19.915959 49.191682,19.915886 49.191576,19.915829 49.191441,19.915788 49.191167,19.91574 49.190956,19.915649 49.190781,19.915544 49.190632,19.915203 49.190206,19.915091 49.190059,19.915013 49.189903,19.914914 49.189467,19.914814 49.189144,19.914715 49.188308,19.9146 49.187382,19.914544 49.18718,19.914404 49.18683,19.914367 49.186653,19.914377 49.186481,19.914412 49.186337,19.914479 49.186141,19.914549 49.185992,19.914739 49.185624,19.914887 49.185257,19.915002 49.185115,19.915107 49.185006,19.915217 49.184898,19.9153 49.184768,19.915345 49.184657,19.915343 49.1845,19.915236 49.184191,19.915132 49.183541,19.91513 49.183379,19.915155 49.183269,19.915225 49.183159,19.915317 49.183079,19.915489 49.18296,19.915743 49.182785,19.91582 49.182685,19.915912 49.182549,19.91618 49.181961,19.916512 49.181065,19.916569 49.18082,19.916695 49.179488),(19.932013 49.208269,19.931883 49.208183,19.93175 49.208128,19.931538 49.207996,19.931346 49.207799,19.930858 49.207328,19.930318 49.206803,19.930084 49.206589,19.929614 49.206309,19.929464 49.206172,19.929346 49.205979,19.92916 49.205559,19.928952 49.205144,19.928921 49.205016,19.928887 49.204819,19.928819 49.204072,19.928807 49.203889,19.928768 49.203667,19.928718 49.203531,19.928624 49.203394,19.928065 49.202643,19.927582 49.201992,19.927437 49.201822,19.927281 49.201695,19.927028 49.201563,19.926565 49.201409,19.925026 49.200947,19.92464 49.200812,19.924508 49.200766,19.924422 49.200736,19.924051 49.200606,19.923891 49.200485,19.923776 49.200399,19.922937 49.199604,19.922648 49.199349,19.922422 49.199082,19.922173 49.198738,19.921926 49.198375,19.921609 49.197989,19.921283 49.197661,19.921165 49.197496,19.921069 49.197315,19.92098 49.197013,19.920897 49.196778,19.920788 49.196584,19.920618 49.196325,19.920285 49.196,19.919926 49.195711,19.919823 49.195593,19.919784 49.195508,19.919705 49.195348,19.919497 49.194887,19.919405 49.194635,19.919279 49.194477,19.919102 49.194342,19.918906 49.194251,19.918159 49.194053,19.917973 49.194004,19.917813 49.193925,19.917691 49.193809,19.91755 49.193607,19.916928 49.192742,19.916467 49.192217,19.915981 49.19171),(19.932121 49.20834,19.932013 49.208269),(19.936375 49.213614,19.936193 49.213483,19.936083 49.213361,19.935284 49.212153,19.935221 49.212046,19.93518 49.211901,19.935113 49.211292,19.935056 49.211185,19.934968 49.211102,19.934607 49.210878,19.93448 49.210777,19.934364 49.210649,19.934271 49.210471,19.933949 49.209558,19.933807 49.209361,19.933668 49.209257,19.933439 49.209096,19.932924 49.208886,19.932571 49.208694,19.932303 49.208477,19.932121 49.20834),(19.938902 49.216496,19.938761 49.216367,19.938534 49.216205,19.938365 49.216005,19.938253 49.215871,19.938214 49.215784,19.938219 49.215678,19.93845 49.215135,19.938481 49.215049,19.938479 49.214947,19.938314 49.214706,19.937726 49.214272,19.936994 49.213907,19.936403 49.213634,19.936375 49.213614),(19.938956 49.216549,19.938902 49.216496),(19.9581 49.222187,19.958083 49.222179,19.958032 49.222149,19.957971 49.222122,19.957781 49.222091,19.957454 49.222066,19.956893 49.222054,19.956615 49.222084,19.955815 49.222154,19.955528 49.222143,19.95465 49.222115,19.954245 49.222125,19.953701 49.222222,19.953142 49.222343,19.952726 49.222351,19.950208 49.222153,19.949749 49.22207,19.947485 49.221343,19.946586 49.221165,19.946069 49.221107,19.945522 49.220941,19.944924 49.220642,19.94343 49.219675,19.941157 49.217819,19.940203 49.217309,19.939094 49.216726,19.938956 49.216549),(19.958281 49.222305,19.9581 49.222187),(19.958351 49.222329,19.958281 49.222305),(19.958452 49.222358,19.958396 49.222344,19.958351 49.222329),(19.958452 49.222358,19.958478 49.222396,19.95853 49.222422,19.958607 49.222448,19.959619 49.222671,19.959905 49.222736,19.959988 49.222754,19.960063 49.222786,19.960388 49.222859,19.96041 49.222863,19.960723 49.22292,19.960828 49.222949,19.960922 49.223004,19.961016 49.223083,19.961274 49.223342,19.961384 49.223468,19.961488 49.223528,19.96159 49.223545,19.9618 49.223559,19.963002 49.223798,19.963114 49.223827,19.963124 49.223863,19.963101 49.223901,19.963037 49.223957,19.962923 49.224055,19.962788 49.22417,19.962557 49.22441,19.962522 49.224457,19.96254 49.224474,19.962614 49.224485,19.962858 49.224562,19.962955 49.224632,19.963047 49.224687,19.963192 49.224729,19.963239 49.224752,19.963293 49.224767,19.963514 49.224762,19.963784 49.224764,19.964001 49.224801,19.96435 49.224815,19.9645 49.224866,19.964752 49.224909,19.965211 49.225032,19.965742 49.225049,19.965924 49.225037,19.966254 49.225046,19.966836 49.225101,19.967006 49.225133,19.967249 49.22515,19.967417 49.225135,19.967602 49.225107,19.967906 49.225063,19.968024 49.225074,19.968239 49.225112,19.968311 49.225102,19.968467 49.225016,19.968558 49.224983,19.968622 49.224969,19.96876 49.224965,19.968983 49.224932,19.969093 49.224896,19.969694 49.224773,19.969939 49.224735,19.970285 49.224744,19.970454 49.224803,19.970637 49.224766,19.970838 49.224784,19.970969 49.224801,19.97104 49.224813,19.971146 49.224874,19.971219 49.224893,19.971297 49.224863,19.971381 49.224862,19.971491 49.224841,19.971699 49.224825,19.971791 49.224814,19.971967 49.224809,19.972282 49.224771,19.972517 49.224768,19.973077 49.224656,19.97348 49.224594,19.973607 49.224556,19.973768 49.224526,19.973898 49.224544,19.974074 49.224608,19.974179 49.22464,19.97428 49.224658,19.974373 49.224642,19.974468 49.224643,19.974649 49.22466,19.974754 49.224643,19.974858 49.224508,19.974963 49.224428,19.975234 49.224319,19.975557 49.224271,19.97572 49.224257,19.975946 49.22426,19.976043 49.224296,19.976102 49.22432,19.976184 49.224351,19.976303 49.224461,19.976382 49.22452,19.97645 49.224544,19.976487 49.224529,19.976548 49.224505,19.976606 49.224463,19.976642 49.22442,19.976645 49.224338,19.97659 49.223862,19.976745 49.223928,19.977209 49.224133,19.977429 49.224231,19.977597 49.224322,19.977626 49.224305,19.977624 49.224149,19.977664 49.223913,19.977704 49.223909,19.977952 49.22408,19.978154 49.224224,19.978227 49.224267,19.978391 49.224382,19.978553 49.224493,19.978591 49.224505,19.978898 49.22434,19.979263 49.224184,19.979308 49.22417,19.979322 49.2242,19.979308 49.224294,19.979236 49.22441,19.979186 49.224514,19.979062 49.224709,19.978789 49.224991,19.978791 49.225309,19.978956 49.2256,19.979021 49.225663,19.979041 49.225737,19.979062 49.22578,19.979067 49.225813,19.979088 49.225853,19.979094 49.225939,19.979126 49.226002,19.979163 49.226021,19.97921 49.225994,19.979263 49.225897,19.979268 49.225852,19.979355 49.225725,19.979453 49.225349,19.979481 49.225352,19.979531 49.225427,19.979575 49.225545,19.97959 49.225622,19.979641 49.225672,19.97965 49.225752,19.979673 49.225853,19.979699 49.225877,19.979723 49.22595,19.979784 49.226121,19.979784 49.226211,19.979779 49.226314,19.979843 49.226376,19.979987 49.226535,19.980047 49.226586,19.980082 49.226629,19.980102 49.226679,19.980125 49.226673,19.980148 49.226631,19.980144 49.226594,19.980159 49.226445,19.980201 49.226348,19.980267 49.22627,19.980314 49.226188,19.980468 49.225791,19.980478 49.225733,19.980498 49.225671,19.980521 49.225669,19.980529 49.225702,19.980602 49.225934,19.980699 49.226169,19.980797 49.22636,19.980845 49.226415,19.981005 49.226545,19.98121 49.226704,19.981331 49.22677,19.98138 49.226805,19.981508 49.226883,19.981591 49.22695,19.981607 49.226983,19.981639 49.227014,19.981679 49.227006,19.981674 49.226978,19.981661 49.226896,19.981614 49.226799,19.981564 49.226655,19.981538 49.226481,19.981561 49.226407,19.981623 49.226343,19.981678 49.226309,19.981745 49.22629,19.981872 49.226276,19.981976 49.226263,19.982012 49.226281,19.982025 49.226334,19.982072 49.226448,19.982108 49.226497,19.98237 49.22694,19.982395 49.22694,19.982448 49.226848,19.982497 49.2268,19.982556 49.226765,19.982615 49.226724,19.982827 49.226691,19.98298 49.226662,19.983192 49.226647,19.983495 49.22667,19.98349 49.226692,19.983373 49.226712,19.983262 49.226748,19.983074 49.226797,19.982944 49.226869,19.982898 49.226911,19.982932 49.226917,19.983002 49.2269,19.983126 49.226865,19.98331 49.226874,19.983617 49.226877,19.983635 49.226896,19.983519 49.226925,19.983436 49.226954,19.983274 49.227007,19.983228 49.227022,19.983238 49.227034,19.983321 49.227038,19.983322 49.227047,19.983484 49.227016,19.98357 49.227014,19.983698 49.227022,19.983817 49.227037,19.983956 49.227033,19.983973 49.22705,19.983935 49.227066,19.983789 49.227121,19.983635 49.227169,19.983605 49.227206,19.9836 49.227292,19.983592 49.227352,19.983608 49.22742,19.9837 49.227543,19.983758 49.227601,19.983771 49.227656,19.9838 49.227671,19.983839 49.227588,19.983856 49.227508,19.983899 49.227442,19.984067 49.227386,19.984168 49.227359,19.984247 49.227345,19.984323 49.227347,19.98432 49.227366,19.984284 49.227384,19.984206 49.227411,19.984143 49.227447,19.984083 49.227529,19.984068 49.227636,19.984097 49.227754,19.984106 49.2279,19.98414 49.227893,19.984214 49.2278,19.984347 49.227706,19.984458 49.22764,19.984712 49.227624,19.984808 49.227632,19.984935 49.227632,19.985189 49.227648,19.985174 49.227663,19.985053 49.227716,19.984838 49.227805,19.984722 49.227865,19.984649 49.227951,19.984647 49.228048,19.984635 49.228118,19.984638 49.228165,19.984648 49.228198,19.984635 49.228251,19.984639 49.228301,19.984654 49.228301,19.984678 49.228261,19.9847 49.228187,19.984725 49.22814,19.984766 49.228096,19.984918 49.228009,19.985005 49.227984,19.985078 49.22797,19.985162 49.227947,19.985291 49.227918,19.985425 49.227899,19.985446 49.227908,19.985421 49.227926,19.985255 49.228016,19.985232 49.228046,19.985138 49.228123,19.985097 49.228178,19.985066 49.228216,19.98507 49.22828,19.985043 49.228394,19.985066 49.228494,19.985059 49.228556,19.98509 49.228557,19.985121 49.228507,19.985274 49.228323,19.985394 49.228259,19.985461 49.228243,19.985456 49.228256,19.985429 49.228293,19.985416 49.228335,19.985367 49.228462,19.985367 49.228513,19.985323 49.22866,19.985298 49.228724,19.985292 49.228761,19.985254 49.228834,19.985095 49.229004,19.984889 49.22916,19.984492 49.229498,19.984347 49.229682,19.984241 49.229775,19.984109 49.229844,19.984057 49.229895,19.983977 49.229943,19.983939 49.229988,19.983942 49.23004,19.98391 49.230076,19.983852 49.230109,19.983784 49.230162,19.983718 49.230232,19.983643 49.230356,19.983425 49.230529,19.983342 49.230572,19.983152 49.230716,19.98302 49.230858,19.983038 49.23099))"
Szlak 5612,#16A34A,standard,1316,1628,"MULTILINESTRING((19.749542 49.244234,19.750123 49.244001,19.750304 49.243947,19.750438 49.243949,19.75061 49.24388,19.750813 49.243793,19.75113 49.243658,19.751575 49.243443,19.751862 49.243369,19.752358 49.24314,19.752747 49.242909,19.753233 49.242686,19.753842 49.242374,19.754046 49.242205,19.754282 49.241956,19.754394 49.241779,19.75462 49.241497,19.755035 49.241094,19.755301 49.240748,19.755523 49.240571,19.755556 49.240352,19.756017 49.239828,19.756359 49.239575,19.757074 49.239114,19.757535 49.238865,19.757803 49.238779,19.758721 49.23856,19.759391 49.238338,19.759796 49.238224,19.760089 49.238046,19.760306 49.237827,19.760644 49.237507,19.760848 49.237402,19.761151 49.237302,19.76132 49.237312,19.761486 49.237345,19.761643 49.237343,19.761883 49.237294,19.762428 49.23711,19.762604 49.237082,19.762778 49.237039,19.763141 49.236916,19.763243 49.236825,19.763396 49.236767,19.763654 49.236742,19.763847 49.236685,19.764029 49.23659,19.764158 49.236575,19.764286 49.23657,19.764364 49.236567,19.764576 49.236578,19.764823 49.236613,19.764839 49.236639,19.764828 49.236687,19.764864 49.236727,19.764943 49.236748,19.765187 49.236753,19.765402 49.236778,19.765705 49.236809,19.765882 49.236783,19.766049 49.236771,19.766137 49.236713,19.76631 49.236649,19.766364 49.236623,19.766421 49.236611,19.766507 49.236629,19.766572 49.236623,19.766779 49.236584),(19.766779 49.236584,19.76669 49.236573,19.766655 49.236564,19.766638 49.236552,19.766622 49.236537,19.766588 49.236527,19.766504 49.236492,19.766322 49.236436,19.766209 49.236394,19.766125 49.236353,19.766102 49.236325,19.766082 49.236304,19.766056 49.236285,19.76604 49.236265,19.766037 49.23624,19.766004 49.236172,19.76598 49.236157,19.765963 49.236146,19.765958 49.236131,19.765952 49.23611,19.76593 49.236072,19.765885 49.236026,19.765823 49.235946,19.765783 49.235841,19.765767 49.235737,19.765759 49.23569,19.765737 49.235638,19.765716 49.23559,19.765698 49.235537,19.765678 49.235387,19.765641 49.235277,19.765598 49.235212,19.765576 49.235168,19.765539 49.235124,19.765515 49.235079,19.765461 49.235021,19.765327 49.234883,19.765275 49.234801,19.765236 49.234741,19.765139 49.234665,19.765112 49.234607,19.765067 49.234552,19.765042 49.234507,19.764946 49.23444,19.764874 49.234403,19.764832 49.234351,19.764819 49.234295,19.764767 49.234228,19.764698 49.234179,19.764639 49.234151,19.76461 49.234131,19.764594 49.2341,19.764578 49.234076,19.764552 49.234058,19.764533 49.234029,19.764507 49.234007,19.764458 49.233981,19.764444 49.233956,19.764444 49.233944,19.764412 49.233922,19.764367 49.233894,19.764326 49.233876,19.764305 49.233851,19.764295 49.233838,19.764255 49.233788,19.764215 49.233771,19.764168 49.23374,19.764108 49.233701,19.764046 49.233662,19.764002 49.233638,19.763963 49.233626,19.763814 49.233573,19.763763 49.233568,19.763627 49.233542,19.76354 49.233505,19.763456 49.233486,19.763386 49.233437,19.763304 49.23341,19.763037 49.233258,19.762792 49.233109,19.762633 49.233,19.762462 49.232886,19.762373 49.232758,19.762276 49.232623,19.762167 49.232501,19.762123 49.232405,19.762086 49.232261,19.762063 49.232146,19.762074 49.232061,19.762064 49.231962,19.762055 49.231904,19.762062 49.231883,19.762071 49.231832,19.762173 49.2318,19.762334 49.231807,19.762536 49.231893,19.762663 49.231941,19.762748 49.231958,19.763199 49.232016,19.763455 49.232028,19.763686 49.232014,19.763777 49.231989,19.763858 49.231972,19.763859 49.231929,19.76371 49.231818,19.763605 49.231718,19.763536 49.23163,19.763461 49.231522,19.763423 49.231401,19.763396 49.231308,19.763406 49.231206,19.763368 49.230958,19.763196 49.230696,19.763055 49.230476,19.763001 49.230276,19.762965 49.230188,19.762936 49.230035,19.7629 49.229866,19.76286 49.229838,19.762732 49.22975,19.76264 49.229703,19.762522 49.22965,19.762431 49.229584,19.762338 49.229531,19.762299 49.22951,19.762183 49.229489,19.762087 49.229471,19.761886 49.229467,19.761754 49.229435,19.761686 49.229423,19.761533 49.229405,19.761233 49.229368,19.760839 49.22939,19.760608 49.229412,19.760288 49.229425,19.76 49.229464,19.75958 49.229518,19.759273 49.229535,19.758981 49.229562,19.758627 49.229597,19.758251 49.229705,19.757785 49.229796,19.757538 49.229835,19.757296 49.229821,19.75706 49.229775,19.75691 49.229709,19.756749 49.22959,19.756621 49.229523,19.756592 49.229531),(19.756592 49.229531,19.756566 49.229539),(19.756566 49.229539,19.756486 49.229562,19.75632 49.229625,19.756127 49.229695,19.755912 49.229761,19.755667 49.229812,19.755446 49.229793,19.75521 49.229828,19.754966 49.229909,19.7547 49.23006,19.754574 49.230207),(19.754574 49.230207,19.754558 49.230226),(19.754558 49.230226,19.754532 49.230256,19.7543 49.230352,19.754069 49.230366,19.753922 49.230395,19.753836 49.230417))"
Náučný chodník Roháčske plesá,#16A34A,standard,1384,1543,"MULTILINESTRING((19.749996 49.213199,19.750103 49.213152,19.750225 49.213085,19.750322 49.213014,19.750381 49.212972,19.750392 49.212947,19.750393 49.212927,19.750394 49.212903,19.750395 49.212873,19.750412 49.212837,19.750436 49.212803,19.750532 49.212696,19.750566 49.212657,19.750574 49.212619,19.750578 49.212583,19.750588 49.212551,19.750608 49.212522,19.750639 49.212488,19.750671 49.212437,19.750709 49.212341,19.75073 49.212264,19.750741 49.212206,19.750752 49.212188,19.75077 49.212161,19.7508 49.212123,19.750866 49.212001,19.750892 49.211961,19.750908 49.211939,19.750918 49.211903,19.750937 49.211793,19.75095 49.21175,19.750971 49.21171,19.751 49.211672,19.751025 49.211632,19.751041 49.21159,19.751049 49.211548,19.751067 49.211501,19.751091 49.211472,19.751104 49.21145,19.75111 49.211421,19.751105 49.211388,19.751106 49.211358,19.751121 49.211327,19.75115 49.211283,19.751183 49.21125,19.751215 49.211214,19.751287 49.211095,19.751311 49.21105,19.751315 49.211024,19.751306 49.211001,19.751283 49.210978,19.751254 49.210964,19.751233 49.210944,19.751229 49.210917,19.751237 49.210894,19.751242 49.210865,19.751225 49.210825,19.751216 49.210795,19.751213 49.210758,19.751224 49.210719,19.751247 49.210679,19.751294 49.21062,19.751342 49.210577,19.751381 49.210547,19.751409 49.210519,19.751423 49.210492,19.751427 49.210465,19.751424 49.21044,19.751423 49.210399,19.751422 49.21037,19.751419 49.210337,19.751418 49.210293,19.751417 49.210251,19.751417 49.210221,19.751422 49.210184,19.751491 49.210057,19.751512 49.210019,19.751531 49.209991,19.751535 49.209962,19.751522 49.209941,19.751502 49.209928,19.751458 49.209899,19.751438 49.209865,19.751417 49.209814,19.751409 49.209774,19.751414 49.209736,19.751427 49.209701,19.751448 49.20967,19.751474 49.20964,19.751495 49.209595,19.751518 49.209535,19.75153 49.209471,19.751544 49.209407,19.751552 49.209356,19.751547 49.209325,19.751556 49.209284,19.751571 49.209256,19.751588 49.209228,19.751597 49.209205,19.751593 49.209159,19.751585 49.209102,19.751573 49.209059,19.751571 49.209018,19.751576 49.208978,19.751573 49.208955,19.751551 49.20891,19.75152 49.208855,19.751496 49.208818,19.751476 49.208782,19.751472 49.208748,19.751478 49.208713,19.751495 49.208662,19.751518 49.208626,19.751543 49.208587,19.751574 49.208501,19.75159 49.208447,19.751595 49.208396,19.751598 49.208344,19.751596 49.208297,19.751599 49.208258,19.751606 49.208216,19.751636 49.208118,19.751652 49.208071,19.751674 49.208023,19.751695 49.207982,19.751717 49.207932,19.751727 49.207888,19.751734 49.207839,19.751734 49.207797,19.751747 49.207754,19.75177 49.207718,19.751809 49.207677,19.75184 49.207641,19.751853 49.207609,19.751852 49.207554,19.751847 49.207515,19.75185 49.207472,19.751845 49.207432,19.751823 49.207364,19.751804 49.207326,19.751783 49.207303,19.751749 49.207269,19.751733 49.207238,19.751732 49.207201,19.751739 49.207169,19.751753 49.207143,19.751757 49.207026,19.75176 49.206983,19.751762 49.206943,19.751794 49.206832,19.751817 49.20677,19.751825 49.206757,19.751846 49.206744,19.751958 49.206709,19.751986 49.206693,19.752001 49.206676,19.752041 49.206605,19.752053 49.206573,19.752053 49.206541,19.752043 49.206502,19.752044 49.206476,19.752055 49.206443,19.75208 49.206415,19.752091 49.206386,19.752094 49.206359,19.75209 49.206334,19.752079 49.206308,19.75207 49.206271,19.752063 49.206209,19.752057 49.206155,19.75205 49.20612,19.752033 49.206092,19.752018 49.206074,19.75196 49.206027,19.751916 49.205996,19.751887 49.205976,19.751883 49.205957,19.751887 49.205937,19.751911 49.205868,19.751914 49.205841,19.751906 49.205824,19.751911 49.205806,19.751919 49.205785,19.751906 49.205767,19.75189 49.205741,19.751886 49.20572,19.751892 49.205688,19.751896 49.205661,19.751899 49.20563,19.751895 49.2056,19.751878 49.205572,19.751874 49.205553,19.751882 49.205523,19.751884 49.205494,19.751871 49.205471,19.751825 49.205421,19.751811 49.2054,19.751811 49.205379,19.751826 49.205341,19.75182 49.205318,19.751805 49.205291,19.7518 49.205261,19.751792 49.205221,19.751776 49.205184,19.751754 49.205141,19.7517 49.205067,19.751644 49.204995,19.751605 49.204952,19.751577 49.204926,19.751563 49.204914,19.751541 49.204907,19.751493 49.204907,19.75147 49.204904,19.751457 49.204893,19.751439 49.204753,19.751425 49.204734,19.751399 49.204723,19.751355 49.204719,19.751295 49.204709),(19.751295 49.204709,19.751195 49.204682,19.751158 49.204669,19.751055 49.204655,19.750933 49.204631,19.75088 49.204622,19.750821 49.204602,19.750772 49.204595,19.750724 49.204598,19.750673 49.204609,19.750617 49.204622,19.750561 49.204628,19.750518 49.204627,19.750488 49.204633,19.750464 49.20465,19.750431 49.204681,19.750376 49.204707,19.750283 49.204736,19.750183 49.204778,19.750067 49.204847,19.750021 49.204884,19.749983 49.204921))"
Szlak 2762,#2563EB,standard,0,0,"MULTILINESTRING((19.790033 49.300519,19.791055 49.299506,19.791269 49.299422,19.791427 49.299357,19.791538 49.29931,19.791854 49.299137,19.791988 49.299041,19.792028 49.298931,19.791975 49.29824,19.792028 49.297467,19.792061 49.297189,19.792085 49.297075,19.792171 49.29693,19.792501 49.296617,19.792793 49.296413,19.792986 49.296267,19.793347 49.296195,19.793632 49.296136,19.793836 49.296127,19.793997 49.29609,19.794042 49.296071,19.794075 49.296057,19.79417 49.296033,19.794286 49.295978),(19.794286 49.295978,19.794446 49.295958))"
Szlak 8564,#EAB308,standard,0,0,"MULTILINESTRING((19.749914 49.297832,19.750013 49.297822,19.750106 49.297821,19.750189 49.297823,19.750854 49.297864),(19.750854 49.297864,19.751061 49.297871),(19.751061 49.297871,19.751178 49.297878,19.751267 49.297865,19.751321 49.297851,19.751375 49.297833,19.75144 49.297807,19.751506 49.29777,19.751724 49.297621,19.751852 49.29753,19.752361 49.297163),(19.752361 49.297163,19.752443 49.297104),(19.752443 49.297104,19.752568 49.297015,19.752686 49.296936,19.752798 49.296867,19.752825 49.296856),(19.752825 49.296856,19.752945 49.296893,19.753195 49.296795,19.753743 49.296695,19.753987 49.296661,19.754236 49.296676),(19.754236 49.296676,19.754941 49.296851,19.75662 49.29759,19.757887 49.298239,19.758264 49.29848),(19.758264 49.29848,19.758482 49.298604,19.758544 49.298714,19.758605 49.298819,19.758702 49.298838,19.758925 49.298878,19.759024 49.298964,19.75938 49.299293,19.759894 49.299764,19.761273 49.300597))"
Dolina ku Dziurze - Jaskinia Dziura,#2563EB,standard,931,1022,"MULTILINESTRING((19.942817 49.272048,19.942813 49.271987,19.942793 49.271937,19.942723 49.271931,19.942666 49.271905,19.942511 49.271961,19.942412 49.272075,19.942065 49.27257,19.941985 49.272716,19.941871 49.272824,19.941801 49.27304,19.941555 49.273486,19.941483 49.273558,19.941334 49.273662,19.941224 49.273773,19.94119 49.27384,19.941184 49.273909,19.941122 49.274011,19.941069 49.274136,19.941045 49.274349,19.941102 49.274819,19.941052 49.274941,19.941157 49.27535,19.941163 49.27563,19.941217 49.275792,19.941297 49.275948,19.941374 49.276054,19.941432 49.276151,19.941558 49.276323,19.941669 49.276492,19.941882 49.276766,19.942252 49.277177,19.942395 49.277336,19.9427 49.277782,19.942765 49.277953,19.942807 49.278007,19.943105 49.278275,19.943506 49.278478,19.943671 49.278707),(19.943671 49.278707,19.943712 49.278776),(19.943712 49.278776,19.943804 49.27886))"
Polana Strążyska - Siklawica,#EAB308,standard,0,0,"MULTILINESTRING((19.92998 49.261913,19.930045 49.261729,19.93029 49.261383,19.930328 49.261296),(19.930328 49.261296,19.930293 49.261159),(19.930293 49.261159,19.930331 49.26101,19.930379 49.260837,19.930385 49.260711,19.930421 49.260588,19.930425 49.260427,19.930445 49.260362,19.930468 49.260315,19.930447 49.260224,19.930385 49.260118,19.930327 49.260016,19.930274 49.259898),(19.930274 49.259898,19.930264 49.259875),(19.930264 49.259875,19.930193 49.259718),(19.930193 49.259718,19.930233 49.259645),(19.930233 49.259645,19.930254 49.259521,19.930284 49.259424,19.930302 49.259355))"
Kiry - Siwa Polana,#16A34A,standard,920,964,"MULTILINESTRING((19.831387 49.276658,19.831472 49.276635,19.831571 49.27664,19.831851 49.276644,19.832256 49.276578,19.832621 49.276615,19.832792 49.276651,19.832912 49.276708,19.833047 49.276819,19.833405 49.276966,19.833646 49.277035,19.833934 49.277169,19.834048 49.277228,19.8343 49.277265,19.834906 49.277318,19.835173 49.277384,19.835301 49.277383,19.836006 49.277326,19.836358 49.277278,19.8366 49.277274,19.836803 49.277293,19.83691 49.277277,19.837009 49.277299,19.837181 49.277307,19.837302 49.277347,19.837456 49.277396,19.837602 49.277413,19.837723 49.27738,19.837837 49.277327,19.837906 49.277311,19.837957 49.277327,19.838062 49.277316,19.838152 49.27727,19.838346 49.277223,19.838432 49.277199,19.838518 49.277215,19.838673 49.277257,19.838793 49.277277,19.839066 49.277364,19.839293 49.277453,19.839607 49.277554,19.840009 49.277697,19.840418 49.277832,19.840721 49.277993,19.840928 49.27814,19.841211 49.278335,19.841305 49.278402,19.841432 49.278492,19.841587 49.278642,19.841815 49.278894,19.84199 49.279054),(19.84199 49.279054,19.842199 49.279066,19.842693 49.279085,19.843012 49.27902,19.843226 49.27897,19.843422 49.27892,19.843674 49.278807,19.843893 49.278721,19.845228 49.278296,19.845379 49.278247,19.84576 49.278159,19.845969 49.278122,19.846294 49.278121,19.846443 49.278129,19.846768 49.278114,19.847216 49.278107,19.847881 49.278001,19.848172 49.277963,19.848341 49.277966,19.848481 49.27795,19.848731 49.277864,19.849002 49.277748,19.849085 49.277717,19.84918 49.277701,19.849291 49.277716,19.849363 49.277749,19.849505 49.277766,19.849693 49.277747,19.849782 49.277738),(19.849782 49.277738,19.849761 49.277664),(19.849761 49.277664,19.849834 49.277656),(19.849834 49.277656,19.849894 49.277653),(19.850061 49.277817,19.850038 49.277787,19.849894 49.277653),(19.850061 49.277817,19.850688 49.277845,19.851273 49.277871,19.852689 49.277974,19.853722 49.278058,19.854237 49.278072,19.854642 49.278131,19.854851 49.278193,19.855087 49.278231,19.855334 49.278214,19.855537 49.278236,19.856243 49.27831,19.856473 49.278362,19.856576 49.278369),(19.856576 49.278369,19.856649 49.278361,19.856796 49.278345,19.8569 49.278377,19.857052 49.278463,19.857432 49.278673,19.857726 49.278849),(19.857726 49.278849,19.857923 49.279016),(19.857923 49.279016,19.857957 49.279066,19.858216 49.279124,19.858386 49.279127,19.858527 49.279124),(19.858527 49.279124,19.858779 49.279176,19.859178 49.279363,19.859386 49.279503),(19.859386 49.279503,19.859522 49.279436,19.859599 49.279397,19.859725 49.279345,19.859823 49.279311),(19.859823 49.279311,19.859885 49.27918,19.859953 49.27911,19.860126 49.279041,19.860342 49.278989,19.860588 49.278945,19.860907 49.278904,19.861165 49.278887,19.861511 49.278877),(19.861511 49.278877,19.861841 49.278887,19.862104 49.278844,19.862289 49.278807,19.862506 49.278777,19.862675 49.278756,19.862848 49.27873,19.862983 49.27872,19.863083 49.278723,19.863158 49.2787,19.863254 49.278669,19.863458 49.278646,19.863587 49.278663,19.863764 49.2787),(19.863764 49.2787,19.863807 49.278682,19.864006 49.278568,19.864161 49.27846,19.864203 49.278428,19.864488 49.278214,19.864516 49.278192,19.864767 49.278,19.864802 49.277973),(19.864802 49.277973,19.864829 49.277953,19.864936 49.277871,19.865104 49.277742,19.86517 49.277692,19.865185 49.27768,19.865494 49.277444,19.865516 49.277427,19.86571 49.27728,19.865931 49.277113,19.86667 49.276553,19.866847 49.276419,19.867069 49.27625,19.867335 49.276066,19.867446 49.275999,19.86752 49.275957,19.867645 49.275897,19.867776 49.275836),(19.867776 49.275836,19.867882 49.275795,19.867984 49.27575),(19.867984 49.27575,19.868297 49.275635),(19.868297 49.275635,19.868507 49.275569,19.86881 49.275497),(19.86881 49.275497,19.868932 49.275474))"
Trzydniowiański Wierch - Polana Trzydniówka,#DC2626,standard,0,0,"MULTILINESTRING((19.804079 49.218726,19.804035 49.218767,19.804016 49.218803,19.803937 49.218867,19.803826 49.21894,19.803699 49.219051,19.803679 49.219092,19.803695 49.219125,19.80375 49.219191,19.803796 49.219293,19.80396 49.21946,19.804119 49.219848,19.804128 49.219994,19.804181 49.22013,19.804328 49.220395,19.804448 49.22045,19.804575 49.220777,19.804719 49.220933,19.804646 49.221065,19.804682 49.221233,19.804808 49.221327,19.804897 49.221501,19.804874 49.221762,19.804823 49.222046,19.804673 49.222426,19.804622 49.222683,19.80463 49.222908,19.804736 49.223142,19.804877 49.223327,19.805153 49.223673,19.805379 49.223919,19.805926 49.224512,19.806412 49.225002,19.806458 49.225166,19.806473 49.225384,19.806505 49.225743,19.806576 49.225778,19.806668 49.225958,19.806655 49.226092,19.80668 49.226184,19.806634 49.226348,19.806676 49.226438,19.806752 49.226699,19.806714 49.226888,19.806786 49.227035,19.806744 49.227191,19.806808 49.227366,19.806833 49.227525,19.806874 49.227755,19.806997 49.227871,19.807099 49.228019,19.8073 49.228214,19.807467 49.228411,19.807454 49.228532,19.807527 49.228595,19.807596 49.228602,19.807706 49.228598,19.80781 49.228616,19.807888 49.228665,19.807928 49.22876,19.807937 49.228917,19.807958 49.228966,19.807987 49.229001,19.808081 49.229089,19.808138 49.229152,19.808161 49.22925,19.808187 49.229365,19.808271 49.229417,19.80836 49.229497,19.808395 49.229546,19.808352 49.229646,19.808393 49.229737,19.80841 49.229825,19.808362 49.229942,19.808393 49.230089,19.808492 49.230201,19.80858 49.230369,19.808586 49.230483,19.808594 49.230548,19.808579 49.230626,19.808566 49.230754,19.808547 49.230811,19.808527 49.23086,19.808492 49.23091,19.808339 49.230987,19.808215 49.231091,19.808115 49.231163,19.808046 49.231217,19.808022 49.23127,19.807993 49.231329,19.807891 49.231387,19.807716 49.231481,19.807542 49.231555,19.807413 49.231611,19.807312 49.231664,19.80721 49.231728,19.807145 49.23176,19.80706 49.231823,19.806946 49.231868,19.806815 49.231958,19.806783 49.232056,19.806762 49.23222,19.806654 49.232287,19.806585 49.232354,19.806476 49.232414,19.806382 49.232438,19.806351 49.232522,19.806337 49.232605,19.806339 49.232716,19.806304 49.23284,19.806317 49.232964,19.806337 49.233042,19.80639 49.233157,19.806448 49.233276,19.806494 49.233396,19.806554 49.233532,19.806599 49.233622,19.806622 49.23371,19.806664 49.23385,19.806687 49.233972,19.806708 49.234074,19.806737 49.234243,19.806724 49.234361,19.806639 49.234506,19.806601 49.234704,19.806488 49.234984,19.806397 49.235198,19.80637 49.235313,19.806359 49.235398,19.806367 49.235541,19.806354 49.235832,19.806386 49.236067,19.806419 49.236202,19.806448 49.236361),(19.806448 49.236361,19.806442 49.236481,19.80637 49.236655,19.806322 49.236848,19.806236 49.237051,19.80606 49.237238,19.80607 49.237358,19.806091 49.237503,19.806134 49.237619,19.806207 49.237764,19.806306 49.237862,19.806325 49.23803,19.806312 49.238114,19.806354 49.238199,19.806236 49.23835,19.806134 49.238515,19.806075 49.238693,19.806054 49.239123),(19.806054 49.239123,19.80611 49.239466),(19.80611 49.239466,19.806108 49.239601,19.806092 49.239751))"
Starorobociański Wierch - Gaborowa Przełęcz Wyżnia,#DC2626,standard,1927,2152,"MULTILINESTRING((19.829897 49.201123,19.829852 49.201216,19.829784 49.201294,19.829644 49.201419,19.82955 49.201556,19.829495 49.201619,19.829483 49.201641,19.829355 49.201674,19.829149 49.201675,19.82891 49.201705,19.828702 49.201718,19.828509 49.201707,19.828379 49.201684,19.828159 49.201677,19.827975 49.201687,19.827702 49.201744,19.827548 49.201719,19.827395 49.201657,19.827118 49.201517,19.826886 49.201405,19.826783 49.201349,19.826682 49.201326,19.82661 49.201324,19.826501 49.201341,19.826329 49.201432,19.826179 49.20144,19.82609 49.201471,19.825961 49.201472,19.825859 49.201492,19.825792 49.201489,19.825693 49.201467,19.825505 49.20144,19.825396 49.201457,19.825331 49.201495,19.825254 49.201516,19.825192 49.201508,19.825104 49.20151,19.825011 49.201544,19.824952 49.201556,19.82488 49.201521,19.824778 49.201473,19.824644 49.201449,19.824503 49.201411,19.824177 49.201317,19.824078 49.201262,19.823945 49.20124,19.82385 49.201256,19.823793 49.201234,19.82375 49.20124,19.823699 49.201286,19.823575 49.201302,19.82343 49.201274,19.823367 49.201261,19.823303 49.20128,19.823216 49.201326,19.823142 49.201368,19.823049 49.201359,19.822919 49.201348,19.822826 49.201354,19.822755 49.201338,19.82272 49.201313,19.822693 49.201285,19.822572 49.201143,19.822407 49.201002,19.822288 49.200958,19.822188 49.200897,19.82211 49.200907,19.822072 49.200898,19.822043 49.20086,19.821999 49.200859,19.821946 49.20084,19.821896 49.200851,19.821855 49.200829,19.821814 49.200828,19.82177 49.200862,19.821679 49.200832,19.821657 49.200816,19.821569 49.200818,19.821541 49.200785,19.821487 49.200752,19.821409 49.200765,19.821362 49.200753,19.821314 49.200762,19.821274 49.200696,19.821237 49.200688,19.821223 49.200622,19.821168 49.200637,19.821118 49.20061,19.821112 49.20056,19.821088 49.200515,19.821013 49.20047,19.820994 49.200412,19.820925 49.200343,19.820829 49.200311,19.820803 49.20028,19.820811 49.200244,19.820748 49.20021,19.820673 49.200104,19.820604 49.200045,19.820541 49.200007,19.820518 49.199979,19.820467 49.199941,19.820414 49.199885,19.820375 49.199872,19.820261 49.199866,19.820206 49.199821,19.820138 49.199771,19.820087 49.199734,19.820058 49.199711,19.820051 49.199681,19.820013 49.199657,19.819918 49.19962,19.819909 49.199597,19.819834 49.199548))"
Wołowiec - Jarząbczy Wierch,#DC2626,standard,0,0,"MULTILINESTRING((19.763109 49.207514,19.763366 49.207461,19.763533 49.207398,19.763761 49.207345,19.764007 49.207331,19.764482 49.207207,19.764707 49.207179,19.764793 49.207191,19.764898 49.207131,19.765008 49.207147,19.765067 49.207093,19.76511 49.207031,19.765174 49.206993,19.76549 49.206924,19.765523 49.206877,19.765525 49.206828,19.765583 49.206768,19.765885 49.20656,19.766043 49.206516,19.766134 49.206467,19.766354 49.206395,19.766553 49.206366,19.766623 49.206329,19.766698 49.206239,19.76684 49.206189,19.766926 49.206113,19.76703 49.206105,19.767151 49.206064,19.767341 49.205996,19.767446 49.20597,19.767591 49.205906,19.767693 49.205905,19.767816 49.205912,19.768076 49.205962,19.768173 49.205964,19.768299 49.205987,19.768444 49.205999,19.768645 49.206027,19.76879 49.20601,19.768929 49.206013,19.769028 49.205985,19.769128 49.205984,19.769205 49.205971,19.769492 49.20588,19.769651 49.205882,19.769801 49.205914,19.769924 49.205928,19.770066 49.205892,19.770201 49.205887,19.770289 49.205852,19.770386 49.205854,19.770557 49.20582,19.770651 49.205812,19.770764 49.205771,19.770968 49.205733,19.771099 49.205689,19.771231 49.205677,19.771442 49.205623,19.771552 49.205582,19.771703 49.205563,19.771821 49.205561,19.771904 49.205594,19.772008 49.205645,19.772167 49.205654,19.772381 49.205665,19.772539 49.205637,19.772658 49.205654,19.772901 49.205668,19.773006 49.205656,19.773092 49.205616,19.773202 49.205588,19.773309 49.205542,19.773416 49.205468,19.773502 49.205433,19.773703 49.205333,19.773898 49.205211,19.773996 49.20519,19.774122 49.205176,19.774224 49.205127,19.774307 49.205139,19.774371 49.205149,19.77453 49.205109,19.774674 49.205125,19.774803 49.205058,19.775004 49.205014,19.775187 49.205051,19.775235 49.205069,19.775356 49.205095,19.775444 49.205114,19.775562 49.205128,19.775645 49.205125,19.775844 49.205079,19.775981 49.205078,19.776163 49.205039,19.776343 49.205023,19.776482 49.205001,19.77704 49.204816,19.77766 49.204517,19.778243 49.20417,19.778561 49.204028,19.77888 49.203888,19.779245 49.203646,19.779411 49.203479,19.779506 49.203432,19.779618 49.203362,19.779835 49.203297,19.780004 49.203225,19.780033 49.203145,19.780101 49.203073,19.780136 49.202959,19.780232 49.202859,19.78027 49.202766,19.780315 49.202712,19.780393 49.202596,19.780404 49.202542,19.780471 49.202493,19.780605 49.202338,19.780624 49.202277,19.780777 49.202135,19.780868 49.202032,19.780854 49.201983,19.780822 49.201935,19.780779 49.201855,19.780825 49.201767,19.780833 49.201715,19.780857 49.201659,19.78086 49.201553,19.780913 49.201438,19.780894 49.201387,19.780983 49.201348,19.781007 49.201285,19.781106 49.201157,19.781176 49.201099,19.781181 49.20102,19.781214 49.200973,19.781246 49.200851,19.781313 49.200756,19.781402 49.200635,19.781509 49.200514,19.781544 49.200384,19.781654 49.200283,19.781734 49.20023,19.781836 49.2002,19.781927 49.200202,19.781978 49.200164,19.782064 49.200134,19.782107 49.20005,19.782126 49.199988,19.782163 49.199944,19.78243 49.199854,19.782633 49.19981,19.782874 49.199717,19.783072 49.199643,19.78325 49.199564,19.783499 49.199445,19.783768 49.199374,19.783955 49.199326,19.784269 49.19928,19.784556 49.199277,19.784942 49.199334,19.785065 49.199319,19.785135 49.19934,19.785234 49.199331,19.785358 49.199354,19.785556 49.199403,19.786268 49.19941,19.786342 49.199417,19.786449 49.199405,19.786546 49.199387,19.786592 49.199342,19.786692 49.199305,19.786769 49.199249,19.786881 49.199196,19.786921 49.199149,19.787026 49.199094,19.787125 49.199075,19.787289 49.199079,19.787407 49.199101,19.787669 49.199056,19.788386 49.199068,19.788531 49.199052,19.788641 49.199089,19.788772 49.199091,19.788853 49.199117,19.788981 49.199114,19.789102 49.199163,19.789209 49.199149,19.789351 49.199149,19.789445 49.199166,19.789534 49.199163,19.789588 49.199207,19.789655 49.199186,19.78969 49.199203,19.789767 49.1992,19.78985 49.199214,19.789925 49.199203,19.789969 49.199203),(19.789969 49.199203,19.790091 49.199193,19.790508 49.199194,19.790827 49.199094,19.790985 49.199114,19.791068 49.199058,19.791186 49.199089,19.791318 49.199017,19.791529 49.199054,19.79164 49.19906,19.791674 49.199034,19.791728 49.199042,19.791798 49.199024,19.791886 49.198991,19.791988 49.198989,19.792092 49.198946,19.792157 49.198947,19.792197 49.198902,19.792278 49.198916,19.792317 49.198885,19.792404 49.198907,19.79245 49.19889,19.792503 49.198902,19.792549 49.198879,19.792631 49.198891,19.792624 49.198856,19.792728 49.198905,19.79279 49.198944,19.792833 49.19893,19.792889 49.19883,19.793005 49.198826,19.793131 49.198797,19.793284 49.198758,19.79339 49.198782,19.793439 49.198763,19.793471 49.198786,19.793518 49.198744,19.793603 49.198791,19.793628 49.198764,19.793664 49.19876,19.793698 49.198739,19.793745 49.198735,19.793758 49.198709,19.793807 49.198706,19.793807 49.198685,19.793866 49.198687,19.793903 49.198693,19.793909 49.198656,19.793968 49.198665,19.793994 49.198644,19.794 49.198621,19.794024 49.198631,19.794069 49.198621,19.794087 49.198585,19.794119 49.198571,19.794174 49.198579,19.794187 49.198553,19.794222 49.198572,19.794233 49.198539,19.794303 49.198555,19.794335 49.198518,19.794383 49.198523,19.794432 49.198483,19.794518 49.198476,19.794625 49.198449,19.794681 49.1984,19.794748 49.198413,19.794794 49.198381,19.794853 49.198418,19.794854 49.198388,19.794904 49.198404,19.794935 49.198375,19.794967 49.198398,19.795016 49.198386))"
Jarząbczy Wierch - Kończysty Wierch,#DC2626,standard,1890,2069,"MULTILINESTRING((19.795016 49.198386,19.795064 49.198406,19.79515 49.198507,19.795148 49.198536,19.795187 49.198699,19.795238 49.198767,19.795559 49.199003,19.795893 49.199236,19.796091 49.199555,19.796242 49.199618,19.796325 49.19972,19.796677 49.199892,19.796931 49.200123,19.797272 49.200327,19.797455 49.20047,19.797731 49.200574,19.797983 49.200766,19.798332 49.200966,19.798755 49.201213,19.799111 49.201454,19.799249 49.20153,19.799379 49.201575,19.799655 49.201663,19.800058 49.201874,19.800602 49.202187,19.800771 49.202277,19.800955 49.202405,19.801104 49.202672,19.801348 49.202917,19.801676 49.203166,19.801943 49.203294,19.802088 49.203463,19.802618 49.203846,19.802882 49.203992,19.803202 49.204233,19.803481 49.204395,19.803549 49.204493,19.803641 49.204577,19.803758 49.204632,19.803933 49.204662,19.804118 49.204686,19.804381 49.204731,19.80486 49.204845,19.805083 49.204871,19.805488 49.204985,19.805781 49.205058,19.805916 49.205112,19.806154 49.205188,19.806743 49.205421,19.806967 49.205479,19.807337 49.205598,19.807545 49.205638))"
Kończysty Wierch - Starorobociański Wierch,#DC2626,standard,1901,2152,"MULTILINESTRING((19.819834 49.199548,19.819773 49.199568,19.819663 49.199615,19.819558 49.199698,19.819491 49.199741,19.819447 49.199788,19.819362 49.199791,19.819317 49.199761,19.819254 49.199733,19.81917 49.19975,19.819087 49.199818,19.819025 49.199898,19.818911 49.199989,19.818865 49.200059,19.818776 49.200133,19.818735 49.200181,19.818706 49.200232,19.818653 49.200294,19.818618 49.200409,19.818601 49.200467,19.818504 49.200465,19.818517 49.200584,19.818448 49.20065,19.818456 49.200748,19.818379 49.200759,19.818199 49.200738,19.818099 49.200763,19.818035 49.200759,19.818043 49.200851,19.817997 49.200864,19.817887 49.200851,19.817767 49.200866,19.817745 49.200908,19.817758 49.200989,19.817758 49.201104,19.817764 49.201228,19.817743 49.201251,19.817625 49.201238,19.817471 49.20126,19.817284 49.201248,19.8171 49.201223,19.816962 49.201197,19.816925 49.201215,19.816885 49.201264,19.816866 49.20141,19.816841 49.201508,19.816796 49.201634,19.816706 49.201667,19.816697 49.201717,19.816684 49.20183,19.816611 49.201901,19.816458 49.201979,19.816348 49.202104,19.81631 49.202191,19.816132 49.20233,19.815928 49.202419,19.815852 49.202468,19.815701 49.202519,19.815536 49.202534,19.815267 49.20261,19.81511 49.20268,19.814889 49.202771,19.814717 49.202812,19.814551 49.202873,19.814385 49.202908,19.814111 49.203015,19.813921 49.203059,19.813689 49.203138,19.813194 49.203281,19.813124 49.203313,19.812609 49.203475,19.812461 49.203542,19.812239 49.203612,19.812137 49.203634,19.812011 49.203674,19.811693 49.203748,19.811515 49.203772,19.81111 49.203881,19.81091 49.20395,19.810799 49.204016,19.810686 49.204066,19.810515 49.204169,19.810082 49.204335,19.809809 49.204503,19.809224 49.204746,19.808878 49.204923,19.808508 49.205065),(19.808508 49.205065,19.808177 49.205214,19.807934 49.2054,19.807675 49.205526,19.807602 49.205579,19.807545 49.205638))"
Gaborowa Przełęcz Wyżnia - Błyszcz,#DC2626,standard,1823,2120,"MULTILINESTRING((19.829897 49.201123,19.830015 49.201094,19.830171 49.200998,19.830314 49.20093,19.830456 49.200851,19.830499 49.200831,19.830546 49.200829,19.830652 49.200772,19.830761 49.200692,19.830828 49.200611,19.830936 49.200511,19.830969 49.200465,19.831014 49.200374,19.831042 49.200343,19.831044 49.200307,19.831057 49.200269,19.831049 49.200226,19.831034 49.200192,19.831037 49.200147,19.831034 49.200102,19.831063 49.200022,19.831072 49.199987,19.831059 49.19993,19.831076 49.199883,19.831093 49.199847,19.831127 49.199755,19.831138 49.199675,19.831167 49.19965,19.831185 49.199603,19.831252 49.199541,19.831265 49.199495,19.831264 49.199446,19.831283 49.199404,19.831406 49.199317,19.831453 49.199219,19.831508 49.199147,19.831675 49.198964,19.831739 49.198847,19.83187 49.198641,19.831971 49.19852,19.832154 49.198269,19.832304 49.198086,19.832346 49.197991,19.832401 49.197889,19.832464 49.197832,19.832516 49.197731,19.832632 49.197555,19.832833 49.197312,19.832884 49.197265,19.833035 49.197153,19.833234 49.197047,19.833381 49.196971,19.833685 49.196864,19.833953 49.196757,19.834088 49.19671,19.834304 49.196619,19.834399 49.196586,19.834481 49.196556,19.834553 49.196514,19.834614 49.196491,19.834701 49.196479,19.834768 49.196472,19.83481 49.196458,19.834948 49.196435,19.83506 49.196417,19.835125 49.196413,19.835207 49.196404,19.83529 49.196381,19.835418 49.196352,19.835491 49.196351,19.835574 49.196351,19.835691 49.196329,19.835785 49.196329,19.835979 49.196317,19.836186 49.196328,19.836373 49.196325,19.836528 49.196315,19.836722 49.196287,19.836868 49.196289,19.836994 49.196295,19.83714 49.196313,19.837233 49.196318,19.837334 49.196322,19.83746 49.196297,19.83763 49.196296,19.837921 49.196292,19.838024 49.196266,19.838145 49.196248,19.838546 49.196224,19.838661 49.196204,19.838906 49.196138,19.839128 49.196083,19.839308 49.196022,19.839631 49.195937),(19.839631 49.195937,19.839887 49.195882,19.840013 49.195879,19.840058 49.195889,19.840072 49.195883,19.84009 49.195781,19.84006 49.195751,19.840018 49.195707,19.839975 49.195685),(19.839975 49.195685,19.839976 49.195661,19.839938 49.195623),(19.839938 49.195623,19.840062 49.195578,19.840024 49.195562,19.840033 49.195543,19.840051 49.195537,19.840039 49.195515,19.84002 49.195511,19.839969 49.19543,19.839915 49.195279,19.839926 49.195256,19.839994 49.195248,19.840035 49.195253,19.840075 49.195232,19.840061 49.195211,19.840039 49.195185,19.840013 49.195146,19.840008 49.195096,19.840021 49.195065,19.840057 49.195058,19.840097 49.195061,19.840135 49.195039,19.840175 49.195043,19.840205 49.195021,19.840241 49.195022,19.840314 49.195008,19.840344 49.194992,19.840376 49.194988,19.840409 49.194971,19.840371 49.194937,19.840342 49.194884,19.840363 49.194858,19.840421 49.194843,19.840498 49.194833,19.84045 49.19479,19.840502 49.194773,19.840463 49.194737,19.840544 49.194717,19.840481 49.194683,19.840488 49.194665,19.840577 49.194653,19.840596 49.194625,19.840561 49.194589,19.840611 49.194572,19.840551 49.194523,19.840587 49.194503,19.840537 49.194463,19.840539 49.194444,19.840589 49.194407,19.84056 49.194339,19.840601 49.194291,19.840581 49.194257,19.840611 49.19423,19.840588 49.194166,19.8406 49.194139,19.840559 49.19406,19.840564 49.194022,19.840605 49.194001,19.840583 49.193974,19.840625 49.193962,19.840594 49.193931,19.840642 49.193915,19.840579 49.193848,19.84061 49.193819,19.840657 49.193827,19.840706 49.193823,19.840676 49.193789,19.840703 49.193769,19.840817 49.193776,19.840833 49.193757,19.840807 49.193713,19.840824 49.19369,19.840955 49.193678,19.840949 49.193662,19.840917 49.193649,19.84092 49.193633,19.840985 49.193631,19.840994 49.193613,19.840959 49.193568,19.84102 49.193548,19.841023 49.193526,19.841047 49.193524,19.841061 49.193497,19.841026 49.193495,19.841019 49.193471,19.841056 49.193471,19.841053 49.193454,19.84103 49.193452,19.841032 49.193432,19.841067 49.193431,19.841056 49.193405,19.84108 49.1934,19.841052 49.193376,19.841066 49.193364,19.841085 49.193335,19.841128 49.193333,19.841128 49.19332,19.841093 49.193306,19.841119 49.19329,19.841176 49.193261,19.841222 49.193225,19.841277 49.193162))"
Błyszcz - Pyszniańska Przełęcz,#DC2626,standard,1756,2120,"MULTILINESTRING((19.841277 49.193162,19.841301 49.193186,19.841407 49.193205,19.841382 49.193224,19.841409 49.193249,19.841465 49.19326,19.841507 49.193266,19.841519 49.193287,19.841549 49.193284,19.841577 49.19331,19.841598 49.193298,19.841631 49.193318,19.841666 49.193289,19.841705 49.193308,19.841738 49.193351,19.841726 49.193394,19.841822 49.193406,19.841842 49.193459,19.841886 49.193459,19.841901 49.193561,19.841957 49.193568,19.841976 49.193598,19.842087 49.193629,19.842119 49.193721,19.842196 49.193727,19.842201 49.193757,19.842243 49.193757,19.842259 49.193777,19.842238 49.193806,19.842262 49.193817,19.842316 49.19381,19.84232 49.193828,19.842327 49.193891,19.842387 49.193886,19.84242 49.19391,19.842465 49.193903,19.842483 49.193933,19.842503 49.193915,19.842517 49.193929,19.842526 49.193984,19.842536 49.193997,19.842582 49.193993,19.842617 49.194007,19.842648 49.193986,19.842679 49.193986,19.842699 49.194043,19.842745 49.19403,19.84276 49.194044,19.84276 49.194072,19.842781 49.194079,19.842804 49.194073,19.842826 49.194082,19.842834 49.194126,19.842878 49.194169,19.842916 49.194152,19.842945 49.194155,19.842957 49.194187,19.842987 49.194183,19.843013 49.194175,19.84303 49.194187,19.843035 49.194215,19.84309 49.194235,19.843147 49.194232,19.843169 49.194253,19.843184 49.194291,19.843211 49.194299,19.843245 49.194289,19.84331 49.194288,19.843344 49.194317,19.843366 49.194318,19.843396 49.194333,19.84341 49.19436,19.843441 49.19434,19.843469 49.194338,19.843485 49.194377,19.843553 49.194377,19.843569 49.194411,19.843592 49.194415,19.843631 49.194387,19.843659 49.194389,19.843664 49.194419,19.843691 49.194429,19.843763 49.194415,19.843789 49.194425,19.843793 49.194466,19.843845 49.194459,19.843872 49.194465,19.843884 49.194504,19.843906 49.194511,19.843964 49.194499,19.844025 49.194507,19.844035 49.194538,19.844076 49.194537,19.844075 49.194568,19.844092 49.194573,19.844143 49.194564,19.844161 49.194569,19.844191 49.194602,19.844235 49.194611),(19.844235 49.194611,19.844339 49.19466,19.844675 49.194771,19.844723 49.1948,19.844858 49.194823,19.84493 49.194851,19.844983 49.194876,19.845054 49.194908,19.845146 49.19493,19.845186 49.194954,19.845231 49.194965,19.845422 49.19508,19.845488 49.195116,19.845554 49.195119,19.845689 49.195175,19.84574 49.195181,19.845825 49.195209,19.845893 49.195208,19.846026 49.195228,19.846045 49.195209,19.846094 49.1952,19.846123 49.195223,19.846163 49.195214,19.846286 49.195227,19.846401 49.195263,19.846597 49.195352,19.846708 49.195382,19.846753 49.19539,19.846866 49.195414,19.846956 49.195412,19.847113 49.19543,19.847193 49.19543,19.847357 49.195494,19.847483 49.19551,19.847563 49.195498,19.847649 49.195514,19.847769 49.195515,19.848078 49.195533,19.848163 49.195551,19.848322 49.195556,19.848443 49.195585,19.848488 49.195579,19.848562 49.195597,19.848625 49.195601,19.848805 49.195641,19.848882 49.19567,19.848933 49.19567,19.849017 49.19571,19.849132 49.195717,19.84926 49.195743,19.849525 49.195826,19.849614 49.195847,19.849647 49.195876,19.849688 49.19587,19.849782 49.195898,19.849838 49.195926,19.849961 49.19595,19.850022 49.195974,19.850109 49.195979,19.850422 49.196082,19.850573 49.196099,19.85069 49.196147,19.850756 49.196174,19.850836 49.196187,19.85091 49.196193,19.851015 49.196221,19.851093 49.196246,19.851176 49.196243,19.851282 49.196232,19.851415 49.196236,19.851696 49.19624,19.85192 49.196211,19.852004 49.196195,19.852097 49.196195,19.852421 49.196133,19.852574 49.196133,19.852906 49.196181,19.853295 49.196267,19.853364 49.196268,19.853412 49.196262,19.853493 49.196295,19.85356 49.19627,19.85362 49.196273,19.853676 49.19629,19.853791 49.196277,19.853843 49.196285,19.853926 49.196251,19.853982 49.196248,19.854021 49.196272,19.854051 49.1963,19.854135 49.196316,19.85421 49.19632,19.854272 49.196301,19.854366 49.196285,19.854484 49.196292,19.85472 49.196277,19.854886 49.1963,19.855301 49.196292,19.85539 49.196307,19.855486 49.196306,19.855534 49.196313,19.855637 49.196302,19.855699 49.196316,19.85579 49.196309,19.855904 49.196281,19.856026 49.196273,19.856105 49.196273,19.856176 49.19627,19.856271 49.196261))"
Cudakowa Polana - Chuda Przełączka,#DC2626,standard,959,1824,"MULTILINESTRING((19.870037 49.264078,19.870229 49.263848,19.870413 49.263626,19.8705 49.263562,19.870707 49.263456,19.870773 49.263415,19.87079 49.263391,19.870793 49.263359,19.870768 49.263243,19.870687 49.263005,19.870696 49.262943,19.870717 49.262912,19.870767 49.262875,19.87092 49.262804,19.871067 49.262737,19.87122 49.262625),(19.87122 49.262625,19.871194 49.262607),(19.871194 49.262607,19.871132 49.262569),(19.871132 49.262569,19.871113 49.262541,19.871019 49.262492,19.870922 49.262436,19.870874 49.262374,19.870896 49.262302,19.87095 49.262248,19.870979 49.262168,19.870978 49.262078,19.870985 49.262024,19.87101 49.261974,19.871089 49.261927,19.871121 49.26191,19.871225 49.261837,19.871284 49.261748,19.871374 49.261704,19.871434 49.261624,19.871524 49.261558,19.871654 49.261503,19.871762 49.261464,19.8718 49.261395,19.87186 49.2613,19.871919 49.261244,19.87198 49.261233,19.872018 49.261195,19.872072 49.26114,19.872153 49.261101,19.872307 49.261055,19.872356 49.261005,19.872433 49.260892,19.872419 49.260765,19.872421 49.260702,19.872442 49.26065,19.872437 49.260605,19.872485 49.260527,19.872481 49.260452,19.872474 49.260407,19.872503 49.260348,19.872564 49.260306,19.872716 49.260267,19.872835 49.260255,19.872956 49.260221,19.873012 49.260156,19.873061 49.260097,19.873129 49.260041,19.8735 49.259903,19.873563 49.259838,19.873616 49.259777,19.873881 49.259638,19.874023 49.259574,19.87418 49.259438,19.874365 49.259333,19.874518 49.259303,19.874565 49.259271,19.874593 49.259203,19.874594 49.25911,19.874657 49.259027,19.874753 49.25895,19.874808 49.258873,19.875005 49.25875,19.875048 49.258695,19.87525 49.258555,19.875386 49.258467,19.875532 49.258412,19.875651 49.258359,19.875806 49.258257,19.875882 49.25818,19.876002 49.258023,19.876144 49.257911,19.87624 49.257856,19.876401 49.257819,19.876571 49.257817,19.876649 49.257802,19.876762 49.257692,19.876911 49.257492,19.876974 49.257348,19.877158 49.257004,19.877225 49.256938,19.877363 49.256843,19.877428 49.256828,19.877491 49.256843,19.877546 49.256835,19.877695 49.256775,19.877766 49.256727,19.87786 49.256611,19.877958 49.256571,19.878129 49.256562,19.878353 49.256433,19.878561 49.256286,19.878796 49.25613,19.879071 49.256015,19.879401 49.255881,19.879535 49.255801,19.87978 49.255678,19.880026 49.255523,19.88016 49.255371,19.88048 49.255095,19.880562 49.25497,19.880737 49.25477,19.880927 49.254654,19.880979 49.254518,19.881018 49.254281,19.881 49.254031,19.881072 49.253862,19.881144 49.253683,19.881247 49.253492,19.881283 49.253333,19.881232 49.253228,19.881176 49.25313,19.881179 49.253013,19.881225 49.2529,19.881239 49.25279,19.881196 49.252724,19.881043 49.252596,19.880895 49.252483,19.880816 49.252415,19.880667 49.252312,19.880579 49.252186,19.880602 49.252089,19.88065 49.251996,19.880729 49.251947,19.880856 49.251886,19.880984 49.251819,19.881052 49.251796,19.881142 49.251714,19.881233 49.251657,19.881318 49.251626,19.881416 49.251542,19.88148 49.25151,19.881679 49.25136,19.881807 49.251306,19.88191 49.251292,19.881989 49.251239,19.882114 49.251206,19.88225 49.251165,19.882354 49.251166,19.882447 49.251193,19.882621 49.251208,19.882797 49.251255,19.88293 49.251305,19.882958 49.251333,19.883077 49.251382,19.883182 49.251397,19.883228 49.25135,19.883354 49.251317,19.88344 49.251239,19.883514 49.251231,19.883573 49.251209,19.883734 49.251219,19.883804 49.251173,19.883888 49.251155,19.883938 49.251181,19.88402 49.251093,19.88411 49.251046,19.884173 49.251,19.884284 49.250867,19.884418 49.250752,19.884645 49.250607,19.884851 49.250526,19.885192 49.250319,19.885446 49.250146,19.885559 49.250106,19.885686 49.250039,19.885819 49.24999,19.885934 49.249902,19.886004 49.249838,19.886049 49.24977,19.886126 49.249706,19.88619 49.249652,19.886231 49.249568,19.886341 49.249469,19.886371 49.24941,19.886441 49.249324,19.886478 49.249253,19.886452 49.249133,19.886414 49.248953,19.886398 49.248859,19.886418 49.248784,19.886437 49.24866,19.886473 49.248562,19.88652 49.248514,19.886637 49.248459,19.886784 49.248424,19.886827 49.248379,19.886859 49.24832,19.886869 49.24827,19.886887 49.248216,19.886885 49.24816,19.886854 49.248096,19.886771 49.248002,19.886705 49.247878,19.886609 49.247734,19.886567 49.247602,19.886595 49.247547,19.886669 49.247502,19.886751 49.24748,19.88684 49.247443,19.886885 49.247411,19.886865 49.247381,19.886728 49.247281,19.886678 49.247224,19.886637 49.247147,19.886645 49.246957,19.886673 49.246896,19.886717 49.246815,19.886785 49.246731,19.886811 49.246643,19.886787 49.24649,19.886781 49.24639,19.886749 49.246319,19.886733 49.246227,19.886736 49.246159,19.886703 49.24601,19.886661 49.245914,19.886705 49.245807,19.886807 49.245721,19.886867 49.245649,19.886921 49.245596,19.886988 49.245587,19.88706 49.245562,19.88713 49.245524,19.887204 49.245389,19.887303 49.24535,19.887362 49.245292,19.887389 49.245222,19.887504 49.245121,19.887557 49.245063,19.887641 49.245032,19.887714 49.244985,19.887726 49.244925,19.887821 49.244855,19.88792 49.244781,19.88809 49.244658,19.888127 49.244584,19.888157 49.244534,19.888233 49.244497,19.888328 49.244422,19.888455 49.244344,19.888506 49.244272,19.888561 49.244231,19.888589 49.244194,19.888686 49.244169,19.888828 49.244158,19.888882 49.244139,19.888955 49.244088,19.889075 49.243975,19.88913 49.243952,19.889258 49.243927,19.889368 49.243875,19.88947 49.243854,19.88962 49.243809,19.889666 49.243785,19.889718 49.243768,19.889787 49.243727,19.889812 49.243675,19.889784 49.243627,19.889823 49.24356,19.889901 49.243486,19.889961 49.243448,19.890043 49.243373,19.890094 49.24334,19.890168 49.243273,19.890168 49.243231,19.890173 49.243194,19.890205 49.243155,19.890243 49.243043,19.890295 49.242995,19.890362 49.242911,19.890396 49.242883,19.890429 49.24286,19.890459 49.242798,19.890446 49.242702,19.890437 49.24266,19.890456 49.24262,19.890466 49.242517,19.890464 49.242442,19.890481 49.242397,19.890493 49.24234,19.890514 49.242249,19.890523 49.242183,19.890562 49.242125,19.890584 49.242077,19.890637 49.24202,19.890649 49.241954,19.890668 49.241881,19.890725 49.241793,19.890813 49.241731,19.890836 49.241664,19.890808 49.24162,19.890787 49.241589,19.890766 49.241548,19.890758 49.241514,19.890799 49.241474,19.890837 49.241414,19.890912 49.241312,19.890975 49.241242,19.89099 49.241177,19.891042 49.241119,19.891077 49.241049,19.891133 49.240986,19.89121 49.240921,19.891251 49.240848,19.891294 49.240807,19.891292 49.240748,19.891329 49.24071,19.891358 49.240673,19.891377 49.24065,19.891419 49.240661,19.891469 49.240679,19.891514 49.240674,19.891552 49.240648,19.891529 49.240617,19.891522 49.240567,19.891555 49.240484,19.891612 49.240414,19.891619 49.240229,19.892094 49.23975,19.892324 49.239595,19.892583 49.239443,19.89265 49.239381,19.892809 49.239335,19.892977 49.2393,19.893112 49.239258,19.89326 49.23919,19.893532 49.239122,19.893826 49.239024,19.894117 49.238997,19.894361 49.238945,19.894427 49.238909,19.894536 49.238876,19.894615 49.238821,19.894734 49.238744,19.895029 49.23858,19.895091 49.23856,19.895161 49.238529,19.895407 49.238355,19.895472 49.238293,19.895491 49.238223,19.89552 49.238157,19.89554 49.238064),(19.89554 49.238064,19.895609 49.238033))"
Chuda Przełączka - Ciemniak,#DC2626,standard,1816,2043,"MULTILINESTRING((19.895609 49.238033,19.895704 49.238012,19.895811 49.237898,19.896041 49.237842,19.896111 49.237731,19.896452 49.237472,19.896545 49.237447,19.896573 49.237415,19.896613 49.237382,19.896712 49.237332,19.896882 49.237283,19.896875 49.237217,19.896995 49.237166,19.897151 49.237107,19.897173 49.237038,19.897215 49.237007,19.897323 49.236995,19.89734 49.236963,19.897426 49.23693,19.897557 49.236919,19.897564 49.236835,19.897689 49.236834,19.897694 49.236798,19.897721 49.236755,19.897749 49.23673,19.89786 49.236746,19.897894 49.23674,19.897962 49.236608,19.898058 49.236615,19.898066 49.236549,19.898165 49.236419,19.898276 49.236459,19.898294 49.236455,19.898301 49.236418,19.898344 49.23641,19.89836 49.236366,19.898389 49.236363,19.898515 49.23639,19.898532 49.236309,19.898554 49.236291,19.898724 49.236302,19.898814 49.236325,19.898842 49.236322,19.898841 49.236267,19.898868 49.236262,19.898957 49.236284,19.898989 49.236274,19.899016 49.236222,19.899055 49.236223,19.899215 49.236259,19.899242 49.236244,19.899224 49.236214,19.899223 49.236189,19.899259 49.236175,19.89942 49.236165,19.899459 49.236109,19.899656 49.23604,19.899686 49.235902,19.899698 49.235825,19.899671 49.23573,19.899684 49.235656,19.899763 49.235527,19.899774 49.235423,19.899769 49.235385,19.899789 49.235349,19.899808 49.235243,19.899896 49.235088,19.89997 49.234995,19.900049 49.234934,19.900384 49.234508,19.900492 49.234356,19.900659 49.23404,19.900667 49.233952,19.900661 49.233859,19.900722 49.233763,19.900746 49.233646,19.900852 49.233461,19.900874 49.233385,19.901023 49.233123,19.901316 49.232607,19.901353 49.232507,19.901375 49.232416,19.901318 49.232316,19.901448 49.232159,19.901539 49.232133,19.901575 49.232108,19.901607 49.231992,19.901825 49.231814,19.901949 49.231708,19.902044 49.231633,19.902085 49.231576,19.902133 49.23153,19.902206 49.231412,19.902362 49.231321,19.90262 49.231245,19.9029 49.231126),(19.903224 49.231124,19.903175 49.231122,19.903017 49.231129,19.9029 49.231126))"
Ciemniak - Małołączniak,#DC2626,standard,1953,2088,"MULTILINESTRING((19.919139 49.235954,19.919135 49.235934,19.919079 49.235819,19.918894 49.235659,19.918706 49.23551,19.918619 49.23541,19.918437 49.235263,19.918352 49.235154,19.918075 49.234998,19.917953 49.234912,19.917866 49.234822,19.917754 49.23473,19.917584 49.234609,19.917431 49.234543,19.917356 49.234496,19.917246 49.234458,19.917119 49.234359,19.917014 49.234324,19.916789 49.234279,19.916759 49.234245,19.91675 49.234194,19.916711 49.234144,19.916666 49.234106,19.916538 49.23404,19.916472 49.234026,19.916426 49.234013,19.916326 49.233966,19.916258 49.233907,19.91619 49.23388,19.916113 49.233881,19.916044 49.233872,19.915962 49.233846,19.915797 49.233811,19.915734 49.233789,19.91565 49.233744,19.915574 49.233714,19.915501 49.23367,19.915406 49.233637,19.915328 49.233595,19.915295 49.233574,19.915248 49.233566,19.915205 49.233567,19.915155 49.233552,19.915094 49.233549,19.914978 49.233513,19.914868 49.233482,19.914777 49.233468,19.91469 49.233413,19.914509 49.233338,19.914499 49.233294,19.914472 49.233277,19.914385 49.233267,19.914345 49.233252,19.914265 49.233206,19.914202 49.233197,19.914136 49.233172,19.913955 49.233111,19.913928 49.233088,19.913909 49.233062,19.913832 49.233003,19.913813 49.232978,19.91377 49.232946,19.913723 49.232931,19.913616 49.232875,19.91352 49.232836,19.913463 49.232783,19.913426 49.232774,19.913366 49.232771,19.913274 49.232757,19.9132 49.23275,19.913027 49.232729,19.91296 49.232729,19.912906 49.232701,19.912849 49.2327,19.912793 49.232669,19.912748 49.232634,19.912718 49.232618,19.912692 49.232574,19.912626 49.232541,19.912596 49.2325,19.912517 49.232497,19.912384 49.232538,19.912332 49.232539,19.912223 49.232529,19.91219 49.23252,19.912147 49.232495,19.912116 49.232411,19.912072 49.232395,19.91201 49.232387,19.911863 49.232391,19.911829 49.232357,19.911792 49.232252,19.91178 49.232216,19.911688 49.232193,19.911639 49.232162,19.911588 49.232138,19.911462 49.232109,19.911351 49.232068,19.911281 49.232028,19.911231 49.232009,19.911043 49.231985,19.910954 49.231983,19.91088 49.231968,19.910652 49.231934,19.910553 49.231904,19.910496 49.231892,19.910445 49.23191,19.910374 49.231912,19.91031 49.231895,19.910286 49.231883,19.910214 49.231848,19.910119 49.231832,19.910049 49.231785,19.910001 49.231737,19.909982 49.231671,19.909941 49.231636,19.90983 49.231602,19.909683 49.231587,19.90961 49.231571,19.909528 49.231544,19.909435 49.231513,19.90932 49.231488,19.90928 49.231486,19.909227 49.231487,19.909144 49.231462,19.909041 49.231444,19.90891 49.231464,19.908609 49.231464,19.908332 49.231417,19.908178 49.231437,19.907991 49.231375,19.9079 49.231374,19.907823 49.231397,19.907751 49.231389,19.907715 49.231372,19.90766 49.231337,19.907555 49.231284,19.907426 49.231278,19.907205 49.231265,19.907117 49.231241,19.906992 49.231225,19.906962 49.231206,19.906965 49.23116,19.906872 49.231136,19.906775 49.231074,19.906709 49.231038,19.906602 49.230992,19.906516 49.230985,19.906438 49.231,19.906374 49.231041,19.906266 49.231029,19.90619 49.231034,19.906034 49.230996,19.905949 49.230961,19.905865 49.230974,19.905759 49.230955,19.90569 49.230932,19.905338 49.231014,19.905278 49.231023,19.905124 49.231058,19.905011 49.231109,19.904894 49.231108,19.90483 49.231112,19.904731 49.231105,19.904705 49.231119,19.904685 49.23115,19.904634 49.231168,19.904594 49.231246,19.904511 49.231235,19.904415 49.231261,19.904159 49.231228,19.903843 49.231141),(19.903843 49.231141,19.90373 49.231139,19.90367 49.231129,19.903502 49.23112,19.903433 49.231137,19.903361 49.231147,19.903281 49.231134,19.903224 49.231124))"
Kondracka Kopa - Przełęcz pod Kopą Kondracką,#DC2626,standard,1857,1989,"MULTILINESTRING((19.932217 49.236504,19.932429 49.236416,19.932639 49.236242,19.93288 49.23612,19.933008 49.236125,19.93309 49.236044,19.933208 49.236038,19.933253 49.235966,19.933443 49.23577,19.933641 49.235686,19.933691 49.235642,19.933866 49.23556,19.933964 49.235427,19.933968 49.235396,19.934039 49.235317,19.934119 49.235318,19.934199 49.235217,19.934255 49.2352,19.934332 49.2352,19.93453 49.235213,19.934592 49.235192,19.934695 49.235144,19.934751 49.235148,19.934816 49.235138,19.934902 49.235076,19.934969 49.235046,19.935109 49.235037,19.935181 49.235009,19.935317 49.234987,19.935398 49.234953,19.93559 49.234945,19.935646 49.234929,19.935729 49.234887,19.935789 49.23485,19.935842 49.234792,19.935878 49.234748,19.935918 49.234721,19.935983 49.234698,19.936056 49.234682,19.936278 49.234698,19.936424 49.234673,19.936614 49.234689,19.936786 49.234648,19.936862 49.234634,19.936957 49.234631,19.937153 49.23466,19.937252 49.234649,19.938287 49.234448,19.938646 49.234502,19.9388 49.234471))"
Świnicka Przełęcz - Świnica,#DC2626,standard,1987,2207,"MULTILINESTRING((20.003782 49.220934,20.003853 49.220799,20.004073 49.220675,20.004109 49.220627,20.004139 49.220601,20.004179 49.220597,20.004284 49.220617,20.004307 49.220637,20.00434 49.220638,20.004391 49.220612,20.004432 49.220605,20.004431 49.22057,20.004461 49.220537,20.004518 49.220518,20.004615 49.220543,20.004668 49.220548,20.004712 49.220509,20.004774 49.220497,20.004832 49.220484,20.004848 49.220465,20.004825 49.220419,20.004844 49.220404,20.00489 49.2204,20.004915 49.220415,20.004981 49.220382,20.005004 49.220347,20.005066 49.22032,20.005087 49.220319,20.005139 49.22034,20.005243 49.220348,20.005299 49.22036,20.005322 49.22037,20.005338 49.220364,20.005351 49.220336,20.005446 49.220318,20.005443 49.22027,20.005478 49.220247,20.005503 49.220219,20.005511 49.220175,20.005531 49.220158,20.005522 49.220132,20.005537 49.220119,20.005558 49.220116,20.005599 49.220143,20.00565 49.220186,20.00567 49.22019,20.005669 49.220149,20.005698 49.220127,20.005724 49.220118,20.005745 49.220059,20.005789 49.22006,20.005804 49.220042,20.005831 49.22004,20.005892 49.220052,20.00594 49.220042,20.005972 49.220075,20.006003 49.220086,20.006042 49.220068,20.006091 49.220045,20.006178 49.220038,20.006266 49.220006,20.006343 49.219968,20.00637 49.219977,20.006372 49.220036,20.006428 49.220017,20.006444 49.220036,20.006509 49.220053,20.00657 49.220044,20.006625 49.220047,20.006654 49.220036,20.006663 49.220019,20.00668 49.220013,20.006708 49.220016,20.00672 49.220004,20.006751 49.219999,20.006777 49.219979,20.00684 49.219954,20.006885 49.219942,20.006902 49.219926,20.007004 49.219908,20.007066 49.219914,20.007113 49.219929,20.00716 49.219924,20.007197 49.219887,20.007255 49.219872),(20.007255 49.219872,20.007247 49.219839,20.007291 49.21983,20.007309 49.219802,20.007292 49.219778,20.007302 49.219725,20.007327 49.219699,20.007408 49.219669,20.007539 49.219646,20.007607 49.219648,20.007676 49.219628,20.00776 49.219617,20.007854 49.219567,20.007972 49.219554,20.008068 49.219506,20.008144 49.219492,20.008179 49.219483,20.008246 49.219489,20.008292 49.219476,20.008299 49.219447,20.008319 49.219401,20.008343 49.219385,20.008406 49.219388,20.00843 49.219377,20.008448 49.219349,20.008436 49.219291,20.008406 49.219244,20.008324 49.21921,20.008312 49.219174,20.008292 49.219165,20.008245 49.219167,20.008191 49.219139,20.00818 49.21911,20.0081 49.219068,20.008043 49.21904,20.008079 49.219013,20.008072 49.218984,20.008222 49.218958,20.00836 49.218953,20.008414 49.21894,20.00846 49.218917,20.00851 49.21891,20.008531 49.218942,20.008591 49.218961,20.008658 49.218969,20.008717 49.218986,20.008841 49.219014,20.00898 49.219057,20.009045 49.21906,20.009095 49.219056,20.009209 49.219054,20.009242 49.219024,20.009278 49.219027,20.009356 49.218994,20.009402 49.218988,20.009413 49.219007,20.00942 49.219042,20.009447 49.219069,20.009436 49.219081,20.009382 49.219085,20.009364 49.219115,20.009396 49.219144,20.009399 49.219177,20.009474 49.219205,20.009555 49.219235,20.009568 49.21928),(20.009306 49.219421,20.009389 49.219369,20.009462 49.219341,20.00952 49.219334,20.009563 49.219314,20.009568 49.21928))"
Zawrat - Świnica,#DC2626,standard,2044,2200,"MULTILINESTRING((20.009306 49.219421,20.009389 49.219369,20.009462 49.219341,20.00952 49.219334,20.009563 49.219314,20.009568 49.21928),(20.016392 49.219088,20.016186 49.219032,20.016045 49.218991,20.015884 49.218926,20.015735 49.218865,20.015514 49.218768,20.015415 49.218726,20.015369 49.218695,20.015301 49.218687,20.015223 49.218687,20.015013 49.218672,20.014938 49.218677,20.014864 49.218686,20.014721 49.218699,20.014596 49.218738,20.014588 49.218734,20.014477 49.218776,20.014368 49.218779,20.014296 49.218801,20.014241 49.21884,20.014072 49.218893,20.013801 49.21897,20.013524 49.218958,20.013412 49.218936,20.013332 49.218912,20.013284 49.218944,20.01325 49.219026,20.013135 49.219108,20.013081 49.219119,20.013005 49.219087,20.012932 49.218995,20.012845 49.218903,20.012793 49.218853,20.012781 49.218768,20.012613 49.218687,20.012362 49.218627,20.012193 49.218627,20.011903 49.218749,20.011789 49.218795,20.011704 49.218774,20.011658 49.218782,20.011598 49.218807,20.011538 49.218881,20.011428 49.218942,20.011161 49.219007,20.011067 49.219037,20.010915 49.219215,20.010949 49.21926,20.010917 49.219311,20.010781 49.21929,20.010667 49.219251,20.01058 49.219224,20.010375 49.219159,20.010233 49.219156,20.010108 49.219147,20.010038 49.219142,20.009939 49.219166,20.009848 49.219159,20.00982 49.219169,20.00983 49.219243,20.009775 49.219276,20.009692 49.21924,20.009657 49.219241,20.009611 49.219254,20.009568 49.21928))"
Przełęcz pod Kopą Kondracką - Kasprowy Wierch,#DC2626,standard,1720,1966,"MULTILINESTRING((19.939469 49.234205,19.939515 49.234202,19.939634 49.234186,19.939899 49.234172,19.939992 49.234155,19.940454 49.234123,19.940691 49.234134,19.940764 49.234124,19.940873 49.23411,19.941044 49.234104,19.941144 49.23412,19.941333 49.234102,19.94156 49.23411,19.9417 49.23411,19.94195 49.234139,19.942268 49.234186,19.942577 49.234252,19.942773 49.234271),(19.9388 49.234471,19.938917 49.234391,19.939001 49.234335,19.939158 49.234287,19.93933 49.234238,19.939469 49.234205),(19.942773 49.234271,19.942937 49.234319,19.94314 49.234354,19.943178 49.234365,19.943238 49.234321,19.943206 49.234198,19.943231 49.234176,19.943612 49.234164,19.943938 49.234119,19.944049 49.234112,19.944108 49.234084,19.944194 49.234075,19.944229 49.234084,19.944288 49.23411,19.944378 49.234079,19.944448 49.234071,19.944503 49.234034,19.944744 49.23401,19.944973 49.23399,19.945137 49.23398,19.945215 49.233967,19.945258 49.233932,19.945274 49.23389,19.945325 49.233869,19.945463 49.233855,19.945557 49.233824,19.945664 49.233811,19.945727 49.233763,19.945775 49.233743,19.945823 49.233718,19.94579 49.233687,19.945785 49.233642,19.945814 49.233624,19.945904 49.23359,19.946027 49.233556,19.946109 49.233508,19.946196 49.23344,19.946254 49.233378,19.946318 49.233323,19.946361 49.233277,19.946466 49.233219,19.946561 49.233171,19.946609 49.233123,19.946713 49.2331,19.946784 49.233058,19.946985 49.232983,19.947081 49.232968,19.94723 49.232932,19.947304 49.232932,19.947381 49.232926,19.947496 49.232898,19.94765 49.232898,19.947838 49.232887,19.947901 49.232888,19.947955 49.232811,19.948097 49.232751,19.948199 49.232703,19.948287 49.232677,19.94846 49.23264,19.948668 49.232598,19.948907 49.232578,19.948999 49.232563,19.949093 49.232537,19.949222 49.232495,19.949323 49.232453,19.949384 49.232447,19.949442 49.232457,19.949519 49.23244,19.949567 49.232417,19.949616 49.232431,19.949678 49.232444,19.949891 49.232439,19.949976 49.232433,19.950086 49.232421,19.950232 49.232411,19.950301 49.232398,19.950391 49.232398,19.950511 49.232368,19.950576 49.232368,19.950661 49.232353,19.950753 49.232349,19.950851 49.232353,19.950902 49.232338,19.951051 49.232311,19.951195 49.232298,19.951276 49.232284,19.951358 49.232275,19.951468 49.232246,19.951594 49.232225,19.95181 49.232224,19.951985 49.232191,19.952137 49.23218,19.952217 49.232151,19.952324 49.232125,19.952473 49.232131,19.952705 49.232052,19.952796 49.232028,19.95297 49.231963,19.953057 49.231929,19.953126 49.231871,19.953261 49.231761,19.953314 49.231729,19.953359 49.231725,19.953472 49.231741,19.953542 49.23175,19.953627 49.231782,19.953704 49.231787,19.953751 49.231793,19.953809 49.231816,19.953997 49.231883,19.95416 49.231948,19.954274 49.231987,19.954307 49.232037,19.954424 49.232123,19.954504 49.232192,19.954633 49.232237,19.954865 49.232267,19.955137 49.232316,19.955217 49.232323,19.955297 49.232322,19.955374 49.232307,19.955551 49.232259,19.955713 49.232195,19.955902 49.232144,19.956167 49.232061,19.956237 49.231995,19.956342 49.231891,19.956393 49.231871,19.956425 49.231877,19.956527 49.231926,19.956614 49.23194,19.95674 49.231933,19.956854 49.231938,19.956961 49.231923,19.957094 49.231877,19.957266 49.231887,19.957434 49.231902,19.957648 49.231874,19.957817 49.23187,19.957898 49.231879,19.958081 49.231826,19.958395 49.231799,19.958576 49.231837,19.958681 49.231874,19.95884 49.231876,19.958968 49.231846,19.959156 49.231832,19.959273 49.231843,19.959384 49.231806,19.959449 49.231847,19.959575 49.2318,19.959697 49.231773,19.959845 49.231758,19.960088 49.231727,19.960258 49.231727,19.960598 49.23166,19.960903 49.231617,19.96117 49.231562,19.961351 49.23154,19.961633 49.231485,19.961837 49.231457,19.96219 49.23141,19.96275 49.231359,19.96286 49.231365,19.962963 49.231351,19.963101 49.231311,19.963195 49.231257,19.963321 49.231237,19.963428 49.231201,19.963751 49.231086,19.963826 49.231033,19.963985 49.230962,19.964028 49.230949,19.964132 49.230895,19.964223 49.230887,19.964407 49.230841,19.964633 49.230781,19.964775 49.230752,19.965126 49.230699,19.965294 49.230678,19.965585 49.230676,19.965744 49.230654,19.965864 49.230657,19.965971 49.23063,19.96608 49.230632,19.966385 49.230607,19.966518 49.230582,19.966623 49.230566,19.966809 49.23051,19.966981 49.230475,19.967158 49.230416,19.967252 49.23041,19.967308 49.230396,19.967451 49.23039,19.967714 49.2304,19.967838 49.230401,19.967962 49.230416,19.968113 49.230425,19.968354 49.230413,19.968723 49.230437,19.968971 49.230411,19.96932 49.230351,19.969544 49.230329,19.969675 49.230332,19.969862 49.230329,19.970014 49.230321,19.970189 49.230286,19.97036 49.230236,19.970448 49.230176,19.970485 49.230151,19.970599 49.230102,19.970736 49.230057,19.97082 49.230036,19.970957 49.230035,19.971089 49.230027,19.971249 49.230034,19.971457 49.230032,19.971837 49.230012,19.972293 49.23004,19.972632 49.23009,19.9729 49.230114,19.973497 49.230128,19.973896 49.230176,19.974148 49.230227,19.97449 49.230327,19.974731 49.230383,19.974909 49.230407,19.975147 49.230432,19.975257 49.230458,19.975363 49.230473,19.975475 49.230461,19.975584 49.230452,19.975779 49.230473,19.975911 49.230486,19.976436 49.230593,19.976795 49.230668,19.977106 49.230723,19.977403 49.230754,19.977798 49.230818,19.97796 49.230835,19.97826 49.230849,19.97867 49.230854,19.978846 49.230874,19.979119 49.230935,19.979223 49.230958,19.979544 49.23103,19.979629 49.231063,19.979733 49.231098,19.97977 49.231129,19.979904 49.231178,19.980024 49.231212,19.980098 49.231209,19.980149 49.231221,19.980162 49.231247,19.980208 49.231268,19.980258 49.231258,19.980321 49.231272,19.980478 49.231336),(19.980478 49.231336,19.980593 49.231377,19.980653 49.23141,19.980733 49.231431,19.980853 49.23145,19.980893 49.231466,19.980926 49.231507,19.980941 49.231544,19.980922 49.231605,19.980934 49.231637,19.980978 49.231688,19.981087 49.231783,19.981273 49.231932,19.98151 49.232214,19.981656 49.23237),(19.981656 49.23237,19.981705 49.232353,19.981764 49.232356),(19.981561 49.231801,19.981764 49.232356))"
Liliowe - Świnicka Przełęcz,#DC2626,standard,1857,2088,"MULTILINESTRING((19.992538 49.225189,19.99295 49.225119,19.993083 49.225106,19.993241 49.225114,19.993411 49.225095,19.993528 49.225099,19.993701 49.22507,19.993752 49.225053,19.993775 49.225034,19.993755 49.225006,19.993768 49.224886,19.993792 49.224867,19.993928 49.224902,19.993982 49.224868,19.993988 49.224813,19.994082 49.224782,19.994095 49.224756,19.994093 49.224642,19.994105 49.2246,19.994133 49.224562,19.994215 49.224514,19.994369 49.224436,19.994467 49.224399,19.994602 49.224366,19.994822 49.224317,19.994897 49.224279,19.995039 49.224248,19.995157 49.224202,19.99569 49.223976,19.995783 49.22396,19.995814 49.223962,19.995849 49.223967,19.99588 49.223976,19.995903 49.223973,19.995977 49.223956,19.996241 49.223858,19.996396 49.223788,19.996668 49.223742,19.996753 49.22375,19.996922 49.223685,19.997125 49.22357,19.997231 49.223445,19.997315 49.22338,19.99744 49.223316,19.997449 49.223258,19.997471 49.2232,19.997546 49.223165,19.99793 49.223067,19.998128 49.22301,19.998237 49.222968,19.998406 49.222834,19.9985 49.222751,19.998693 49.222671,19.998829 49.222574,19.999 49.222401,19.999088 49.222375,19.999163 49.222334,19.999253 49.222263,19.999374 49.222198,19.999491 49.222178,19.999624 49.222146,19.999767 49.222119,19.999833 49.222085,19.999938 49.22202,20.00007 49.221961,20.000112 49.22195,20.000165 49.221904,20.000297 49.221817,20.000375 49.221807,20.000568 49.221723,20.000615 49.221688,20.000728 49.221656,20.000895 49.221615,20.001064 49.221593,20.001221 49.221589,20.001376 49.221594,20.001477 49.221609,20.001542 49.221609,20.001657 49.221596,20.001703 49.2216,20.00178 49.221595,20.001819 49.22158,20.001907 49.221583,20.002035 49.221578,20.002203 49.221556,20.002321 49.22153,20.002394 49.221499,20.002467 49.22146,20.002556 49.221431,20.002627 49.221398,20.002721 49.221371,20.002813 49.221358,20.002915 49.221358,20.002988 49.22134,20.003134 49.221257,20.00327 49.221184,20.00335 49.221157,20.003437 49.221144,20.003563 49.221097,20.003671 49.221,20.003753 49.220963,20.003782 49.220934))"
Zawrat - Kozia Przełęcz,#DC2626,standard,2014,2200,"MULTILINESTRING((20.016392 49.219088,20.016673 49.219158,20.016768 49.219179,20.016844 49.219196,20.01699 49.219251,20.017066 49.21931,20.017375 49.219371,20.017553 49.219393,20.017676 49.219393,20.017799 49.219367,20.017884 49.219368),(20.017884 49.219368,20.017971 49.219343,20.01805 49.219344,20.018144 49.219324,20.018202 49.219328,20.018261 49.219318,20.018336 49.219323,20.018534 49.219301,20.01864 49.219299,20.018702 49.219296,20.018758 49.219302,20.018833 49.219321,20.018902 49.219308,20.019234 49.21914,20.019422 49.219119,20.01983 49.219009,20.020038 49.218922,20.020123 49.218892,20.020172 49.218905,20.020202 49.21898,20.020284 49.219103,20.02036 49.219145,20.020467 49.219167,20.020679 49.219228,20.020773 49.219255,20.020889 49.219317,20.021088 49.219383,20.021277 49.219494,20.02142 49.219515,20.021751 49.219619,20.021845 49.219614,20.021883 49.219673,20.021906 49.219702,20.021979 49.219747,20.022096 49.219762,20.02214 49.219735,20.022191 49.219746,20.022297 49.21969,20.022462 49.219617,20.022501 49.219601,20.022539 49.219637,20.022642 49.219664,20.022831 49.219675,20.022881 49.219661,20.023039 49.219661,20.023287 49.219719,20.023477 49.219792,20.023586 49.219817,20.023837 49.219854,20.023965 49.219813,20.024106 49.219814,20.024249 49.219832,20.024368 49.219795,20.024476 49.219777,20.024537 49.219797,20.024648 49.21975,20.0246 49.219654,20.024605 49.219607,20.024807 49.2196,20.024978 49.2196,20.02517 49.219607),(20.02517 49.219607,20.025245 49.219634),(20.025245 49.219634,20.025275 49.219562,20.025325 49.219552))"
Leśniczówka Chochołowska - Iwaniacka Przełęcz,#EAB308,standard,1059,1459,"MULTILINESTRING((19.811622 49.244303,19.811794 49.244115,19.811877 49.243994,19.811886 49.243884,19.811917 49.243733,19.811946 49.243598,19.812046 49.243471,19.812089 49.243369,19.812062 49.243257,19.812046 49.24314,19.812056 49.242987,19.812204 49.24281,19.812861 49.242297,19.812964 49.242096,19.813156 49.24187,19.813199 49.241562,19.813297 49.24134,19.813478 49.24103,19.813479 49.240892,19.813769 49.240513,19.813907 49.24034,19.814041 49.240021,19.814402 49.2394,19.814417 49.239292,19.814424 49.239174,19.814395 49.239067),(19.814395 49.239067,19.814567 49.238666,19.81479 49.238459,19.814867 49.238364,19.814905 49.238319,19.814921 49.238277,19.814991 49.238254,19.815066 49.238233,19.815157 49.238189,19.815227 49.238133,19.815248 49.238082,19.815326 49.238028,19.815581 49.237972,19.815707 49.237907,19.815814 49.237863,19.815975 49.237818,19.816131 49.237751,19.816305 49.237688,19.816675 49.237618,19.816981 49.237629,19.817314 49.237653,19.817592 49.237646,19.817693 49.237614,19.817775 49.237566,19.817837 49.23749,19.817866 49.23748,19.817968 49.237487,19.818239 49.237569,19.818349 49.237606,19.818463 49.237625,19.818663 49.237603,19.818856 49.237575,19.819039 49.23754,19.819219 49.237454,19.819339 49.23737,19.819564 49.237169,19.819769 49.236985,19.820017 49.236872,19.820124 49.236785,19.820098 49.236602,19.820108 49.236476,19.820183 49.236396,19.820253 49.236342,19.820326 49.236317,19.820366 49.236312,19.820422 49.236306,19.821002 49.236145,19.821455 49.236011,19.821863 49.235832,19.822367 49.235604,19.822732 49.23545,19.82308 49.235391,19.823434 49.235359,19.823684 49.235319,19.823837 49.235322,19.82396 49.235335,19.824263 49.235308,19.824384 49.235278,19.824537 49.235254,19.82469 49.235219,19.824759 49.235177,19.824835 49.2351,19.824888 49.235075,19.825028 49.23503,19.825194 49.235009,19.825364 49.23503,19.825443 49.235017,19.825525 49.23497,19.82568 49.234883,19.825855 49.234718,19.825966 49.234697,19.826129 49.234692,19.826709 49.234571,19.826787 49.234575,19.8269 49.234603,19.82697 49.234662,19.82698 49.234692,19.827007 49.234711,19.827053 49.234732,19.82716 49.234765,19.827337 49.234779,19.827511 49.234825,19.827761 49.234902,19.82801 49.234961,19.828296 49.235014,19.828761 49.235047,19.828895 49.235093,19.829056 49.235138,19.829185 49.235128,19.829233 49.235037,19.82926 49.234872,19.829292 49.234778,19.829436 49.234629,19.829566 49.234543,19.829807 49.234525,19.83014 49.23448,19.830402 49.234375,19.830752 49.234152,19.831104 49.234051,19.831343 49.233936,19.831745 49.233831,19.831989 49.233752,19.832071 49.233704,19.832247 49.23356,19.832711 49.233269,19.833262 49.233044,19.833832 49.232864,19.834539 49.232635,19.83472 49.23255,19.834818 49.232501,19.834893 49.232455,19.835054 49.232392,19.835225 49.232375,19.835381 49.232396,19.835563 49.232354,19.835746 49.232287,19.835982 49.232259,19.8361 49.232259,19.836191 49.232231,19.836304 49.232175,19.836418 49.232149))"
Iwaniacka Przełęcz - Hala Ornak,#EAB308,standard,0,0,"MULTILINESTRING((19.836418 49.232149,19.836711 49.232087,19.836963 49.232003,19.83713 49.231993,19.83728 49.232049,19.837441 49.232157,19.837537 49.232284,19.837612 49.232469,19.837671 49.232553,19.837773 49.232585,19.837945 49.232588,19.83835 49.232671,19.838738 49.232697,19.838932 49.232632,19.839128 49.232602,19.839159 49.232582,19.838988 49.232371,19.838997 49.232214,19.83903 49.232093,19.839433 49.231785,19.839961 49.231426,19.840717 49.231308,19.841083 49.231317,19.84141 49.231359,19.841814 49.231359,19.842305 49.231308,19.842741 49.231278,19.842982 49.231282,19.843116 49.231257,19.843106 49.231184,19.843079 49.231103,19.843225 49.231039,19.843434 49.231007,19.843717 49.230956,19.844124 49.230984,19.844608 49.231047,19.844782 49.231047,19.844924 49.231096,19.845238 49.231091,19.84538 49.231057,19.845504 49.231045,19.845632 49.231047,19.845782 49.231047,19.845976 49.231082,19.846308 49.231096,19.846807 49.231152,19.847327 49.231142,19.847789 49.231166,19.848304 49.231156,19.848867 49.231128,19.84894 49.231128,19.849039 49.231149,19.849286 49.231142,19.84965 49.231047,19.849783 49.230969,19.849963 49.230902,19.850042 49.230798,19.850181 49.230726),(19.850181 49.230726,19.850333 49.230659),(19.850333 49.230659,19.850544 49.230525,19.851243 49.230241,19.851555 49.230157,19.851914 49.230098,19.852252 49.229979,19.852606 49.22994,19.853041 49.229881,19.853458 49.229737,19.853561 49.229714,19.853738 49.229705,19.853969 49.229663,19.854131 49.229585,19.854265 49.229418,19.854374 49.229201,19.854486 49.228865,19.854606 49.228611,19.854722 49.228308,19.854848 49.228124,19.855036 49.227912,19.855449 49.227726,19.855766 49.227526,19.855878 49.227397,19.855969 49.227188,19.856044 49.227156,19.856187 49.227175,19.856421 49.227232,19.856692 49.227264,19.856864 49.227224,19.856992 49.227229,19.857092 49.227258),(19.857092 49.227258,19.857277 49.227314),(19.857277 49.227314,19.857319 49.227323,19.857434 49.227381,19.857598 49.227472,19.857818 49.227631,19.857942 49.227773,19.858229 49.227897,19.858384 49.227974,19.858421 49.227992),(19.858421 49.227992,19.858455 49.228006),(19.858455 49.228006,19.85855 49.228122,19.858566 49.228195,19.858559 49.228337,19.858586 49.228428,19.858714 49.228621,19.85872 49.228647,19.858751 49.22892,19.85881 49.228942,19.858796 49.229019),(19.859817 49.229726,19.859772 49.229589,19.859677 49.229371,19.859558 49.229169,19.859371 49.229055,19.859127 49.229045,19.858996 49.229039,19.858796 49.229019))"
Dolina Dudowa - Niżnia Kominiarska Polana,#1F2937,standard,1015,1314,"MULTILINESTRING((19.815279 49.252599,19.815417 49.252638,19.815578 49.252747,19.815685 49.25287,19.815772 49.253031,19.81583 49.253241,19.815819 49.25346,19.815839 49.253551,19.815946 49.25361,19.816172 49.253685,19.816318 49.253706,19.816481 49.253704,19.816681 49.253709,19.816758 49.253712,19.816833 49.253728,19.816876 49.253748,19.816898 49.25377,19.816901 49.253784,19.816907 49.253809,19.817091 49.253917,19.817305 49.254111,19.817517 49.254242,19.817759 49.254405,19.818027 49.254503,19.818537 49.254717,19.818855 49.254875,19.819094 49.255035,19.819242 49.255154,19.819325 49.255168,19.819583 49.255362,19.819642 49.255426,19.819773 49.255511,19.81991 49.255649,19.820293 49.25592,19.820666 49.256045,19.820894 49.256063,19.821195 49.256128,19.821397 49.256195,19.821718 49.256212,19.821914 49.256248,19.822458 49.256318,19.822775 49.256338,19.8233 49.256395,19.824019 49.256518,19.824625 49.256744,19.824781 49.256763,19.82492 49.256758,19.825028 49.256724,19.825288 49.256591,19.825384 49.256553,19.8255 49.25652,19.825612 49.256541,19.825833 49.25662,19.825768 49.25674,19.825695 49.256866,19.825647 49.257031,19.825655 49.257192,19.825781 49.257573,19.825784 49.257624),(19.825857 49.257673,19.825784 49.257624),(19.826795 49.258412,19.826575 49.258377,19.826554 49.258317,19.826007 49.257834,19.825894 49.257698,19.825857 49.257673),(19.826875 49.258479,19.826795 49.258412),(19.826875 49.258479,19.827043 49.258493,19.827567 49.2586,19.827892 49.258729,19.828174 49.258893,19.828379 49.259025,19.82853 49.259142,19.828692 49.259197,19.828883 49.259223,19.829067 49.259233,19.82929 49.259215,19.82959 49.259189,19.829847 49.259138,19.830042 49.25908,19.830183 49.259011,19.83032 49.258857,19.830542 49.258641,19.830918 49.258484,19.831235 49.258306,19.832178 49.257567,19.832527 49.257237,19.832893 49.256941,19.833216 49.256674,19.833336 49.25654,19.833377 49.256345,19.833452 49.256198,19.833769 49.255844,19.833807 49.255727,19.833794 49.255584,19.833753 49.255492,19.833798 49.255399,19.833937 49.255254,19.834108 49.255134,19.834211 49.255009,19.834341 49.254814,19.834549 49.254608,19.834646 49.25451,19.834754 49.254449,19.835534 49.254389,19.836092 49.254342,19.836888 49.254554,19.837269 49.254732,19.837626 49.254858,19.838179 49.254985,19.838796 49.255111,19.83909 49.255117,19.839318 49.255077,19.839571 49.255,19.839761 49.255105,19.83989 49.255135,19.840112 49.255151,19.840454 49.255147,19.840651 49.255096,19.840826 49.255077,19.840947 49.25513,19.840957 49.255257,19.840861 49.25534,19.840633 49.255456,19.840592 49.255525,19.840613 49.255575,19.840986 49.255719,19.84134 49.25582,19.841585 49.255844,19.84188 49.255786,19.842116 49.255726,19.84236 49.255641,19.84255 49.255488,19.842666 49.255342,19.842829 49.255191,19.843079 49.25501,19.843567 49.254888,19.84416 49.254787,19.844439 49.254734,19.844946 49.254604,19.845449 49.254441,19.845646 49.254327,19.845785 49.254216,19.845991 49.254115,19.846161 49.254112,19.846295 49.254155,19.846533 49.254253,19.846801 49.254401,19.847086 49.254645,19.847281 49.254767,19.847555 49.254837,19.848171 49.254939,19.848551 49.254969,19.848993 49.254971,19.849251 49.254997,19.849492 49.254995,19.849937 49.254942,19.850222 49.254853,19.850421 49.254714,19.850688 49.254683))"
Niżnia Kominiarska Polana - Cudakowa Polana,#1F2937,standard,0,0,"MULTILINESTRING((19.850688 49.254683,19.850865 49.254675,19.851088 49.254687,19.851381 49.254653,19.851517 49.254654,19.851694 49.254671,19.851915 49.254747,19.852137 49.254764,19.852332 49.254806,19.852729 49.254917,19.85299 49.25497,19.853218 49.254988,19.85341 49.255061,19.853687 49.2551,19.854127 49.25514,19.854499 49.255136,19.854765 49.255152,19.85499 49.25521,19.855138 49.255256,19.855234 49.255274,19.855492 49.255371,19.856012 49.255417,19.856385 49.255539,19.856672 49.255653,19.856833 49.255728,19.85698 49.255757,19.857158 49.255802,19.857372 49.255807,19.857528 49.255825,19.857678 49.255867,19.858283 49.255979,19.85884 49.25607,19.859242 49.256042,19.859643 49.256042,19.859807 49.256062,19.859973 49.256062,19.86037 49.25617,19.860538 49.256201,19.860697 49.256212,19.860954 49.256199,19.861271 49.256138,19.861665 49.256101,19.861815 49.256112,19.862033 49.256198,19.862125 49.256231,19.862255 49.256252,19.862338 49.256274,19.862453 49.256294,19.862631 49.256371,19.862798 49.256427,19.862949 49.256451,19.863083 49.256455,19.86323 49.256476,19.863447 49.2565,19.863649 49.2565,19.863815 49.256551,19.863949 49.25659,19.864094 49.256599,19.864491 49.256655,19.864666 49.256673,19.864818 49.256724,19.86509 49.256766,19.865313 49.256778,19.865726 49.256887,19.865835 49.256907,19.866021 49.256998,19.866077 49.257047,19.866536 49.257273,19.866656 49.257388,19.866744 49.257528,19.866868 49.257659,19.866897 49.25777,19.866892 49.258037,19.866937 49.258209,19.866976 49.258285,19.867206 49.258465,19.867267 49.258526,19.867318 49.258603,19.86738 49.258675,19.86742 49.258768,19.867819 49.259072,19.868151 49.259301,19.868518 49.259563,19.868689 49.259648,19.868776 49.259712,19.868911 49.259818,19.869005 49.25993,19.869061 49.259982,19.869166 49.260105,19.869265 49.26018,19.869393 49.260266),(19.869849 49.263889,19.869808 49.26386,19.869778 49.263831,19.869727 49.263751,19.869679 49.263663,19.86963 49.263528,19.869528 49.26323,19.869412 49.262921,19.869338 49.262645,19.869294 49.262398,19.869295 49.262147,19.869304 49.261895,19.869338 49.261702,19.86945 49.261327,19.869552 49.261026,19.86955 49.260945,19.869523 49.260811,19.869393 49.260266),(19.869954 49.263971,19.869849 49.263889),(19.870037 49.264078,19.870013 49.264028,19.869954 49.263971))"
Cudakowa Polana - Przysłop Miętusi,#1F2937,standard,0,0,"MULTILINESTRING((19.870037 49.264078,19.870229 49.263848,19.870413 49.263626,19.8705 49.263562,19.870707 49.263456,19.870773 49.263415,19.87079 49.263391,19.870793 49.263359,19.870768 49.263243,19.870687 49.263005,19.870696 49.262943,19.870717 49.262912,19.870767 49.262875,19.87092 49.262804,19.871067 49.262737,19.87122 49.262625),(19.87122 49.262625,19.871379 49.262503,19.871418 49.262465,19.871545 49.262323,19.871636 49.26223,19.871743 49.262166,19.871867 49.262118,19.872026 49.262085,19.872239 49.26206,19.872332 49.262034,19.872443 49.261986,19.872555 49.261908,19.87268 49.261845,19.872872 49.261775,19.873133 49.261703,19.873372 49.26162,19.873497 49.261592,19.873641 49.261577,19.87393 49.261587,19.874341 49.261528,19.874659 49.261451,19.874945 49.261345),(19.874945 49.261345,19.875066 49.261296),(19.875066 49.261296,19.875257 49.26125,19.875595 49.261125,19.875798 49.261095,19.87603 49.261076,19.876177 49.261055,19.876293 49.261057,19.8765 49.261088,19.876678 49.26113,19.877111 49.261155,19.877615 49.261294,19.877751 49.261308,19.87789 49.261289,19.878068 49.261249,19.878145 49.261244,19.878224 49.261248,19.878438 49.26129,19.878642 49.261339,19.879159 49.261462,19.879318 49.261459,19.879545 49.261438,19.879843 49.261466,19.879955 49.261488,19.880046 49.261513,19.880282 49.261593,19.88045 49.26162,19.880823 49.261641,19.88104 49.261631,19.881302 49.261601,19.881547 49.261581,19.881679 49.261597,19.881806 49.261613,19.882009 49.261587,19.88211 49.261556,19.882537 49.261458,19.882812 49.261439,19.88306 49.261454,19.883288 49.261445,19.883528 49.261471,19.883759 49.261445,19.884008 49.261406,19.884225 49.261354,19.884566 49.261245,19.884702 49.261218,19.884827 49.261203,19.885216 49.261183,19.885338 49.261167,19.885503 49.261165,19.885607 49.26117,19.885892 49.261259,19.886067 49.261275,19.886263 49.261313,19.886367 49.261326,19.886471 49.261318,19.886579 49.261276,19.886663 49.261251,19.88675 49.261241,19.886887 49.261245,19.887688 49.26136,19.887867 49.261369,19.888023 49.261398,19.888201 49.261415,19.88846 49.261374,19.888926 49.261257,19.889115 49.261224,19.889216 49.26123,19.88994 49.261385,19.890046 49.261432,19.890123 49.261468,19.890189 49.26153,19.890208 49.261586,19.890243 49.261783,19.890278 49.261827,19.890279 49.262125,19.890348 49.262236,19.890388 49.262268,19.890452 49.262384,19.890549 49.262403,19.8907 49.262395,19.890905 49.262362,19.891082 49.262329,19.891338 49.262266,19.89161 49.262234,19.891982 49.262173,19.892217 49.262106,19.892325 49.262096,19.892485 49.262097,19.892566 49.262114,19.89282 49.262104,19.893428 49.262219))"
Przysłop Miętusi - Przełęcz w Grzybowcu,#1F2937,standard,1158,1375,"MULTILINESTRING((19.908673 49.26071,19.908935 49.260579,19.90913 49.260474,19.90923 49.260354,19.909247 49.260319,19.909402 49.260203,19.909459 49.260187,19.909712 49.260002,19.909736 49.25997,19.909835 49.2599,19.90987 49.259896,19.910019 49.259842,19.910182 49.259738,19.910368 49.259573,19.91048 49.259508,19.910673 49.259429,19.910854 49.259352,19.911333 49.259259,19.912232 49.259133,19.912604 49.25904,19.912961 49.25903,19.913366 49.258934,19.914039 49.258741,19.914439 49.258661,19.91479 49.258571,19.914986 49.258564,19.915174 49.258512,19.91537 49.258398,19.915517 49.258301,19.915833 49.25826,19.915908 49.25825,19.915974 49.258261,19.916047 49.258317),(19.908673 49.26071,19.908545 49.260776,19.908279 49.260826,19.908138 49.260828,19.908051 49.260826,19.907948 49.260847,19.907881 49.260903,19.907864 49.260916,19.907813 49.260936,19.907662 49.260969,19.907487 49.261013,19.907307 49.261031,19.907104 49.260992,19.906982 49.260943,19.906905 49.260929,19.906833 49.260934,19.906772 49.260932,19.906675 49.260886,19.906533 49.26086,19.906346 49.2608,19.906155 49.260689,19.906133 49.260688,19.906051 49.260684,19.905985 49.260699,19.905908 49.260725,19.905783 49.260751,19.905696 49.260758,19.905471 49.260798,19.905357 49.260806,19.904768 49.260684,19.90443 49.260551,19.904366 49.260499,19.904327 49.260426,19.904287 49.260295,19.904284 49.259977,19.904248 49.25994),(19.904276 49.259859,19.904267 49.259897,19.904276 49.2599,19.904248 49.25994),(19.904276 49.259859,19.904188 49.2598,19.904145 49.259784,19.904039 49.259823,19.903977 49.259922,19.903772 49.260133,19.903491 49.260295,19.903342 49.260327,19.903194 49.260404,19.9027 49.260717,19.90239 49.260946,19.902286 49.261006,19.902079 49.261101,19.90186 49.261239,19.901581 49.261279,19.901254 49.261297,19.901149 49.261319,19.900941 49.261408,19.900889 49.26146,19.900859 49.261482,19.900741 49.261537,19.900703 49.26154,19.900598 49.261535,19.900513 49.261536,19.900473 49.261519,19.900423 49.261508,19.900239 49.261506,19.900117 49.261493,19.899903 49.261426,19.899863 49.261394,19.899804 49.261375,19.899768 49.261345,19.899686 49.261333,19.899393 49.261349,19.899142 49.261425,19.899002 49.261485,19.898903 49.261504,19.898833 49.261507,19.898726 49.261467,19.89856 49.261432,19.898413 49.261435,19.898096 49.261495,19.897616 49.261649,19.897351 49.261763,19.897091 49.261865,19.896775 49.261927,19.89662 49.261934,19.896514 49.261939,19.896319 49.261964,19.895964 49.262044,19.895475 49.262048,19.895004 49.262106,19.894673 49.262136,19.894375 49.26216,19.894069 49.26222,19.893829 49.262256,19.893745 49.262267),(19.893745 49.262267,19.893428 49.262219),(19.916047 49.258317,19.916038 49.258372,19.916024 49.258494,19.91602 49.258646,19.915981 49.258742,19.915995 49.259009,19.915965 49.259104,19.915968 49.259324))"
Klasztor Albertynek - Hotel Górski PTTK Kalatówki - Polana Kalatówki,#2563EB,standard,0,0,"MULTILINESTRING((19.974349 49.264394,19.974494 49.264497),(19.974298 49.264359,19.974349 49.264394),(19.973744 49.263934,19.973927 49.264097,19.974218 49.26431,19.974298 49.264359),(19.973744 49.263934,19.973313 49.263509,19.973016 49.26325,19.972705 49.26307,19.972305 49.262896,19.972177 49.262838,19.972061 49.262754,19.971746 49.262476,19.971564 49.262339,19.971366 49.262244,19.970988 49.262119,19.970607 49.262014,19.970288 49.261946,19.970142 49.261933,19.969894 49.261919,19.969644 49.26191,19.969426 49.261876,19.969208 49.26182,19.968982 49.261734,19.968716 49.261599,19.968494 49.261439,19.968371 49.261292),(19.967728 49.260931,19.968017 49.261026,19.968125 49.26109,19.968202 49.261157,19.968371 49.261292),(19.966546 49.259602,19.966635 49.259808,19.966674 49.259884,19.966723 49.259954,19.966839 49.260091,19.966867 49.260173,19.966893 49.260323,19.966973 49.260496,19.967047 49.26059,19.967128 49.260671,19.967203 49.260722,19.967302 49.260779,19.96753 49.260871,19.967728 49.260931),(19.966546 49.259602,19.966539 49.259536,19.966593 49.259452,19.966768 49.259374,19.966928 49.259354,19.967016 49.259344),(19.967016 49.259344,19.966973 49.259186,19.966897 49.259,19.966825 49.258891,19.966764 49.258775,19.966706 49.2586,19.966705 49.258539,19.96677 49.258456,19.966792 49.258412,19.966807 49.258235,19.966838 49.25813,19.966885 49.258081,19.966996 49.25802,19.967086 49.25798,19.967341 49.257839,19.967797 49.257506,19.968072 49.257219,19.96826 49.257029,19.968378 49.256866,19.968459 49.25671,19.968526 49.256542,19.968582 49.256446,19.968667 49.256331))"
Hala Białe - Hotel Górski PTTK Kalatówki,#1F2937,standard,1197,1343,"MULTILINESTRING((19.948089 49.261394,19.948195 49.261454,19.948345 49.26154,19.948457 49.261542,19.948589 49.261579,19.948753 49.261589,19.948846 49.261549,19.948836 49.261444,19.948964 49.261439,19.949294 49.261549,19.949407 49.261514,19.949506 49.261521,19.949683 49.261575,19.950047 49.261602,19.950306 49.261598,19.950599 49.261563,19.950819 49.261518,19.950991 49.26148,19.951097 49.261417,19.951236 49.261371,19.951424 49.261195,19.951499 49.261136,19.951644 49.261106,19.951827 49.261085,19.95195 49.261042,19.95206 49.260998,19.952191 49.260872,19.952357 49.260617,19.952394 49.260528,19.952379 49.260397,19.952403 49.26031,19.952446 49.260261,19.952556 49.260241,19.952754 49.260136,19.952809 49.259968,19.952792 49.259807,19.952781 49.259595,19.95277 49.259548,19.952805 49.259508,19.952779 49.259422,19.952773 49.259371,19.9528 49.259307,19.95288 49.259231,19.952934 49.259186,19.953029 49.259159,19.953086 49.259081,19.953149 49.259072,19.953258 49.259124,19.953401 49.259187,19.953493 49.259198,19.953606 49.259187,19.953695 49.259194,19.953796 49.259232,19.953985 49.259327,19.954088 49.259341,19.954158 49.259337,19.954196 49.259265,19.954299 49.25921,19.954385 49.259188,19.954482 49.259226,19.954751 49.259334,19.954964 49.259397,19.95505 49.259448,19.95517 49.259473,19.955233 49.259519,19.955359 49.25954,19.955668 49.259557),(19.956133 49.259475,19.955898 49.259536,19.955668 49.259557),(19.956133 49.259475,19.956343 49.259415,19.95656 49.259386,19.956684 49.259391,19.956925 49.259505,19.957005 49.259525,19.957098 49.259527,19.957442 49.259439,19.95759 49.259386,19.957649 49.259378,19.957711 49.259335,19.957845 49.259289,19.957945 49.25927,19.958049 49.259274,19.958614 49.259455,19.95873 49.259511,19.958789 49.259623,19.958877 49.259699,19.959015 49.259817,19.959159 49.259944,19.959189 49.260099,19.959173 49.260281,19.959293 49.260713,19.959374 49.260859,19.959452 49.260917,19.959575 49.260933,19.959693 49.260934,19.960028 49.260924,19.960489 49.260839,19.960728 49.260819,19.960901 49.260834,19.960999 49.260875,19.961279 49.260918,19.961464 49.260992,19.96174 49.26115,19.962013 49.261283,19.962583 49.261469,19.962874 49.261533,19.963339 49.261584,19.963633 49.261573,19.963824 49.26158,19.963979 49.2616,19.964108 49.261647,19.964132 49.261717,19.964151 49.261778,19.964137 49.262043,19.964116 49.262216,19.964113 49.26234,19.964111 49.262405,19.964124 49.262463,19.96423 49.26258,19.964312 49.262629,19.964449 49.262639,19.964561 49.262578,19.96474 49.262424,19.96487 49.262386,19.96493 49.262417,19.965052 49.262571,19.965108 49.262759,19.965135 49.262834,19.965196 49.262872,19.965302 49.262836,19.965476 49.262715,19.965567 49.262697,19.965664 49.262741,19.965728 49.262799,19.965785 49.262944,19.965963 49.263183,19.966047 49.263226,19.966249 49.263284,19.966337 49.263303,19.966452 49.26328,19.96653 49.263298,19.966659 49.263366,19.966842 49.263398,19.966942 49.263383,19.96714 49.263363,19.967489 49.263263,19.967673 49.263235,19.967947 49.263223,19.968129 49.263171,19.968199 49.263118,19.968185 49.263068,19.968105 49.263035,19.96792 49.263044,19.967768 49.263037,19.967549 49.262965,19.967307 49.262898,19.96712 49.262833,19.967043 49.26278,19.967021 49.262699,19.967032 49.262608,19.96708 49.262524,19.96718 49.262416,19.967397 49.26223,19.967453 49.262074,19.967496 49.262009,19.96756 49.262028,19.967595 49.262137,19.967643 49.262286,19.967708 49.262277,19.96778 49.262172,19.967823 49.26206,19.967804 49.261887,19.967842 49.261846,19.967914 49.261859,19.967976 49.261958,19.96803 49.262072,19.968064 49.262111,19.968115 49.262134,19.968191 49.262059,19.968162 49.26185,19.968105 49.261449,19.968008 49.261302,19.967883 49.261204,19.967775 49.26115,19.967697 49.261057,19.967688 49.260988,19.967728 49.260931))"
Kiry - Cudakowa Polana,#16A34A,standard,0,0,"MULTILINESTRING((19.86876 49.27542,19.868699 49.275292,19.868661 49.275083,19.868643 49.275016,19.868643 49.27498,19.868642 49.274882,19.868641 49.274807,19.868641 49.274721,19.868649 49.274625,19.868674 49.274496,19.868775 49.273976,19.868822 49.27363,19.868969 49.272317,19.869065 49.271741,19.86907 49.271585,19.869007 49.271326,19.868993 49.271171,19.868982 49.27103,19.869311 49.268605,19.869411 49.267749,19.869487 49.267136,19.869543 49.266612,19.869878 49.264864,19.869915 49.264638,19.869945 49.264438,19.869995 49.264235,19.870037 49.264078),(19.86881 49.275497,19.868778 49.275448,19.86876 49.27542))"
Cudakowa Polana - Lodowe Źródło,#16A34A,standard,959,1015,"MULTILINESTRING((19.870037 49.264078,19.870013 49.264028,19.869954 49.263971),(19.869954 49.263971,19.869849 49.263889),(19.869849 49.263889,19.869808 49.26386,19.869778 49.263831,19.869727 49.263751,19.869679 49.263663,19.86963 49.263528,19.869528 49.26323,19.869412 49.262921,19.869338 49.262645,19.869294 49.262398,19.869295 49.262147,19.869304 49.261895,19.869338 49.261702,19.86945 49.261327,19.869552 49.261026,19.86955 49.260945,19.869523 49.260811,19.869393 49.260266),(19.869393 49.260266,19.869373 49.260041,19.86938 49.259942,19.869432 49.25972,19.869519 49.259495,19.869524 49.259278),(19.869524 49.259278,19.869454 49.259068,19.869413 49.258927,19.869369 49.25882,19.869276 49.258729,19.869014 49.258583,19.868861 49.258484,19.868736 49.25837,19.868638 49.258235,19.868561 49.258108,19.868505 49.257986,19.868472 49.257855,19.868418 49.257598,19.868363 49.257376,19.868313 49.257093,19.868239 49.256773,19.868142 49.256453,19.868038 49.25622,19.867933 49.256041,19.867864 49.255963,19.867731 49.255859,19.867565 49.255698,19.867497 49.255577,19.867438 49.255453))"
Lodowe Źródło - Polana Pisana,#16A34A,standard,0,0,"MULTILINESTRING((19.867438 49.255453,19.867421 49.255308,19.867394 49.255186,19.86738 49.254987,19.867369 49.254872,19.867305 49.254743,19.86725 49.254568,19.867195 49.254377,19.867115 49.254171,19.867053 49.254057,19.866939 49.253928,19.86674 49.253763,19.866543 49.253577,19.866401 49.253367,19.866226 49.253072,19.866158 49.252914,19.866124 49.252631,19.866096 49.252531,19.86602 49.252415,19.865887 49.252158,19.865826 49.25208,19.865786 49.252038,19.865693 49.25195,19.865576 49.251875,19.865434 49.251812,19.865212 49.251719,19.865155 49.251672,19.865132 49.251624,19.865133 49.251552),(19.865133 49.251552,19.865188 49.251312),(19.865188 49.251312,19.865199 49.251208,19.865196 49.251082,19.865255 49.250758,19.865326 49.250443,19.865344 49.250302,19.865264 49.249958,19.865115 49.249486,19.865104 49.249359,19.865123 49.249277,19.865262 49.248905,19.865328 49.248662,19.865491 49.248351,19.865546 49.248158,19.865616 49.247833,19.865651 49.247565,19.865702 49.247246,19.865689 49.247169,19.865565 49.246917,19.86535 49.246574,19.86521 49.246234,19.865087 49.245934,19.865015 49.245741,19.86492 49.245564,19.864815 49.245369,19.864679 49.2452,19.864524 49.244943,19.864486 49.244798,19.864486 49.244672,19.864505 49.244562,19.86456 49.244338,19.864582 49.244138,19.864563 49.244048,19.864528 49.243929,19.864379 49.243632,19.864287 49.24346,19.864124 49.243184,19.863977 49.242984,19.863751 49.242727,19.86369 49.24262,19.863682 49.242555,19.863674 49.242483,19.863701 49.24234,19.863779 49.242135))"
Chuda Przełączka - Ciemniak,#16A34A,standard,1816,2043,"MULTILINESTRING((19.895609 49.238033,19.895704 49.238012,19.895811 49.237898,19.896041 49.237842,19.896111 49.237731,19.896452 49.237472,19.896545 49.237447,19.896573 49.237415,19.896613 49.237382,19.896712 49.237332,19.896882 49.237283,19.896875 49.237217,19.896995 49.237166,19.897151 49.237107,19.897173 49.237038,19.897215 49.237007,19.897323 49.236995,19.89734 49.236963,19.897426 49.23693,19.897557 49.236919,19.897564 49.236835,19.897689 49.236834,19.897694 49.236798,19.897721 49.236755,19.897749 49.23673,19.89786 49.236746,19.897894 49.23674,19.897962 49.236608,19.898058 49.236615,19.898066 49.236549,19.898165 49.236419,19.898276 49.236459,19.898294 49.236455,19.898301 49.236418,19.898344 49.23641,19.89836 49.236366,19.898389 49.236363,19.898515 49.23639,19.898532 49.236309,19.898554 49.236291,19.898724 49.236302,19.898814 49.236325,19.898842 49.236322,19.898841 49.236267,19.898868 49.236262,19.898957 49.236284,19.898989 49.236274,19.899016 49.236222,19.899055 49.236223,19.899215 49.236259,19.899242 49.236244,19.899224 49.236214,19.899223 49.236189,19.899259 49.236175,19.89942 49.236165,19.899459 49.236109,19.899656 49.23604,19.899686 49.235902,19.899698 49.235825,19.899671 49.23573,19.899684 49.235656,19.899763 49.235527,19.899774 49.235423,19.899769 49.235385,19.899789 49.235349,19.899808 49.235243,19.899896 49.235088,19.89997 49.234995,19.900049 49.234934,19.900384 49.234508,19.900492 49.234356,19.900659 49.23404,19.900667 49.233952,19.900661 49.233859,19.900722 49.233763,19.900746 49.233646,19.900852 49.233461,19.900874 49.233385,19.901023 49.233123,19.901316 49.232607,19.901353 49.232507,19.901375 49.232416,19.901318 49.232316,19.901448 49.232159,19.901539 49.232133,19.901575 49.232108,19.901607 49.231992,19.901825 49.231814,19.901949 49.231708,19.902044 49.231633,19.902085 49.231576,19.902133 49.23153,19.902206 49.231412,19.902362 49.231321,19.90262 49.231245,19.9029 49.231126),(19.903224 49.231124,19.903175 49.231122,19.903017 49.231129,19.9029 49.231126))"
Polana Pisana - Hala Ornak,#16A34A,standard,0,0,"MULTILINESTRING((19.863779 49.242135,19.863823 49.242056,19.864002 49.241765),(19.864002 49.241765,19.864063 49.241658),(19.864063 49.241658,19.864131 49.241553,19.8643 49.241401,19.864401 49.241278,19.864451 49.241202,19.864489 49.241099,19.864509 49.240998),(19.864509 49.240998,19.864507 49.240861),(19.864507 49.240861,19.864504 49.240817,19.864462 49.240673),(19.864462 49.240673,19.864411 49.240534),(19.864411 49.240534,19.864408 49.240518),(19.864408 49.240518,19.864359 49.240394),(19.864359 49.240394,19.864286 49.240269),(19.864286 49.240269,19.864126 49.240086),(19.864126 49.240086,19.863968 49.239889),(19.863968 49.239889,19.863958 49.239833,19.863941 49.239766,19.863894 49.239612,19.863816 49.239461,19.863734 49.239371,19.86365 49.239305,19.863622 49.239261),(19.863622 49.239261,19.863504 49.239158,19.863361 49.239059),(19.863361 49.239059,19.863123 49.238923,19.862984 49.238851,19.862898 49.238811,19.862807 49.238795,19.862662 49.238732,19.862592 49.238662,19.862538 49.238587,19.862487 49.238476,19.862428 49.238329,19.862369 49.238258,19.862227 49.238058,19.862203 49.237993,19.862195 49.237935,19.862155 49.237774,19.862106 49.237671,19.862034 49.237583,19.861945 49.237512,19.861815 49.237395,19.861656 49.237172,19.861566 49.236986,19.861472 49.236817,19.861287 49.236628,19.861095 49.236452,19.8609 49.236326,19.860782 49.23621,19.860643 49.236037),(19.860643 49.236037,19.860575 49.235929),(19.860575 49.235929,19.860543 49.235825,19.860419 49.23556,19.860301 49.235375,19.86 49.234902,19.85991 49.234679,19.859601 49.2342,19.859329 49.234006,19.859225 49.233966,19.85911 49.233928,19.858963 49.233792,19.858928 49.2337,19.858921 49.233608),(19.858921 49.233608,19.858944 49.233507),(19.858944 49.233507,19.858968 49.233404,19.858978 49.233309,19.858957 49.233126,19.858899 49.232837,19.858826 49.232609,19.858751 49.232402,19.858679 49.232263,19.858638 49.23214,19.858643 49.232007,19.858668 49.23186,19.858692 49.231704,19.858727 49.231547,19.858758 49.231477,19.858799 49.231407,19.858923 49.231312,19.859086 49.23121,19.8594 49.230953,19.859558 49.230791,19.85966 49.23066,19.859682 49.230543),(19.859682 49.230543,19.859695 49.230414),(19.859695 49.230414,19.859703 49.230303,19.859727 49.230171,19.859775 49.229948,19.859817 49.229726),(19.859817 49.229726,19.859905 49.229677))"
Hala Ornak - Tomanowy Potok,#16A34A,standard,1111,1476,"MULTILINESTRING((19.859905 49.229677,19.860881 49.229472,19.861739 49.229301,19.862922 49.22897,19.863426 49.228746,19.863877 49.228455,19.864059 49.228334,19.864166 49.228288,19.86429 49.228255,19.8644 49.228237,19.864579 49.228236,19.864716 49.228229,19.864901 49.228213,19.865062 49.228189,19.865223 49.228152,19.865373 49.228092,19.865473 49.228033,19.865757 49.227825,19.866059 49.227611,19.866587 49.227229,19.866725 49.227113,19.866908 49.226976,19.867122 49.226889,19.867329 49.226845,19.867473 49.226794,19.867549 49.226756,19.86772 49.226666,19.867785 49.226617,19.867817 49.226566,19.867817 49.226509,19.867817 49.226435,19.867868 49.22633,19.867935 49.226258,19.868093 49.226111,19.868259 49.225995,19.868528 49.225894,19.868699 49.225761,19.86886 49.22567,19.869027 49.2256,19.869216 49.225539,19.869429 49.22548,19.869654 49.22547,19.869933 49.225403,19.870228 49.225351,19.870475 49.225333,19.870631 49.225312,19.870738 49.225277,19.870974 49.225183,19.87151 49.225015,19.871741 49.22492,19.871902 49.22485,19.872041 49.224815,19.872259 49.224818,19.872454 49.224752,19.872732 49.22464,19.872959 49.224552,19.87327 49.224471,19.873659 49.224397,19.874042 49.2243,19.874316 49.224153,19.874445 49.224121,19.874541 49.224118,19.874885 49.224139,19.875539 49.22416,19.876118 49.224293,19.876869 49.224429,19.877201 49.224485,19.877969 49.224429,19.878377 49.224433,19.87894 49.224405,19.879521 49.224412,19.880488 49.224505,19.881005 49.22457,19.881483 49.224682,19.881778 49.224703,19.882831 49.224556,19.883584 49.224515,19.884046 49.224522,19.884354 49.224458,19.884724 49.224455,19.885097 49.224363,19.885451 49.224314,19.88575 49.224412,19.886148 49.224339,19.886534 49.224284,19.887008 49.22423,19.887319 49.224205,19.887579 49.224141,19.887889 49.224015,19.888065 49.223967,19.88822 49.223939,19.888691 49.223911,19.889202 49.223834,19.88936 49.223774,19.889781 49.22372,19.890057 49.223572,19.89024 49.223399,19.890517 49.2231,19.890682 49.223016,19.890928 49.222947,19.89144 49.222749,19.892019 49.22258,19.892525 49.222418,19.893151 49.22206,19.89359 49.221931,19.893847 49.221915,19.894264 49.221715,19.894542 49.221734,19.894649 49.221693,19.894814 49.221651,19.895024 49.221617,19.895325 49.221584,19.895472 49.221623,19.895569 49.221604,19.895704 49.221635,19.895882 49.22162))"
Tomanowy Potok - Chuda Przełączka,#16A34A,standard,1476,1907,"MULTILINESTRING((19.895882 49.22162,19.895838 49.221713,19.895747 49.221795,19.895537 49.221916,19.895095 49.222283,19.894847 49.222502,19.894702 49.222651,19.894632 49.222763,19.89462 49.222835,19.894674 49.222904,19.894926 49.222992,19.895516 49.223193,19.896074 49.223388,19.896331 49.223512,19.896736 49.223744,19.896749 49.223841,19.896728 49.223999,19.896738 49.224146,19.896845 49.224371,19.896843 49.224476,19.897096 49.225213,19.897092 49.225348,19.897323 49.225482,19.897641 49.225631,19.897856 49.225752,19.898091 49.225868,19.898285 49.225934,19.898324 49.22598,19.898304 49.226048,19.898261 49.226154,19.898346 49.226318,19.898414 49.226438,19.89841 49.226535,19.898378 49.22663,19.898299 49.22669,19.898226 49.226777,19.898169 49.226823,19.898028 49.226882,19.897889 49.227025,19.897812 49.227043,19.897558 49.227064,19.89734 49.227098,19.89719 49.227085,19.897109 49.227061,19.897011 49.227065,19.896852 49.227091,19.896773 49.227089,19.896626 49.227108,19.896582 49.227156,19.896523 49.227181,19.896329 49.227307,19.896042 49.227654,19.895943 49.227796,19.895889 49.227832,19.895866 49.227876,19.895808 49.227908,19.895733 49.22796,19.895694 49.228095,19.895596 49.228193,19.895578 49.228244,19.895394 49.22835,19.895277 49.228444,19.895025 49.228571,19.894937 49.228701,19.894933 49.228749,19.894858 49.228822,19.894844 49.228873,19.894694 49.228953,19.894607 49.229009,19.894533 49.229028,19.894481 49.229023,19.894432 49.229042,19.894298 49.229068,19.894145 49.229152,19.894045 49.229189,19.893983 49.229218,19.893903 49.229279,19.893824 49.229293,19.893705 49.229282,19.893642 49.229292,19.893589 49.229324,19.893473 49.229411,19.893338 49.229536,19.893342 49.229586,19.893373 49.229621,19.893497 49.229674,19.893705 49.22973,19.893897 49.229714,19.894049 49.229703,19.894112 49.229733,19.894154 49.229731,19.894165 49.229743,19.894111 49.229822,19.894105 49.229853,19.89412 49.22993,19.894167 49.230081,19.894181 49.230186,19.894254 49.230294,19.894546 49.230779,19.894507 49.230836,19.89447 49.230874,19.894443 49.230921,19.894356 49.231019,19.894271 49.23114,19.894237 49.231226,19.894068 49.231375,19.894018 49.231442,19.893987 49.231509,19.893854 49.231642,19.893773 49.231732,19.893735 49.231948,19.893656 49.232089,19.893597 49.232201,19.89357 49.232246,19.893541 49.232289,19.89352 49.23239,19.893525 49.232433,19.893506 49.232475,19.89353 49.232507,19.893718 49.232592,19.893818 49.232584,19.89388 49.232611,19.893988 49.232596,19.894269 49.232612,19.894409 49.232664,19.894455 49.232767,19.894483 49.232851,19.894538 49.232875,19.894789 49.232947,19.895112 49.233044,19.895347 49.233115,19.895906 49.233285,19.896081 49.233355,19.896142 49.233416,19.89614 49.233436,19.896089 49.23351,19.896024 49.233554,19.895991 49.233612,19.895957 49.233654,19.895926 49.233708,19.895879 49.233766,19.895826 49.233825,19.895753 49.233868,19.89572 49.233908,19.895691 49.234031,19.895762 49.234118,19.895864 49.234353,19.895884 49.234458,19.89591 49.234559,19.895927 49.234727,19.895979 49.23485,19.896075 49.234984,19.89613 49.235177,19.896253 49.235347,19.896305 49.235435,19.89635 49.235524,19.896383 49.235693,19.896397 49.235833,19.896415 49.23596,19.896407 49.236003,19.896422 49.236082,19.896386 49.236126,19.896402 49.23621,19.896373 49.236276,19.896369 49.236378,19.896261 49.236572,19.896215 49.23669,19.896149 49.236758,19.896126 49.236825,19.896068 49.236889,19.896031 49.236971,19.895962 49.237082,19.895901 49.237227,19.895854 49.23729,19.89569 49.237545,19.895613 49.23764,19.895576 49.237714,19.895571 49.23779,19.895569 49.237918,19.895585 49.237992,19.895609 49.238033))"
Michny - Zakopane,#2563EB,standard,814,878,"MULTILINESTRING((19.943098 49.300037,19.943227 49.299965,19.943442 49.29987,19.94367 49.299804,19.943892 49.299756,19.94404 49.299723),(19.94404 49.299723,19.944356 49.299579,19.944436 49.299535,19.944821 49.299324),(19.945584 49.298985,19.945304 49.299089,19.945034 49.299208,19.944821 49.299324),(19.946048 49.29888,19.945851 49.298916,19.945584 49.298985),(19.946048 49.29888,19.945908 49.298746),(19.945908 49.298746,19.945795 49.298578,19.945748 49.298528,19.94569 49.298466,19.9456 49.29837))"
Gronik - Przysłop Miętusi,#2563EB,standard,0,0,"MULTILINESTRING((19.900575 49.266375,19.900762 49.266459,19.900824 49.266521,19.90089 49.266593,19.900972 49.266663),(19.900972 49.266663,19.900998 49.266699),(19.900998 49.266699,19.901017 49.266747,19.901027 49.266843,19.90113 49.267173,19.901154 49.267305,19.901083 49.267939,19.900999 49.268391,19.900921 49.268582,19.900901 49.26873,19.900918 49.269212,19.900797 49.269564,19.900659 49.269875,19.900547 49.270191,19.900534 49.270327,19.90062 49.27071,19.900773 49.270897,19.900792 49.270971,19.900757 49.271062,19.900675 49.271183,19.90054 49.271411,19.900521 49.271521,19.900521 49.271851,19.900602 49.272423,19.900803 49.273249,19.900992 49.273649,19.901051 49.273708,19.901317 49.273889,19.901527 49.274018,19.901636 49.27412,19.901747 49.274266,19.901779 49.274327,19.901811 49.274478),(19.901811 49.274478,19.901829 49.274534),(19.901829 49.274534,19.901847 49.274663,19.901896 49.274727,19.90211 49.274923,19.902776 49.275329,19.902975 49.275472,19.903098 49.275531,19.903324 49.275573,19.903701 49.275622,19.903958 49.275667,19.90403 49.275712,19.904087 49.275788,19.904106 49.275894,19.904178 49.275994,19.904456 49.27621,19.904537 49.276324,19.904602 49.276604),(19.893745 49.262267,19.893428 49.262219),(19.900575 49.266375,19.900469 49.266322,19.900434 49.266269,19.900387 49.266145,19.900317 49.266045,19.900127 49.265923,19.900054 49.265814,19.899977 49.265653,19.899923 49.265467,19.899873 49.265402,19.899744 49.265293,19.899655 49.265219,19.899584 49.265127,19.89957 49.264961,19.89957 49.264824,19.899606 49.264687,19.899661 49.264521,19.899693 49.264364,19.899663 49.264285,19.899555 49.264181,19.899452 49.264115,19.899369 49.264019,19.898936 49.263709,19.898838 49.263497,19.89879 49.263463,19.898677 49.263478,19.898528 49.263547,19.898369 49.263615,19.897985 49.263713,19.897694 49.263735,19.897499 49.2637,19.897356 49.263636,19.897262 49.263616,19.897104 49.263574,19.897056 49.26355,19.897032 49.263545,19.896938 49.263551,19.896794 49.263526,19.896719 49.263486,19.896684 49.263452,19.896686 49.263396,19.896639 49.26335,19.896547 49.263313,19.896404 49.263256,19.896256 49.26317,19.896223 49.263157,19.896163 49.263153,19.896082 49.263112,19.896063 49.263083,19.896052 49.263006,19.896031 49.262985,19.895995 49.262968,19.895871 49.262939,19.895721 49.262884,19.895567 49.262866,19.895539 49.262854,19.895513 49.262821,19.895473 49.262794,19.895324 49.262759,19.895199 49.262712,19.89518 49.262685,19.89512 49.262675,19.895081 49.262643,19.895001 49.262573,19.894925 49.262488,19.894835 49.262427,19.894674 49.26242,19.894522 49.262417,19.894188 49.262373,19.893923 49.262317,19.893745 49.262267))"
Przysłop Miętusi - Małołączniak,#2563EB,standard,0,0,"MULTILINESTRING((19.893428 49.262219,19.893396 49.26179,19.893354 49.261696,19.893277 49.261634,19.893203 49.261502,19.893195 49.261415,19.893215 49.261355,19.893373 49.261244,19.893708 49.261152,19.893867 49.261068,19.894054 49.260872,19.894564 49.260292,19.894969 49.259865,19.895328 49.259385,19.89554 49.259105,19.895752 49.258907,19.896213 49.258433,19.896597 49.258016,19.896889 49.257712,19.897048 49.257503,19.897139 49.257377,19.897238 49.257243,19.89726 49.257115,19.897249 49.256938,19.897326 49.256516,19.897479 49.256262,19.897606 49.256115,19.897707 49.256002,19.897726 49.25593,19.897648 49.255587,19.897683 49.255198,19.897724 49.254916,19.897807 49.254067,19.897874 49.253855,19.897844 49.253743,19.89775 49.253512,19.897707 49.253333,19.897721 49.253032,19.897796 49.252873,19.897925 49.252792,19.898158 49.252626,19.898322 49.252469,19.898697 49.252187,19.898973 49.252036,19.899118 49.251896,19.899394 49.251691,19.89955 49.251613,19.899628 49.251546,19.900073 49.251387,19.900167 49.25132,19.900583 49.251161,19.900897 49.251106,19.90106 49.251058,19.901264 49.251017,19.901387 49.251028,19.901532 49.250975,19.901682 49.250942,19.901771 49.250902,19.901854 49.250902,19.902133 49.250826,19.90224 49.25083,19.902412 49.250751,19.902522 49.250716,19.902506 49.250608,19.902417 49.250557,19.902369 49.250506,19.902364 49.250403,19.902436 49.250352,19.902514 49.250352,19.902578 49.250333,19.902651 49.250266,19.902747 49.250261,19.902986 49.25014,19.903058 49.250126,19.903268 49.249974,19.903345 49.249893,19.903461 49.249851,19.903691 49.249641,19.904102 49.2493,19.904222 49.249049,19.904303 49.24897,19.904386 49.248909,19.904472 49.248827,19.904729 49.248657,19.905041 49.248473,19.905247 49.248422,19.905397 49.248361,19.905636 49.248141,19.905658 49.248088,19.90565 49.248036,19.905604 49.247979,19.90548 49.247801,19.905261 49.24765,19.905089 49.247543,19.904802 49.247319,19.904491 49.247069,19.904416 49.246862,19.904298 49.246714,19.90422 49.246542,19.904072 49.24639,19.903952 49.246271,19.903793 49.246143),(19.903793 49.246143,19.903775 49.246057,19.903828 49.245973,19.903965 49.245906,19.904169 49.245785,19.904206 49.24574,19.904314 49.245722,19.904542 49.245556,19.904641 49.245507,19.904713 49.245497,19.904839 49.245462,19.904928 49.245397,19.90499 49.245318,19.905169 49.245239,19.905261 49.245145,19.905537 49.244933,19.905598 49.244945,19.90566 49.24488,19.90573 49.244864,19.905931 49.244735,19.905977 49.244674,19.906344 49.244323,19.906433 49.24421,19.90647 49.244176,19.906502 49.24412,19.90654 49.244101,19.906519 49.243959,19.906559 49.24393,19.906623 49.243894,19.90665 49.243845,19.906682 49.243835,19.906792 49.243816,19.906883 49.243765,19.907277 49.243662),(19.907277 49.243662,19.907425 49.243544,19.907634 49.24349,19.908026 49.243507,19.908329 49.24356,19.908383 49.243651,19.908452 49.243695,19.908804 49.2437,19.909002 49.243719,19.909336 49.24386,19.909443 49.243857,19.90947 49.243894,19.909516 49.243917,19.909563 49.243945,19.909579 49.243973,19.909601 49.244008,19.90962 49.24404),(19.90962 49.24404,19.909659 49.244106,19.909737 49.244071),(19.909737 49.244071,19.909944 49.244039,19.910098 49.244042,19.910153 49.24404,19.910208 49.244025,19.910244 49.243997,19.910319 49.243977,19.910646 49.243998,19.910952 49.244033,19.910984 49.243972,19.911043 49.243968,19.911151 49.243968,19.911226 49.24395,19.91129 49.243972,19.911424 49.243984,19.911556 49.244047,19.91177 49.244099,19.91187 49.244182,19.911894 49.244232,19.912003 49.24427,19.911949 49.244313,19.911911 49.24436,19.912006 49.244408,19.912119 49.244444,19.912202 49.244436,19.912295 49.244462,19.9124 49.24445,19.912414 49.244468,19.912415 49.244487,19.912427 49.244495,19.912445 49.244498,19.912475 49.244491,19.912516 49.244495,19.912551 49.244474,19.912592 49.244506,19.912682 49.244472,19.912753 49.244451,19.912797 49.244468,19.912836 49.244404,19.912879 49.244437,19.912916 49.244459,19.912934 49.244438,19.912977 49.244434,19.91298 49.244411,19.913008 49.244403,19.913064 49.244411,19.913076 49.244388,19.913212 49.244386,19.913189 49.244338,19.913229 49.24432,19.913275 49.244326,19.913329 49.244346,19.913349 49.244323,19.913388 49.244301),(19.913388 49.244301,19.913461 49.244336,19.913522 49.244343,19.913609 49.244401,19.913669 49.244408,19.913781 49.244459,19.913843 49.244448,19.913864 49.244426,19.913928 49.24441,19.91401 49.244337,19.914064 49.244278,19.914116 49.244252,19.914144 49.244181,19.914263 49.244109,19.91432 49.243968,19.914318 49.243908,19.914345 49.243854,19.91433 49.243758,19.914303 49.24372,19.914275 49.243644,19.914272 49.243571,19.914251 49.243519,19.914193 49.243436),(19.913388 49.244301,19.913461 49.244336,19.913522 49.244343,19.913609 49.244401,19.913669 49.244408,19.913781 49.244459,19.913843 49.244448,19.913864 49.244426,19.913928 49.24441,19.91401 49.244337,19.914064 49.244278,19.914116 49.244252,19.914144 49.244181,19.914263 49.244109,19.91432 49.243968,19.914318 49.243908,19.914345 49.243854,19.91433 49.243758,19.914303 49.24372,19.914275 49.243644,19.914272 49.243571,19.914251 49.243519,19.914193 49.243436),(19.914193 49.243436,19.914202 49.243373,19.914267 49.243307,19.914465 49.243291,19.914609 49.243208,19.914663 49.243134,19.91471 49.242967,19.915076 49.242621,19.915277 49.242481,19.915327 49.242407,19.915385 49.242371,19.915496 49.242349,19.915579 49.242322,19.915718 49.242232,19.915792 49.242199,19.915932 49.242108,19.916016 49.241961,19.916161 49.241668,19.916336 49.241354,19.916402 49.241298,19.916564 49.241052,19.916604 49.240913,19.916664 49.240852,19.916698 49.24076,19.916759 49.240672,19.916901 49.240204,19.916882 49.240107,19.916887 49.24006,19.916922 49.240012,19.91696 49.239942,19.916979 49.239879,19.916991 49.239788,19.91699 49.239699,19.917033 49.239473,19.917062 49.239301,19.91706 49.239123,19.917135 49.238911,19.917183 49.23879,19.917231 49.238734,19.917258 49.23868,19.917325 49.238599,19.917395 49.238551,19.917427 49.238537,19.917431 49.238525,19.917422 49.238433,19.917454 49.238341,19.917493 49.238293,19.917559 49.238244,19.917586 49.238202,19.917628 49.238154,19.917673 49.23804,19.917735 49.237942,19.91778 49.237914,19.917789 49.237894,19.917787 49.237867,19.917813 49.23784,19.917836 49.237795,19.917878 49.237664,19.91799 49.23759,19.918047 49.237511,19.918175 49.23742,19.918232 49.237349,19.918299 49.237317,19.918336 49.237265,19.918334 49.237166,19.918377 49.237107,19.918419 49.237084,19.918406 49.237014,19.918575 49.236694,19.918669 49.23658,19.91876 49.236503,19.918875 49.236336,19.919053 49.23606,19.919089 49.236008,19.919139 49.235954))"
Polana Kalatówki - Hala Kondratowa,#2563EB,standard,0,0,"MULTILINESTRING((19.968667 49.256331,19.968595 49.256209,19.968545 49.256135),(19.968545 49.256135,19.968413 49.256033,19.968326 49.255931,19.968255 49.255812,19.968148 49.25569,19.967997 49.255581,19.967651 49.255359,19.967417 49.255248,19.967287 49.255184,19.967163 49.255105,19.967059 49.255039,19.966994 49.254899,19.966948 49.254741,19.966917 49.254502,19.966912 49.25435,19.966853 49.254244,19.96652 49.253899,19.966298 49.253655,19.9662 49.253508,19.966109 49.253445,19.966007 49.253397,19.96592 49.253275,19.965815 49.253183,19.965712 49.253111,19.96557 49.253046,19.965489 49.252978,19.965372 49.252901,19.965283 49.252814,19.965232 49.252738,19.965138 49.252654,19.965012 49.252556,19.964863 49.252461,19.964717 49.252424,19.964601 49.252392,19.964438 49.252344,19.964195 49.252291),(19.960565 49.251622,19.960659 49.251674,19.960739 49.251692,19.960891 49.251706,19.960965 49.251725,19.961093 49.251794,19.961202 49.251844,19.961343 49.251862,19.961638 49.251873,19.961846 49.251912,19.961985 49.251931,19.962318 49.251966,19.962619 49.252025,19.962694 49.252029,19.963056 49.252013,19.963176 49.252017,19.96334 49.252071,19.963494 49.252131,19.963678 49.252151,19.963825 49.252195,19.964009 49.252248,19.964105 49.252284,19.964195 49.252291),(19.951727 49.249647,19.951801 49.249712,19.951896 49.249796,19.952023 49.249873,19.952191 49.249965,19.95238 49.250053,19.952463 49.250082,19.952543 49.250089,19.952687 49.250098,19.95285 49.250096,19.952901 49.250103,19.953022 49.250137,19.953155 49.250196,19.953332 49.250238,19.953547 49.250252,19.953719 49.250284,19.953924 49.250289,19.954006 49.250294,19.954156 49.250325,19.95429 49.250372,19.954793 49.250525,19.954946 49.250572,19.955247 49.250686,19.955311 49.250705,19.955744 49.250787,19.955805 49.250808,19.956045 49.250931,19.956204 49.250994,19.956346 49.251024,19.956584 49.251045,19.956815 49.25104,19.957012 49.251009,19.957257 49.25099,19.95745 49.250991,19.957656 49.251008,19.957759 49.251016,19.957972 49.251014,19.958124 49.251048,19.958354 49.251115,19.958555 49.251156,19.958716 49.251167,19.958801 49.251178,19.959068 49.251272,19.959549 49.251402,19.959885 49.251498,19.960106 49.251546,19.960261 49.251565,19.960389 49.251567,19.960565 49.251622))"
Kondracka Przełęcz - Giewont,#2563EB,standard,0,0,"MULTILINESTRING((19.932341 49.246364,19.932334 49.246401,19.932334 49.246442,19.932379 49.246533,19.932462 49.246618,19.932515 49.246733,19.932539 49.246835,19.932551 49.246864,19.93255 49.246877,19.93254 49.246901,19.932585 49.246977,19.932605 49.247026,19.932644 49.247078,19.932673 49.24711,19.932664 49.247167,19.932673 49.2472,19.932654 49.247255,19.932667 49.247281,19.932686 49.247301,19.932701 49.247329,19.932695 49.247358,19.932717 49.247386,19.932722 49.247411,19.932751 49.247433,19.93291 49.247488,19.933011 49.247544,19.933048 49.247574,19.933087 49.247629,19.933118 49.24765,19.933179 49.247672,19.9332 49.247689,19.933241 49.247731,19.933275 49.247755,19.933317 49.247771,19.933385 49.247802,19.933445 49.247868,19.933486 49.247886,19.933528 49.247892,19.933581 49.247914,19.933644 49.247926,19.9337 49.247935,19.933749 49.24794,19.933777 49.247951,19.933787 49.247966,19.933796 49.247985,19.933843 49.248001,19.933866 49.248024,19.933868 49.248049,19.933841 49.248078,19.933836 49.248091,19.933844 49.248114,19.933882 49.248145,19.933894 49.248177,19.933908 49.248205,19.933923 49.248235,19.933919 49.248254,19.933891 49.248307,19.933869 49.248349,19.93389 49.248379,19.933895 49.248385,19.933937 49.248412,19.933941 49.248425,19.933929 49.248468,19.933927 49.248523,19.933935 49.248581,19.93395 49.248611,19.934067 49.248806,19.93413 49.248893,19.934133 49.248922,19.93412 49.248955,19.934086 49.249001,19.934067 49.249036,19.934059 49.249071,19.934077 49.249144,19.934084 49.249177,19.934079 49.249213,19.934051 49.249283,19.934035 49.249315,19.93403 49.249351,19.934018 49.249398,19.933916 49.249556,19.933892 49.249592,19.933832 49.249628,19.933823 49.249646,19.933856 49.249705,19.933799 49.249771,19.933743 49.249834,19.933738 49.249855,19.933754 49.249909,19.93376 49.249935,19.933868 49.249982,19.933944 49.249988,19.934 49.250003,19.934071 49.250004,19.93409 49.250022,19.934086 49.250053,19.934074 49.250103,19.93406 49.250117,19.934014 49.250132,19.933912 49.250218,19.933867 49.250233,19.933863 49.250258,19.933866 49.250304),(19.933631 49.250537,19.933651 49.250523,19.93363 49.250503,19.933652 49.250473,19.933658 49.25045,19.933666 49.250434,19.933736 49.2504,19.933737 49.25039,19.933659 49.250373,19.933652 49.250359,19.933648 49.250353,19.933649 49.250347,19.93365 49.250341,19.933653 49.250335,19.933664 49.250325,19.933678 49.250317,19.93369 49.250313,19.933704 49.25031,19.933729 49.250311,19.933735 49.25031,19.93374 49.250307,19.933748 49.250301,19.933758 49.250297,19.933782 49.250293,19.933792 49.250292,19.933866 49.250304),(19.933985 49.250927,19.933907 49.250962,19.933891 49.250966,19.933874 49.250968,19.933839 49.250965,19.933822 49.250962,19.933807 49.250957,19.933795 49.250948,19.93379 49.250937,19.933793 49.250923,19.933801 49.250911,19.933822 49.250882,19.933828 49.250866,19.933831 49.250845,19.933834 49.250808,19.933817 49.250733,19.933779 49.250686,19.93374 49.250664,19.933683 49.250648,19.933678 49.250644,19.933675 49.250639,19.933677 49.250604,19.933662 49.250576,19.933691 49.250554,19.933664 49.250547,19.933631 49.250537),(19.934226 49.250967,19.934189 49.250978,19.934177 49.250982,19.934171 49.250986,19.934162 49.250993,19.934152 49.251,19.934134 49.251005,19.934107 49.251006,19.934084 49.251005,19.934055 49.251002,19.934041 49.250998,19.934032 49.25099,19.93402 49.25096,19.934012 49.250937,19.934002 49.25093,19.933985 49.250927),(19.934155 49.25074,19.934176 49.250771,19.934218 49.250804,19.934261 49.250841,19.934263 49.250874,19.934237 49.250914,19.93424 49.250951,19.934235 49.25096,19.934226 49.250967),(19.934067 49.250662,19.934062 49.250669,19.934073 49.25068,19.934085 49.25069,19.934123 49.250717,19.934155 49.25074),(19.934347 49.250643,19.934274 49.250652,19.934218 49.25065,19.93418 49.250644,19.934151 49.250651,19.934156 49.250658,19.934162 49.250666,19.93418 49.250672,19.934199 49.250679,19.934201 49.250689,19.934189 49.250692,19.934172 49.250689,19.934137 49.250676,19.9341 49.250664,19.934076 49.250659,19.934067 49.250662),(19.933866 49.250304,19.933949 49.250345,19.934237 49.250491,19.934293 49.250519,19.934304 49.250527,19.934331 49.250558,19.934346 49.250628,19.934347 49.250643))"
Kolejka krzesełkowa Gąsienicowa (stacja dolna) - Czerwone Stawki,#1F2937,standard,0,0,"MULTILINESTRING((19.996603 49.237123,19.996655 49.237047,19.996766 49.236813,19.99666 49.236393,19.996549 49.236163,19.996496 49.236056,19.996427 49.23597,19.996392 49.23593,19.996379 49.235891,19.996383 49.235883,19.996434 49.235784,19.996398 49.235578,19.996331 49.235371,19.9963 49.235222,19.996257 49.235095,19.996231 49.235058,19.996164 49.234946,19.996088 49.234843,19.996069 49.234732,19.996037 49.234642,19.99597 49.234503,19.995961 49.234431,19.995965 49.234347,19.996 49.2343,19.996056 49.23425,19.996094 49.233916,19.996066 49.233845,19.996055 49.233762,19.996033 49.233614,19.996018 49.233573,19.996028 49.233407,19.996078 49.233345,19.996079 49.233207,19.996114 49.233131,19.996096 49.233046,19.996117 49.232958,19.996149 49.232911,19.996246 49.232796,19.996289 49.232734,19.99632 49.232645,19.99634 49.232543,19.99639 49.232461,19.996451 49.232375,19.996546 49.232302,19.996562 49.232289,19.996624 49.232184,19.996704 49.232123,19.996773 49.232043,19.996924 49.231934,19.997061 49.231776,19.99709 49.231677,19.997133 49.231606,19.997275 49.231487,19.997327 49.231417,19.997365 49.231375,19.997396 49.231353,19.997452 49.231326,19.99757 49.231296,19.997665 49.231264,19.99772 49.231225,19.997787 49.231193,19.997865 49.231105,19.997927 49.231033,19.997993 49.230969,19.998068 49.230916,19.998111 49.230841,19.998116 49.230818,19.998084 49.230696,19.998092 49.230581,19.998079 49.230494,19.998083 49.23045,19.998099 49.230427,19.998127 49.230413,19.998222 49.230377,19.998263 49.230365,19.998345 49.230342,19.998498 49.230322,19.998636 49.230284,19.998795 49.230274,19.998953 49.230274,19.999024 49.230257,19.999108 49.230223,19.999251 49.230128,19.99935 49.230069,19.999437 49.230006,19.999584 49.229953,19.999737 49.229887,19.999902 49.229794,19.999961 49.229771,20.000023 49.229757,20.000099 49.22976,20.000156 49.229763,20.000197 49.22973,20.000249 49.229701,20.000268 49.229641,20.000312 49.229592,20.000364 49.22956,20.000487 49.229448,20.00051 49.229416,20.000509 49.229381,20.000534 49.229369,20.000549 49.229321,20.000562 49.229304,20.00057 49.229274,20.000609 49.229238,20.000615 49.229205,20.000644 49.229094,20.000668 49.229059,20.000671 49.228978,20.000692 49.228918,20.000723 49.228875,20.000734 49.228858,20.000854 49.228891,20.000927 49.228889,20.000976 49.228863,20.001005 49.228837,20.001105 49.228664,20.00126 49.228566,20.001379 49.228544,20.001496 49.22848,20.001721 49.228418,20.00178 49.228396,20.001841 49.228357,20.001879 49.228302,20.001913 49.228247,20.001967 49.228182,20.002027 49.228138,20.002064 49.228098,20.002085 49.228067,20.002127 49.228047,20.00225 49.227998,20.002349 49.227874,20.002395 49.227815))"
Hala Kondratowa - Kondracka Przełęcz,#2563EB,standard,1345,1719,"MULTILINESTRING((19.951727 49.249647,19.951546 49.249528,19.951433 49.249482,19.951385 49.249441,19.95132 49.249417,19.950992 49.249426,19.950877 49.249401,19.950782 49.249355,19.950698 49.24935,19.950644 49.249329,19.950551 49.249315,19.950465 49.249294,19.950354 49.249228,19.950295 49.2492,19.950237 49.24914,19.950118 49.249088,19.949973 49.249025),(19.949973 49.249025,19.94977 49.248956,19.949516 49.248871,19.949179 49.248736),(19.949179 49.248736,19.948996 49.248632),(19.948996 49.248632,19.948855 49.248576,19.94876 49.248523),(19.94876 49.248523,19.948603 49.24844),(19.948603 49.24844,19.948476 49.248343,19.948446 49.248307),(19.948446 49.248307,19.948406 49.248272,19.948321 49.248226,19.948191 49.248111,19.948136 49.24808,19.948066 49.248056,19.947626 49.247971),(19.947626 49.247971,19.947495 49.247918,19.947405 49.24786,19.94724 49.247818,19.947134 49.247733,19.946963 49.247629,19.946915 49.24755),(19.946915 49.24755,19.946845 49.24747,19.946768 49.247412,19.946672 49.247365,19.946581 49.247338,19.946521 49.247322,19.946472 49.247307),(19.946472 49.247307,19.9464 49.247284,19.946312 49.247247,19.946213 49.247204,19.946086 49.247146,19.946003 49.247125,19.945858 49.247064,19.94574 49.247036,19.945691 49.247017,19.945616 49.247004,19.945511 49.246943,19.945466 49.246927,19.94532 49.246917,19.945211 49.246907,19.945051 49.246888,19.944918 49.246882,19.944669 49.246848,19.944512 49.246855,19.944465 49.246851,19.944417 49.246821,19.944359 49.246815,19.944258 49.246843,19.944195 49.24684,19.944115 49.24684,19.944029 49.24684,19.943935 49.246829,19.943858 49.246877,19.943824 49.246882,19.943762 49.246879,19.943643 49.24688,19.943503 49.246851,19.94335 49.246822,19.943193 49.246807,19.943149 49.246791,19.943062 49.246713,19.942958 49.246653,19.942917 49.246616,19.94288 49.246549),(19.94288 49.246549,19.942827 49.246463,19.942807 49.246452,19.942767 49.246432,19.94267 49.246401,19.942536 49.24636,19.942066 49.24628,19.941872 49.24628),(19.941872 49.24628,19.941713 49.246292,19.941574 49.246296,19.941506 49.246297,19.941364 49.24626,19.941267 49.246254,19.941229 49.246235,19.941098 49.246131,19.940955 49.246065,19.940849 49.246032,19.94072 49.246011),(19.94072 49.246011,19.940582 49.245976,19.940435 49.245925,19.940317 49.245874,19.940269 49.245861,19.940153 49.245853),(19.940153 49.245853,19.940004 49.245816,19.939963 49.245805,19.939913 49.245787,19.939823 49.245776,19.939728 49.245775,19.939594 49.245787,19.939484 49.245804,19.939345 49.245793,19.939196 49.245748,19.938893 49.245691,19.938581 49.245652),(19.938581 49.245652,19.938514 49.245672,19.938287 49.245686,19.938193 49.24568,19.937928 49.245693,19.937761 49.245701,19.937651 49.245691,19.937572 49.24569,19.937452 49.245715,19.937314 49.24577,19.936922 49.245783,19.936837 49.245809,19.936764 49.245847,19.936708 49.245865,19.93663 49.245871,19.936512 49.245862,19.936318 49.245853,19.935992 49.24585,19.93585 49.245885,19.935781 49.245892,19.935745 49.245913,19.935694 49.245907,19.935567 49.245903,19.935512 49.245896,19.93545 49.245908,19.93541 49.245926,19.93536 49.245928,19.935313 49.245961,19.935293 49.245975,19.935248 49.245971,19.935197 49.245968,19.93512 49.245965,19.935057 49.245937,19.934962 49.245821,19.934894 49.245755,19.934829 49.245692,19.934801 49.245673,19.934704 49.245676,19.934518 49.245708,19.934446 49.245745,19.934302 49.245839,19.934185 49.245938,19.934096 49.245997,19.934075 49.24603,19.934089 49.246067,19.934124 49.246088,19.934144 49.246131,19.934185 49.246183,19.934211 49.246225,19.934184 49.246358,19.934244 49.246433,19.934299 49.246484,19.934286 49.24652,19.934299 49.246541,19.934337 49.24657,19.934338 49.246611,19.934384 49.246696,19.934432 49.246753,19.934452 49.246771,19.934447 49.246796,19.934407 49.246802,19.934316 49.246784,19.934227 49.246782,19.934167 49.246795,19.93414 49.246823,19.93397 49.246859,19.933867 49.246869,19.93381 49.246867,19.933765 49.246868,19.93369 49.246858,19.933619 49.246846,19.93351 49.24682,19.933428 49.246794,19.933345 49.246757,19.933303 49.246748,19.933227 49.246717,19.933184 49.246699,19.933151 49.246668,19.933075 49.246628,19.932999 49.246624,19.932942 49.246617,19.932909 49.246628,19.932883 49.24663,19.932841 49.246601,19.932757 49.246547,19.932633 49.246491,19.932598 49.246464,19.932511 49.246445,19.932403 49.246384,19.932341 49.246364))"
Kasprowy Wierch (stacja kolejki) - Kolejka krzesełkowa Gąsienicowa (stacja dolna),#EAB308,standard,0,0,"MULTILINESTRING((19.982731 49.232694,19.982653 49.232626,19.982628 49.232622,19.982606 49.232633,19.982598 49.23267,19.982597 49.232718,19.982586 49.232744,19.98257 49.232754,19.982548 49.232752,19.982513 49.23274,19.982402 49.232694,19.982285 49.232627,19.982053 49.232509,19.981764 49.232356),(19.982731 49.232694,19.982774 49.232686,19.98272 49.232593,19.982607 49.232397,19.982525 49.232216,19.982499 49.232128,19.982479 49.232038,19.982489 49.231911,19.982519 49.231739,19.982591 49.231502,19.982617 49.23145,19.982652 49.231389,19.982738 49.231249,19.982826 49.231147,19.982953 49.231043,19.983038 49.23099),(19.983038 49.23099,19.983385 49.230888,19.983679 49.230822,19.984283 49.230694,19.984406 49.230671,19.98465 49.230658,19.984886 49.230662,19.985222 49.230703,19.985365 49.230711,19.985853 49.230818,19.986045 49.230887,19.986196 49.230956,19.986466 49.231106,19.986793 49.231298,19.987168 49.23151,19.987469 49.231671,19.987843 49.231975,19.988212 49.232238,19.988347 49.232413,19.988472 49.232626,19.988559 49.232721,19.989425 49.23317,19.990296 49.233602,19.99092 49.233865,19.991057 49.233908,19.991555 49.234032,19.991848 49.234118,19.992026 49.234184,19.992524 49.234321,19.992727 49.234368,19.992805 49.234395,19.992943 49.234457,19.993016 49.234478,19.993087 49.23448,19.993151 49.234463,19.993244 49.234426,19.993343 49.234403,19.99349 49.234343,19.993599 49.234313,19.993614 49.234313,19.993694 49.234307),(19.993694 49.234307,19.993877 49.2345,19.994052 49.234647,19.994444 49.234948,19.994548 49.23506,19.994656 49.235177,19.994663 49.235271,19.994668 49.235342,19.994707 49.235412,19.994715 49.235495,19.994718 49.23558,19.994744 49.235623,19.994794 49.235664,19.995024 49.235769,19.995147 49.235838,19.995382 49.236002,19.995454 49.236044,19.995565 49.236161,19.995673 49.236232,19.995761 49.236266,19.996088 49.236469,19.996226 49.236595,19.996329 49.236732,19.996433 49.236854,19.996508 49.236953,19.996558 49.237039,19.996603 49.237123))"
Kolejka krzesełkowa Gąsienicowa (stacja dolna) - Schronisko PTTK Murowaniec,#EAB308,standard,0,0,"MULTILINESTRING((20.00176 49.241466,20.001561 49.241319,20.001076 49.241022,20.000819 49.240851,20.000594 49.240654,20.000331 49.240424,20.000233 49.240353,20.000013 49.240128,19.999866 49.240034,19.999641 49.239836,19.999402 49.239572,19.999349 49.239524,19.999183 49.239413,19.999096 49.239331,19.998855 49.239153,19.998636 49.238998,19.998562 49.238932,19.998453 49.238872,19.998287 49.238787,19.998132 49.238703,19.998098 49.238677,19.998051 49.238642,19.997985 49.238614,19.99777 49.238538,19.997702 49.238505,19.997657 49.238437,19.997613 49.238392,19.997539 49.23833,19.997457 49.238226,19.997243 49.238037,19.997101 49.237854,19.99696 49.237697,19.996643 49.237367,19.996617 49.237327,19.996589 49.23723,19.996596 49.23715,19.996603 49.237123),(20.00507 49.242624,20.004911 49.242473,20.004853 49.242379,20.00482 49.242348,20.00473 49.2423,20.004616 49.242219,20.004537 49.242128,20.00449 49.242081,20.004429 49.242041,20.004298 49.241943,20.004199 49.241912,20.003888 49.241834,20.003618 49.241767,20.003556 49.241752,20.003512 49.241755,20.00326 49.24178,20.003184 49.24178,20.003142 49.241776,20.003111 49.24177,20.002985 49.241724,20.002852 49.241658,20.002743 49.241621,20.00269 49.241615,20.002576 49.241613,20.002491 49.241598,20.002369 49.241552,20.002311 49.241531,20.002245 49.241519,20.002132 49.241531,20.00206 49.241528,20.001967 49.241506,20.001874 49.241481,20.00176 49.241466),(20.005113 49.24267,20.00507 49.242624),(20.005425 49.242944,20.005367 49.242916,20.005194 49.242753,20.005113 49.24267),(20.005599 49.24305,20.005522 49.242998,20.00546 49.242971,20.005425 49.242944),(20.006932 49.243273,20.006797 49.243237,20.006325 49.243164,20.006068 49.243094,20.005842 49.24307,20.005599 49.24305))"
Betlejemka - Pod Murowańcem,#2563EB,standard,0,0,"MULTILINESTRING((20.00639 49.244913,20.006586 49.24478,20.006695 49.244745,20.006916 49.244674,20.006984 49.244642,20.007019 49.244613,20.007074 49.244451,20.007085 49.244273,20.007091 49.244155,20.007128 49.244011,20.007161 49.243919,20.0072 49.243856,20.007199 49.243826,20.007182 49.243788,20.007124 49.243747,20.007022 49.243685,20.006919 49.243627,20.006873 49.243594,20.006851 49.243567,20.006858 49.243523,20.006877 49.24347,20.006852 49.243423,20.006932 49.243273),(20.006932 49.243273,20.006797 49.243237,20.006325 49.243164,20.006068 49.243094,20.005842 49.24307,20.005599 49.24305))"
Zadni Upłaz - Krzyżne,#EAB308,standard,1619,2106,"MULTILINESTRING((20.047278 49.228652,20.047274 49.228683,20.04719 49.228716,20.04714 49.228737,20.047106 49.228726,20.047084 49.228715,20.047051 49.228711,20.047002 49.228719,20.046982 49.228734,20.046985 49.228763,20.046965 49.228786,20.046876 49.228787,20.046849 49.228815,20.046818 49.228824,20.04678 49.228826,20.04673 49.228836,20.046736 49.22886,20.046722 49.228896,20.046673 49.228939,20.04662 49.228973,20.046599 49.228936,20.046574 49.228937,20.046551 49.228966,20.046512 49.228982,20.04643 49.229001,20.046359 49.228992,20.046326 49.229006,20.046293 49.229017,20.046191 49.229075,20.046152 49.229087,20.046121 49.229048,20.045915 49.228975,20.045846 49.228979,20.045747 49.228946,20.045716 49.228903,20.045678 49.228912,20.045637 49.228957,20.045594 49.229035,20.045555 49.229047,20.045509 49.229105,20.045454 49.229099,20.045406 49.229124,20.045331 49.229173,20.045233 49.22918,20.045144 49.229211,20.045021 49.229231,20.044674 49.229175,20.044625 49.22913,20.044552 49.229097,20.044444 49.229059,20.04432 49.229033,20.044243 49.229041,20.044224 49.229078,20.044219 49.229121,20.04422 49.229153,20.044223 49.229192,20.044232 49.229245,20.044227 49.229312,20.044188 49.229376,20.044163 49.229437,20.044135 49.229508,20.044078 49.229563,20.043965 49.22959,20.043846 49.229643,20.043767 49.229679,20.04369 49.229698,20.043668 49.22974,20.043632 49.229795,20.043558 49.229838,20.043456 49.229901,20.043376 49.229961,20.04324 49.229966,20.043185 49.230003,20.043119 49.230017,20.043015 49.230039,20.042914 49.23008,20.042869 49.230089,20.042798 49.230115,20.042721 49.23016,20.042711 49.230171,20.042626 49.230193,20.042583 49.230253,20.042548 49.23026,20.042508 49.230239,20.042464 49.230239,20.04242 49.230241,20.042357 49.230231,20.042309 49.230239,20.042233 49.230229,20.042139 49.230263,20.042112 49.230291,20.042084 49.23031,20.042055 49.230322,20.041948 49.230344,20.041926 49.230357,20.041924 49.230384,20.0419 49.230401,20.041799 49.230421,20.041695 49.23045,20.041634 49.230511,20.041618 49.230566,20.041579 49.230589,20.041537 49.230589,20.041513 49.230596,20.041501 49.230611,20.04147 49.230618,20.041437 49.230638,20.041418 49.230654,20.04138 49.230658,20.041363 49.230668,20.041355 49.230686,20.041302 49.230699,20.041263 49.2307,20.041232 49.230725,20.041162 49.230748,20.041104 49.230772,20.041069 49.230776,20.041039 49.230783,20.04094 49.230809,20.040875 49.230815,20.040828 49.230831,20.040782 49.23085,20.040751 49.230883,20.0407 49.230952,20.040682 49.230975,20.04064 49.230964,20.040579 49.230964,20.040543 49.230973,20.040479 49.230998,20.040395 49.231001,20.040328 49.230995,20.040181 49.231021,20.040082 49.231051,20.03997 49.231083,20.03989 49.231092,20.03987 49.231106,20.039839 49.23111,20.039774 49.231113,20.03973 49.231113,20.0397 49.231119,20.039655 49.231139,20.039616 49.23117,20.039545 49.231201,20.039469 49.231221,20.039412 49.231246,20.039386 49.231265,20.039365 49.231288,20.039315 49.231311,20.039253 49.231331,20.039122 49.231369,20.039028 49.231408,20.038963 49.231444,20.038921 49.231444,20.038896 49.231424,20.038877 49.231417,20.038848 49.231416,20.038814 49.231418,20.03879 49.23143,20.038756 49.23148,20.03868 49.231514,20.038634 49.231537,20.038604 49.23154,20.038584 49.23156,20.038556 49.231595,20.038507 49.231696,20.038496 49.231726,20.038495 49.231762,20.038451 49.23182,20.038394 49.231843,20.038354 49.23188,20.038304 49.231975,20.038293 49.232021,20.038262 49.232064,20.038207 49.232104,20.038189 49.232153,20.038147 49.232183,20.03809 49.232205,20.038016 49.232263,20.038001 49.232293,20.037958 49.2323,20.037908 49.232321,20.037862 49.23236,20.03784 49.232397,20.037831 49.232449,20.037775 49.232462,20.037758 49.232486,20.037704 49.232597,20.03767 49.232623,20.037658 49.232663,20.037636 49.232694,20.037599 49.232715,20.037583 49.232748,20.0376 49.232765,20.037598 49.232779,20.037555 49.232842,20.037547 49.232892,20.037562 49.232918,20.037602 49.232966,20.037586 49.233053,20.037571 49.23313,20.03756 49.233168,20.037528 49.233286,20.037512 49.233416,20.037488 49.233459,20.037474 49.233499,20.037459 49.233534,20.037452 49.23357,20.037465 49.233615,20.037505 49.233651,20.037535 49.233696,20.037626 49.233753,20.037692 49.233796,20.037778 49.233892,20.03784 49.233959,20.037838 49.233996,20.037861 49.23404,20.037843 49.234085,20.037854 49.234131,20.037841 49.234162,20.037858 49.234207,20.03788 49.234246,20.037926 49.2343,20.037951 49.234347,20.038052 49.234371,20.038107 49.234386,20.038135 49.234434,20.038182 49.234472,20.038256 49.234555,20.0383 49.234576,20.038338 49.234614,20.038396 49.234658,20.038434 49.234696,20.038489 49.234724,20.038594 49.234746,20.038699 49.234739,20.038772 49.234746,20.038824 49.234763,20.038892 49.234789,20.038954 49.234802,20.039008 49.234806,20.039016 49.234819,20.039029 49.234826,20.039059 49.234826,20.039099 49.234815,20.039153 49.234822,20.039201 49.234838,20.039191 49.234856,20.039205 49.234875,20.03924 49.23488,20.039268 49.234869,20.039288 49.234871,20.039289 49.234881,20.039278 49.234901,20.039286 49.234918,20.03932 49.234919,20.039351 49.23491,20.039379 49.234915,20.039381 49.234929,20.039372 49.234943,20.039376 49.234956,20.039384 49.234969,20.039406 49.234975,20.039446 49.234971,20.0395 49.234954,20.039528 49.234947,20.03954 49.234979,20.039523 49.234995,20.039551 49.235005,20.039576 49.235007,20.03961 49.234989,20.039655 49.234958,20.039692 49.234943,20.039751 49.234946,20.039778 49.234957,20.039797 49.234978,20.039819 49.235006,20.039821 49.235037,20.039835 49.235064,20.039864 49.235099,20.03987 49.235117,20.039866 49.235138,20.039836 49.235182,20.039829 49.235207,20.039843 49.235232,20.039874 49.235286,20.039903 49.235346,20.039934 49.235396,20.039973 49.235408,20.039995 49.235436,20.039991 49.235469,20.039998 49.235503,20.040029 49.235534,20.040016 49.235596,20.039994 49.235633,20.040017 49.235664,20.040015 49.235693,20.040009 49.235737,20.039982 49.235787,20.039988 49.235812,20.03998 49.235837,20.039948 49.235869,20.039915 49.235892,20.039899 49.235944,20.03985 49.236008,20.039863 49.236062,20.039834 49.236131,20.039827 49.236182,20.039828 49.236248,20.039848 49.236306,20.039852 49.236394,20.039871 49.236427,20.039873 49.236482,20.039905 49.236523,20.039946 49.236582,20.04 49.236614,20.040025 49.236639,20.040042 49.236667,20.040128 49.236728,20.040169 49.236813,20.040185 49.236896,20.040197 49.236964,20.040211 49.237041,20.040229 49.237093,20.040248 49.237171,20.04026 49.237172,20.040283 49.237251,20.040283 49.237312,20.040259 49.237375,20.04022 49.23743,20.040182 49.237555,20.040091 49.237656,20.040087 49.23772,20.040115 49.237748,20.040121 49.237863,20.040132 49.237865,20.040141 49.237912,20.04016 49.237992,20.040183 49.238067,20.040189 49.238106,20.040149 49.238239,20.040132 49.238295,20.040091 49.238373,20.040072 49.238437,20.04001 49.238498,20.03994 49.238609,20.039924 49.238668,20.039941 49.238728,20.039932 49.238775,20.039974 49.238818,20.039964 49.238885,20.040007 49.238972,20.040046 49.239042,20.039996 49.239172,20.040005 49.23925,20.040032 49.239373,20.040019 49.239436,20.039966 49.239482,20.039959 49.239524,20.039916 49.239591,20.039814 49.239614,20.03974 49.239674,20.039641 49.239734,20.03952 49.239846,20.039463 49.239932,20.039414 49.239979,20.039332 49.239983,20.039282 49.239992,20.039233 49.24002,20.03921 49.240026,20.039169 49.240014,20.039097 49.240006,20.039043 49.240015,20.038943 49.240038,20.038854 49.240076,20.038824 49.240074,20.038749 49.240067,20.038636 49.240095,20.038482 49.240101,20.038271 49.240112,20.038193 49.240092,20.038043 49.240056,20.038002 49.239998,20.037925 49.239956,20.037842 49.239906,20.037713 49.239891,20.037652 49.239865,20.037625 49.2398,20.037548 49.239731,20.037535 49.239622,20.037502 49.239587,20.037454 49.239436,20.037381 49.239402,20.03735 49.239344,20.037268 49.239297,20.037248 49.23918,20.03712 49.2391,20.037063 49.23907,20.036986 49.23903,20.036856 49.239029,20.036758 49.239082,20.036623 49.239129,20.036478 49.239272,20.0364 49.239301,20.036279 49.239327,20.036162 49.23937,20.036082 49.239417,20.036005 49.23951,20.035891 49.239586,20.035711 49.239668,20.035611 49.239685,20.03548 49.239733,20.035445 49.239777,20.035388 49.239775,20.035326 49.239749,20.035257 49.239776,20.034982 49.240033,20.034871 49.240114,20.034771 49.240136,20.034673 49.240206,20.034643 49.240375,20.034643 49.240486,20.034661 49.240596,20.034654 49.240652,20.034597 49.240738,20.034546 49.240834,20.034501 49.240921,20.034458 49.240991,20.03447 49.241056,20.034486 49.24116,20.034526 49.241268,20.034536 49.241428,20.034495 49.241463,20.034464 49.241528,20.034402 49.241571,20.034387 49.241646,20.034377 49.241718,20.034324 49.241775,20.034276 49.241841,20.034237 49.241919,20.034233 49.242007,20.03421 49.242092,20.034232 49.242142,20.034235 49.242196,20.034207 49.242261,20.034146 49.242313,20.034114 49.242393,20.034123 49.242473,20.034165 49.242555,20.034148 49.242607,20.03409 49.242656,20.034056 49.2427,20.034057 49.242763,20.034041 49.242801,20.033985 49.242857,20.033959 49.242912,20.033857 49.243003,20.0338 49.243061,20.033773 49.24312,20.033749 49.243172,20.03369 49.243285))"
Krzyżne - Zagon Niżni,#EAB308,standard,0,0,"MULTILINESTRING((20.039901 49.212627,20.039873 49.212675,20.039874 49.212717,20.039867 49.212766,20.039836 49.212919,20.039866 49.212971,20.039935 49.213025,20.040002 49.213208,20.040041 49.213234,20.040046 49.213311,20.04003 49.213337,20.039988 49.213378,20.040071 49.213532,20.040136 49.213597,20.040226 49.213826,20.040209 49.21386,20.04026 49.213991,20.040262 49.214055,20.040295 49.214107,20.040326 49.214202,20.040303 49.214266,20.04031 49.214315,20.040294 49.214385,20.040205 49.214551,20.040174 49.214586,20.040188 49.214613,20.040173 49.214634,20.040139 49.214638,20.040067 49.214669,20.039961 49.214667,20.039886 49.214686,20.03985 49.214718,20.039789 49.214721,20.039773 49.214736,20.039776 49.214781,20.039713 49.214822,20.039526 49.214876,20.039344 49.214961,20.039281 49.214969,20.039184 49.215003,20.039088 49.215108,20.038979 49.215279,20.038969 49.215428,20.039028 49.21549,20.039025 49.215518,20.038981 49.215551,20.038962 49.215576,20.038975 49.215599,20.039017 49.215634,20.039021 49.215655,20.03903 49.215695,20.039065 49.215708,20.039087 49.215735,20.039099 49.215812,20.039117 49.215863,20.039122 49.215947,20.039172 49.216064,20.039154 49.21612,20.039229 49.216165,20.039276 49.216253,20.039245 49.216315,20.039244 49.216362,20.039217 49.216396,20.039252 49.216436,20.039305 49.216456,20.039332 49.216493,20.039306 49.216529,20.039292 49.216544,20.039284 49.216597,20.039329 49.21665,20.039407 49.216765,20.039404 49.216909,20.039409 49.216972,20.039442 49.217027,20.039546 49.217074,20.039619 49.217259,20.039664 49.217288,20.039686 49.217312,20.039682 49.217353,20.039711 49.217391,20.039797 49.217416,20.03995 49.217551,20.040039 49.217621,20.04007 49.217668,20.040138 49.217718,20.040168 49.21776,20.040253 49.217841,20.040401 49.217925,20.040555 49.217955,20.040602 49.218043,20.040653 49.218097,20.040857 49.21822,20.040982 49.218235,20.041062 49.218331,20.04116 49.218366,20.041206 49.218407,20.041302 49.218448,20.041356 49.218525,20.041502 49.218597,20.041697 49.218821,20.041917 49.218985,20.041975 49.21905,20.041949 49.219076,20.041966 49.21912,20.04201 49.219137,20.042008 49.219163,20.042036 49.219198,20.042102 49.219228,20.042171 49.219403,20.042155 49.21944,20.04217 49.219483,20.042286 49.219535,20.04237 49.219557,20.042442 49.219555,20.042484 49.219549,20.04253 49.219554,20.042559 49.219579,20.042601 49.219588,20.042645 49.219579,20.04274 49.219623,20.042818 49.219638,20.043031 49.219727,20.043067 49.219751,20.043054 49.219794,20.043012 49.219889,20.043036 49.219925,20.043144 49.219979,20.043286 49.220013,20.043398 49.219987,20.043742 49.220073,20.043786 49.22012,20.043853 49.220136,20.043904 49.220183,20.044049 49.220205,20.044083 49.220226,20.044126 49.220284,20.04422 49.220298,20.044341 49.220317,20.044404 49.220284,20.044476 49.220292,20.044538 49.220319,20.044579 49.220356,20.044635 49.22037,20.04464 49.220415,20.044698 49.220465,20.044855 49.220441,20.044899 49.220414,20.044934 49.220415,20.044972 49.220435,20.045115 49.22048,20.045326 49.22061,20.045362 49.220648,20.045386 49.220712,20.045419 49.220743,20.045492 49.220765,20.045595 49.220795,20.045676 49.220818,20.045736 49.220885,20.045894 49.220948,20.045966 49.221041,20.046036 49.221077,20.046099 49.221174,20.046162 49.221201,20.046243 49.221288,20.046261 49.221394,20.046315 49.221423,20.046339 49.221459,20.0464 49.221534,20.046446 49.221638,20.046716 49.222059,20.046817 49.222099,20.046925 49.222209,20.046994 49.222219,20.047063 49.222193,20.047167 49.222198,20.047226 49.222219,20.047283 49.222251,20.047415 49.222279,20.047491 49.222275,20.047558 49.222294,20.047677 49.222285,20.047723 49.222309,20.047769 49.222344,20.047792 49.222383,20.047943 49.222415,20.048009 49.222469,20.04804 49.222466,20.048089 49.222477,20.048143 49.222527,20.048247 49.222566,20.048271 49.222611,20.048315 49.222614,20.048319 49.222676,20.048423 49.222724,20.048422 49.222754,20.048392 49.222758,20.04838 49.222784,20.048405 49.222791,20.048426 49.222828,20.048362 49.222823,20.048303 49.222843,20.048341 49.222877,20.048334 49.222903,20.048174 49.222917,20.048077 49.22294,20.048064 49.222959,20.04811 49.22298,20.048107 49.223,20.04804 49.223012,20.047997 49.223004,20.047961 49.223017,20.047959 49.223068,20.047978 49.223096,20.047986 49.223147,20.048045 49.223242,20.048026 49.223278,20.047997 49.223289,20.047927 49.223284,20.047903 49.223302,20.047915 49.223359,20.0479 49.223396,20.04792 49.223432,20.04784 49.223446,20.047807 49.223425,20.047784 49.223451,20.047798 49.223518,20.047784 49.223529,20.047678 49.223529,20.047703 49.223565,20.047649 49.223589,20.047568 49.223556,20.047538 49.223565,20.047527 49.223795,20.047409 49.2239,20.047442 49.224122,20.047454 49.224209,20.047492 49.224275,20.04754 49.224316,20.047589 49.224405,20.04764 49.224441,20.047652 49.224465,20.047658 49.224716,20.04761 49.224804,20.047636 49.224916,20.047616 49.225044,20.047647 49.225069,20.047661 49.225116,20.04762 49.225206,20.04763 49.22529,20.047676 49.225303,20.047743 49.225343,20.047735 49.225367,20.047754 49.225393,20.04771 49.22541,20.047659 49.225439,20.047692 49.225468,20.04765 49.22548,20.047608 49.225502,20.047635 49.225538,20.047723 49.225653,20.047703 49.225845,20.047652 49.226114,20.047627 49.226155,20.047631 49.226196,20.047599 49.226224,20.047623 49.226275,20.04753 49.226399,20.047471 49.226468,20.047346 49.226489,20.047387 49.226547,20.047393 49.226625,20.047359 49.226624,20.04734 49.22664,20.047379 49.226661,20.047369 49.226671,20.047459 49.226729,20.047506 49.226773,20.047501 49.226845,20.047537 49.226864,20.047608 49.226891,20.047544 49.226935,20.047589 49.22696,20.047522 49.226989,20.047531 49.226997,20.047595 49.227033,20.047528 49.227053,20.047522 49.227074,20.047564 49.227078,20.047579 49.227091,20.047452 49.227138,20.04742 49.227169,20.047313 49.22716,20.047253 49.227118,20.047077 49.227074,20.047008 49.227125,20.046936 49.227092,20.046856 49.227095,20.046732 49.22706,20.046709 49.227069,20.046704 49.227114,20.046657 49.227096,20.046603 49.227114,20.046661 49.227179,20.046677 49.227222,20.046722 49.227237,20.046712 49.227262,20.046571 49.227272,20.046503 49.227263,20.046442 49.227269,20.046337 49.227283,20.046237 49.227318,20.046158 49.227334,20.046123 49.227305,20.045986 49.22728,20.04594 49.227307,20.045937 49.227322,20.045966 49.227373,20.04602 49.22742,20.046018 49.227454,20.046003 49.227464,20.045928 49.227454,20.045939 49.227494,20.045945 49.227537,20.045976 49.227597,20.046012 49.227623,20.046145 49.227679,20.046242 49.227703,20.046317 49.227697,20.046336 49.227759,20.046321 49.227772,20.046288 49.227761,20.04626 49.227797,20.046239 49.22784,20.046209 49.227849,20.046224 49.227875,20.046267 49.227884,20.04631 49.227926,20.046396 49.227942,20.046491 49.227982,20.046625 49.228087,20.046629 49.228125,20.046638 49.228164,20.046818 49.228275,20.04686 49.228286,20.046922 49.228347,20.047278 49.228652))"
Stacja IMGW - Kolejka krzesełkowa Gąsienicowa (stacja dolna),#1F2937,standard,1510,1613,"MULTILINESTRING((20.006104 49.244041,20.006047 49.244012,20.005858 49.243891,20.005829 49.243873,20.005742 49.243865,20.005671 49.243855,20.005553 49.243846,20.005284 49.243815,20.005174 49.243778,20.005066 49.243739,20.004948 49.24367,20.004832 49.243601,20.00464 49.243461,20.004128 49.24308,20.003983 49.242981,20.003903 49.242916,20.003849 49.242838,20.003778 49.242737,20.003702 49.24266,20.003619 49.242582,20.003529 49.242528,20.003393 49.24246,20.003184 49.242374,20.003111 49.242333,20.002977 49.242243,20.002866 49.242174,20.002684 49.242091,20.002507 49.242017,20.002363 49.241953,20.002249 49.241864,20.002104 49.241797,20.002005 49.241779,20.001967 49.241753,20.0019 49.241634,20.001794 49.241517,20.00177 49.241492,20.00176 49.241466),(20.00176 49.241466,20.001561 49.241319,20.001076 49.241022,20.000819 49.240851,20.000594 49.240654,20.000331 49.240424,20.000233 49.240353,20.000013 49.240128,19.999866 49.240034,19.999641 49.239836,19.999402 49.239572,19.999349 49.239524,19.999183 49.239413,19.999096 49.239331,19.998855 49.239153,19.998636 49.238998,19.998562 49.238932,19.998453 49.238872,19.998287 49.238787,19.998132 49.238703,19.998098 49.238677,19.998051 49.238642,19.997985 49.238614,19.99777 49.238538,19.997702 49.238505,19.997657 49.238437,19.997613 49.238392,19.997539 49.23833,19.997457 49.238226,19.997243 49.238037,19.997101 49.237854,19.99696 49.237697,19.996643 49.237367,19.996617 49.237327,19.996589 49.23723,19.996596 49.23715,19.996603 49.237123))"
Czerwone Stawki - Świnicka Przełęcz,#1F2937,standard,0,0,"MULTILINESTRING((20.002395 49.227815,20.002537 49.22774,20.002601 49.227685,20.002672 49.22763,20.002704 49.227593,20.002729 49.227559,20.002741 49.227505,20.002743 49.227439,20.002802 49.227421,20.002836 49.227387,20.00287 49.227348,20.002984 49.227259,20.003054 49.227183,20.003227 49.227075,20.003379 49.226996,20.003453 49.226997,20.003504 49.226992,20.003554 49.226963,20.003577 49.226941,20.003602 49.226888,20.003637 49.226851,20.003702 49.226821,20.003813 49.226723,20.003894 49.226695,20.003981 49.226691,20.00406 49.226679,20.004171 49.226665,20.004288 49.226613,20.004394 49.226559,20.004413 49.226535,20.004418 49.226504,20.004454 49.22646,20.004454 49.226415,20.004476 49.22639,20.004509 49.226349,20.004522 49.226297,20.004605 49.22622,20.004593 49.226195,20.004633 49.226166,20.004734 49.226139,20.004654 49.226103,20.004704 49.226091,20.004685 49.226072,20.004747 49.226043,20.004704 49.226024,20.004771 49.226007,20.004734 49.22599,20.004856 49.22594,20.004814 49.225922,20.004814 49.225897,20.004857 49.225836,20.00495 49.225803,20.004903 49.225727,20.005021 49.225739,20.005135 49.225725,20.005057 49.225643,20.005118 49.225645,20.005193 49.225628,20.005127 49.225583,20.005264 49.225549,20.005185 49.225506,20.005273 49.225479,20.005146 49.225409,20.005234 49.22538,20.005203 49.225341,20.005322 49.225268,20.005248 49.22522,20.005302 49.225177,20.005279 49.225111,20.005352 49.225054,20.005276 49.225001,20.005346 49.224951,20.0053 49.224874,20.005233 49.224825,20.0052 49.22475,20.005189 49.224687,20.005195 49.224642,20.005273 49.224584,20.005357 49.224536,20.005448 49.224501,20.005517 49.224449,20.005607 49.224363,20.005655 49.224252,20.005641 49.224186,20.005598 49.224109,20.005485 49.22402,20.005404 49.223983,20.005373 49.223956,20.005336 49.223931,20.005287 49.223867,20.00532 49.223816,20.005373 49.223787,20.005411 49.223739,20.005365 49.223702,20.005372 49.223632,20.005361 49.22354,20.005372 49.223493,20.005372 49.223467,20.005365 49.223447,20.00533 49.223403,20.005307 49.223382,20.005279 49.22337,20.005224 49.223366,20.005149 49.223367),(20.005149 49.223367,20.00507 49.223362,20.005022 49.22335,20.004955 49.223321,20.004906 49.223297,20.004855 49.223264,20.004797 49.223222,20.004734 49.223179,20.00467 49.223159,20.004584 49.223149,20.004495 49.223137,20.004483 49.223109,20.004469 49.223098,20.004415 49.223099,20.004363 49.223087,20.004323 49.223088,20.004288 49.223092,20.004261 49.223108,20.004246 49.223106,20.004244 49.223082,20.004239 49.223067,20.004224 49.223062,20.004179 49.223084,20.004143 49.223093,20.004126 49.22306,20.004113 49.223047,20.004078 49.223018,20.004005 49.222963,20.003903 49.222909,20.003892 49.22288,20.003874 49.222858,20.003846 49.222856,20.003811 49.222915,20.003786 49.222943,20.003758 49.22297,20.003726 49.222988,20.003688 49.222999,20.003654 49.222993,20.003613 49.222958,20.003561 49.2229,20.003519 49.22286,20.003457 49.222795,20.00344 49.222769,20.003417 49.222721,20.003397 49.222658,20.003366 49.2226,20.003327 49.222532,20.00327 49.222435,20.003239 49.222397,20.003223 49.222356,20.003213 49.222321,20.003204 49.222272,20.003163 49.222219,20.00317 49.222189,20.003205 49.222171,20.003237 49.222144,20.00324 49.222107,20.003264 49.222053,20.003261 49.222031,20.003269 49.221992,20.003316 49.221941,20.003319 49.221907,20.003288 49.221898,20.003235 49.221896,20.00321 49.22188,20.003265 49.221842,20.003314 49.221816,20.003315 49.221814,20.003334 49.22179,20.003352 49.221755,20.003373 49.221637,20.003362 49.221628,20.003342 49.221618,20.0034 49.221529,20.003415 49.221503,20.003449 49.221479,20.003495 49.22142,20.003536 49.221394,20.003594 49.221378,20.003597 49.221376,20.003638 49.221371,20.003655 49.221355,20.003633 49.221343,20.003616 49.221327,20.003617 49.221325,20.003611 49.221288,20.003614 49.221286,20.003643 49.221205,20.003673 49.221177,20.003717 49.221146,20.003774 49.221095,20.003805 49.221062,20.003841 49.221036,20.003842 49.221016,20.003829 49.220978,20.003782 49.220934))"
Psia Trawka - Schronisko PTTK Murowaniec,#1F2937,standard,1194,1496,"MULTILINESTRING((20.031884 49.265448,20.032161 49.265481,20.032558 49.265531,20.032775 49.26555,20.032916 49.265574,20.033075 49.265617,20.03329 49.265706,20.033522 49.265843,20.033821 49.266026,20.03411 49.266175,20.034211 49.266253,20.034371 49.266373,20.034514 49.266455,20.034861 49.266597,20.034936 49.266651,20.034982 49.266703,20.035037 49.266786,20.035204 49.267088,20.035524 49.267448,20.035619 49.267533,20.035844 49.267714,20.036098 49.267941,20.036203 49.268005,20.036306 49.268033,20.036395 49.26807,20.036466 49.268127,20.036765 49.268552,20.036798 49.268653,20.036801 49.268755,20.036779 49.268946,20.036772 49.269177,20.036755 49.269322,20.036694 49.269506,20.03666 49.269575,20.036569 49.269762),(20.0317 49.265424,20.031884 49.265448),(20.008351 49.243763,20.008456 49.243827,20.00867 49.243925,20.009291 49.244119,20.00992 49.244341,20.010116 49.244422,20.010249 49.244506,20.010504 49.244752,20.010973 49.245255,20.011113 49.245396,20.011161 49.245461,20.011187 49.245521,20.011222 49.245687,20.011231 49.245778,20.011224 49.245856,20.011201 49.245921,20.011019 49.246203,20.010949 49.246336,20.010919 49.246426,20.010914 49.246615,20.010945 49.246758,20.010991 49.24686,20.011089 49.246988,20.011235 49.247113,20.011381 49.247209,20.011609 49.247351,20.012001 49.247646,20.012316 49.24788,20.012655 49.248079,20.013141 49.248345,20.013428 49.248497,20.013485 49.248553,20.01351 49.248584,20.013554 49.248686,20.013567 49.248837,20.013562 49.249066,20.013598 49.249216,20.01369 49.249366,20.01377 49.249429,20.013841 49.249463,20.014054 49.249495,20.014257 49.249486,20.014344 49.249459,20.014398 49.249415,20.014461 49.249348,20.014509 49.24925,20.014598 49.24908,20.01468 49.248958,20.014796 49.248831,20.01491 49.248755,20.015023 49.24865,20.01512 49.248584,20.015191 49.248555,20.015292 49.248554,20.015378 49.248569,20.015425 49.248595,20.015466 49.248641,20.015473 49.248694,20.015432 49.248781,20.015424 49.248922,20.015449 49.249046,20.015523 49.249177,20.015744 49.249421,20.016146 49.249912,20.01621 49.249971,20.016244 49.249997,20.016358 49.250084,20.016647 49.250247,20.01792 49.250886,20.01868 49.251224,20.018962 49.251319,20.019831 49.251535,20.020124 49.251626,20.020377 49.251736,20.02055 49.251804,20.020692 49.251875,20.020781 49.251959,20.020864 49.252073,20.02094 49.252201,20.021092 49.25241,20.021294 49.252702,20.021507 49.253238,20.021622 49.253458,20.02163 49.253604,20.021602 49.253724,20.021596 49.253802,20.021625 49.253878,20.021689 49.253956,20.021804 49.25407,20.021914 49.254266,20.021964 49.254359,20.021974 49.254425,20.021965 49.254481,20.021826 49.254812,20.02176 49.254931,20.02173 49.255016,20.021725 49.255063,20.021752 49.255162,20.021953 49.255489,20.0221 49.255665,20.022275 49.25581,20.022414 49.255952,20.022502 49.256141,20.022665 49.256284,20.022704 49.256355,20.022736 49.256449,20.022741 49.256596,20.022755 49.256702,20.022774 49.256757,20.022805 49.256819,20.022942 49.256967,20.02299 49.257032,20.023001 49.257094,20.023013 49.257286,20.023028 49.25734,20.023116 49.257468,20.023194 49.25762,20.023263 49.257702,20.023386 49.257788,20.023465 49.257843,20.023548 49.257969,20.023624 49.258073,20.023657 49.258147,20.023665 49.258204,20.023644 49.258404,20.023645 49.258492,20.02376 49.258888,20.023935 49.259351,20.024209 49.259726,20.024304 49.259859,20.024347 49.259951,20.024353 49.260005,20.024318 49.260085,20.024165 49.260387,20.024082 49.260697,20.024078 49.260827,20.024094 49.260883,20.02412 49.260924,20.024265 49.261017,20.024328 49.261096,20.024371 49.261264,20.024397 49.261388,20.024436 49.261471,20.024624 49.26166,20.024749 49.261759,20.024862 49.261817,20.025154 49.261921,20.025245 49.261971,20.025388 49.262084,20.025503 49.262273,20.025571 49.262351,20.025937 49.262657,20.026317 49.262929,20.026405 49.26303,20.026438 49.263085,20.026506 49.263134,20.026585 49.263155,20.0268 49.263166,20.027177 49.263193,20.027346 49.263232,20.027526 49.263297,20.027984 49.263497,20.028238 49.263634,20.028685 49.2639,20.028935 49.26408,20.029402 49.264334,20.029759 49.264487,20.030172 49.2648,20.030292 49.264878,20.030486 49.264976,20.031027 49.265181,20.031251 49.265285,20.031381 49.265338,20.031546 49.265392,20.0317 49.265424),(20.006932 49.243273,20.007302 49.243304,20.007517 49.243322,20.007699 49.243337,20.007792 49.243361,20.007871 49.243408,20.007899 49.243429,20.008351 49.243763))"
Brzeziny - Psia Trawka,#1F2937,standard,0,0,"MULTILINESTRING((20.036569 49.269762,20.03632 49.270071,20.036272 49.270176,20.03622 49.270485,20.03617 49.270688,20.036117 49.270859,20.036109 49.270962,20.036127 49.27142,20.036127 49.271429,20.036105 49.271716,20.036092 49.271891,20.036052 49.271955,20.036021 49.271995),(20.036021 49.271995,20.035815 49.272146),(20.035815 49.272146,20.035669 49.272243,20.03557 49.272341,20.035531 49.272399,20.035481 49.272472,20.035252 49.272784,20.034976 49.273122,20.03483 49.273372,20.034713 49.273641,20.034606 49.273812,20.034515 49.274005,20.034491 49.274175),(20.034491 49.274175,20.034461 49.274365),(20.034461 49.274365,20.034448 49.274411,20.034318 49.274598,20.034306 49.274671,20.034333 49.274774,20.034385 49.274904),(20.034385 49.274904,20.034404 49.275019,20.034396 49.275172,20.034361 49.275289,20.034324 49.275363,20.034239 49.275511,20.034162 49.275611,20.034076 49.275696,20.033904 49.275824,20.033629 49.275996,20.033225 49.276192,20.033 49.276291,20.032872 49.276377,20.032806 49.276454,20.032717 49.276831,20.032591 49.277294,20.032582 49.277429,20.032589 49.277523,20.032706 49.277972,20.032754 49.278333,20.032826 49.278656,20.032904 49.278843,20.033074 49.279088,20.033143 49.279233,20.033187 49.279334,20.033199 49.279407,20.033201 49.279531,20.033204 49.279735,20.033217 49.279824,20.033284 49.279978,20.033322 49.280122,20.033339 49.280267,20.033335 49.280452,20.03338 49.280673,20.033403 49.281098,20.033444 49.281201,20.033476 49.281269,20.033541 49.281353,20.03366 49.281454),(20.03366 49.281454,20.033925 49.281685),(20.033925 49.281685,20.033954 49.281743,20.033954 49.281788,20.033911 49.281887,20.033872 49.282046,20.033765 49.282323,20.033752 49.2824,20.033767 49.28244,20.033816 49.282537,20.033892 49.282633,20.03396 49.282692,20.034115 49.28277,20.034315 49.282828,20.034473 49.282863,20.034924 49.282921,20.035037 49.282952,20.035152 49.282997,20.035397 49.28315,20.035663 49.283251),(20.035663 49.283251,20.036052 49.283403),(20.036052 49.283403,20.036278 49.283481,20.036364 49.283517,20.036418 49.283555,20.036476 49.283622,20.036522 49.283794,20.036555 49.283967,20.036592 49.284054,20.036655 49.28417,20.036708 49.284311,20.036808 49.284655,20.036807 49.284733,20.036799 49.284759,20.03679 49.284791,20.036737 49.284867,20.036678 49.284911,20.036592 49.284961,20.036488 49.284994,20.036252 49.285053,20.036129 49.285095,20.036036 49.285137,20.035936 49.285198,20.035871 49.285255,20.035807 49.285331,20.035777 49.285393,20.035768 49.28551,20.035815 49.285696,20.036022 49.286299,20.036124 49.286546,20.036133 49.286648,20.036114 49.286734,20.036061 49.28682,20.036029 49.286871,20.03568 49.287267,20.035658 49.287343))"
Kuźnice - Odejście na Nosalową Przełęcz,#2563EB,standard,0,0,"MULTILINESTRING((19.980521 49.269497,19.980963 49.269375,19.981022 49.269345),(19.981022 49.269345,19.981134 49.269269,19.981229 49.269203),(19.981229 49.269203,19.981391 49.269041),(19.981391 49.269041,19.981473 49.268995),(19.981473 49.268995,19.981523 49.268987),(19.981523 49.268987,19.98158 49.268986),(19.98158 49.268986,19.981737 49.268997,19.982013 49.26902,19.982156 49.269027),(19.982156 49.269027,19.982296 49.269041,19.982386 49.269057),(19.982386 49.269057,19.982453 49.269078),(19.982453 49.269078,19.982695 49.269156,19.982886 49.269239,19.983007 49.269306,19.98324 49.269415,19.983338 49.269444,19.983798 49.269509,19.984429 49.269541,19.985132 49.269546,19.98555 49.269541,19.985762 49.269563,19.985855 49.269588,19.985955 49.269658,19.986045 49.269715,19.986175 49.269844,19.986286 49.270023,19.986336 49.270068,19.986556 49.270188,19.986667 49.270216))"
Odejście na Nosalową Przełęcz - Przełęcz między Kopami,#2563EB,standard,1094,1477,"MULTILINESTRING((19.986667 49.270216,19.986653 49.270026,19.986711 49.269846,19.986896 49.269602,19.987094 49.269353,19.98721 49.269091,19.987264 49.269029,19.98734 49.2689,19.987363 49.268759,19.987348 49.268681,19.987389 49.26848,19.987454 49.268376,19.987457 49.268276,19.987422 49.268191,19.987334 49.26803,19.987339 49.267959,19.987384 49.267909,19.987461 49.267874,19.98778 49.267795,19.987941 49.267746,19.988256 49.267577,19.988414 49.267514),(19.988414 49.267514,19.988451 49.267409),(19.988451 49.267409,19.988495 49.267366,19.98854 49.267138,19.988547 49.266773,19.988529 49.266409,19.988446 49.266202,19.988421 49.26609,19.988434 49.265975),(19.988434 49.265975,19.988351 49.265904),(19.988351 49.265904,19.988217 49.265823,19.988076 49.265722,19.987972 49.265621,19.987693 49.265489,19.987433 49.265394,19.986916 49.265318,19.986723 49.26529,19.986444 49.265284,19.986306 49.265279,19.986118 49.265278,19.985931 49.265287,19.985776 49.265276,19.985718 49.265262,19.985667 49.265237,19.985642 49.265207,19.985626 49.265161,19.985677 49.26512,19.98575 49.265102,19.986021 49.26506,19.986163 49.26503,19.986274 49.264963,19.986456 49.264925,19.986943 49.264825,19.987245 49.264796,19.987508 49.264791,19.987753 49.264804,19.98798 49.264843,19.988075 49.264853,19.988143 49.264852,19.98848 49.264826,19.988807 49.264822,19.989136 49.26482,19.989501 49.264817,19.989803 49.26478,19.990136 49.264789,19.990343 49.264773,19.990485 49.264758,19.990578 49.264752,19.990787 49.264686,19.991094 49.264563,19.991157 49.264512,19.991248 49.264471,19.991419 49.264432,19.991664 49.26437,19.991851 49.264342,19.992022 49.264337,19.992182 49.264361,19.992273 49.264361,19.992347 49.264355,19.992502 49.264316,19.992616 49.264278,19.992825 49.264187,19.993083 49.264126,19.993285 49.26405,19.99352 49.26394,19.993615 49.263916,19.993688 49.263893,19.993741 49.26386,19.993786 49.263798,19.993884 49.263469,19.994015 49.263319,19.994055 49.263238,19.993984 49.262909,19.994066 49.262596,19.994129 49.262436),(19.994129 49.262436,19.994159 49.262342,19.994201 49.262237,19.994272 49.262171,19.994486 49.262062,19.994559 49.262009,19.994682 49.261903,19.994862 49.261812,19.995165 49.261621,19.995438 49.261471,19.995961 49.261071,19.996151 49.260908,19.996351 49.260767,19.996758 49.260492,19.997224 49.260262,19.997488 49.260138,19.997939 49.259967,19.998514 49.259645,19.998904 49.259419,19.998926 49.259405,19.999266 49.259189,19.999423 49.259117,19.99956 49.259044,19.999824 49.258957,19.999954 49.258897,20.00016 49.25881,20.000231 49.258787,20.000436 49.258721,20.000698 49.258597,20.001075 49.258392,20.001192 49.258305,20.001246 49.258241,20.001311 49.258179,20.001397 49.25811,20.001489 49.258041,20.001552 49.258006,20.001781 49.257877,20.001906 49.257808,20.002164 49.257631,20.002275 49.257551,20.002296 49.257534,20.002683 49.257334,20.002906 49.257165,20.003029 49.257016),(20.003029 49.257016,20.003243 49.2568),(20.003243 49.2568,20.00333 49.256647,20.00329 49.256518,20.003286 49.25648,20.003271 49.256354),(20.003271 49.256354,20.003279 49.256292,20.003311 49.256179,20.00343 49.255988),(20.00343 49.255988,20.003418 49.255763,20.003383 49.255645),(20.003383 49.255645,20.003379 49.255276,20.003394 49.25513,20.003351 49.255057,20.003222 49.254924))"
Przełęcz między Kopami - Pod Murowańcem,#2563EB,standard,1477,1565,"MULTILINESTRING((20.003222 49.254924,20.003298 49.254845,20.00342 49.254769,20.003612 49.254562,20.003792 49.254417,20.003959 49.254286,20.004266 49.254111,20.00445 49.254029,20.004618 49.253936,20.004723 49.253844,20.004779 49.253766,20.004835 49.253664,20.004897 49.253479,20.004917 49.25342,20.005082 49.253148,20.00514 49.253021,20.005243 49.252728,20.005309 49.25261,20.005658 49.252262,20.006296 49.251869,20.006696 49.251593,20.006914 49.251299,20.006997 49.250987,20.007106 49.250254,20.007114 49.25018,20.00713 49.250029,20.007171 49.249839,20.007202 49.249636,20.007198 49.249487,20.007254 49.249326,20.007386 49.249026,20.007447 49.248974,20.007555 49.248928,20.007753 49.248749,20.007788 49.248629,20.007772 49.248442,20.007807 49.248314,20.007833 49.247991),(20.007833 49.247991,20.007804 49.24782,20.007727 49.24767,20.007396 49.247193,20.00699 49.246782),(20.00699 49.246782,20.006665 49.246225,20.006648 49.246146,20.006622 49.245948,20.006576 49.245779,20.006533 49.245675,20.006467 49.24558,20.006396 49.245504,20.006356 49.245423,20.006283 49.245081,20.006286 49.245029,20.0063 49.244992,20.00639 49.244913),(20.00699 49.246782,20.006665 49.246225,20.006648 49.246146,20.006622 49.245948,20.006576 49.245779,20.006533 49.245675,20.006467 49.24558,20.006396 49.245504,20.006356 49.245423,20.006283 49.245081,20.006286 49.245029,20.0063 49.244992,20.00639 49.244913),(20.007833 49.247991,20.007804 49.24782,20.007727 49.24767,20.007396 49.247193,20.00699 49.246782),(20.00639 49.244913,20.006391 49.244789,20.006374 49.244729,20.006307 49.244609,20.006314 49.244497,20.006318 49.244446,20.006308 49.244402,20.006238 49.244251,20.006104 49.244041),(20.006104 49.244041,20.005999 49.243824,20.005929 49.24371,20.005776 49.243361,20.005607 49.243156,20.005589 49.243096,20.005599 49.24305))"
Pod Murowańcem - Czarny Staw Gąsienicowy,#2563EB,standard,1496,1644,"MULTILINESTRING((20.005599 49.24305,20.005522 49.242998,20.00546 49.242971,20.005425 49.242944),(20.005425 49.242944,20.005428 49.242846,20.005402 49.242737,20.005391 49.242598,20.005408 49.242565,20.005447 49.242527,20.005562 49.242494,20.005621 49.242468,20.005735 49.242369,20.005782 49.242313,20.005834 49.242261,20.005921 49.242136,20.005949 49.242111,20.006013 49.242081,20.006066 49.242032,20.006163 49.241983,20.006775 49.241876,20.006999 49.241741,20.007079 49.241708,20.007242 49.241704,20.007477 49.241654,20.007852 49.241509,20.008093 49.241401,20.008518 49.241257,20.008777 49.241114,20.008914 49.240975,20.009053 49.240864,20.009119 49.240839,20.009349 49.240815,20.009563 49.240792,20.009721 49.24078,20.009764 49.240766,20.009799 49.240743,20.009829 49.240661,20.009864 49.240555,20.009874 49.24021,20.009918 49.23977,20.009916 49.239664,20.00983 49.23928,20.009749 49.238962,20.009799 49.238604,20.009885 49.238434,20.009896 49.238372,20.010115 49.238096,20.010173 49.237942,20.010232 49.23789,20.010396 49.23776,20.010473 49.237665,20.010667 49.237541,20.01088 49.237332,20.011055 49.237243,20.011275 49.237093,20.011396 49.237006,20.011463 49.236892,20.011532 49.23675,20.011671 49.23655,20.011739 49.236496,20.01175 49.236372,20.011822 49.236298,20.011903 49.236241,20.011991 49.236208,20.012082 49.236109,20.012126 49.235988,20.012229 49.235713,20.012216 49.235643,20.012296 49.235416,20.012378 49.235313,20.012416 49.235229,20.012436 49.235165,20.012473 49.235147,20.01272 49.234777,20.01293 49.234492,20.013158 49.23441,20.013271 49.23439,20.013341 49.234392,20.013687 49.234338,20.013692 49.234247,20.013673 49.234169,20.01379 49.234131,20.013826 49.234104,20.013838 49.234047,20.013794 49.233985,20.013794 49.233957,20.013866 49.233876,20.013916 49.233757,20.013974 49.233544,20.014003 49.233486,20.014093 49.2334,20.014164 49.233324,20.014247 49.233161,20.014325 49.233116,20.014469 49.232956,20.014626 49.232708))"
Czarny Staw Gąsienicowy - Czarny Staw Gąsienicowy (pod Granatami),#2563EB,standard,0,0,"MULTILINESTRING((20.014626 49.232708,20.014685 49.232649,20.014737 49.232621,20.014767 49.2326,20.014811 49.232597,20.014884 49.232598,20.015068 49.232594,20.01516 49.232591,20.015272 49.2326,20.015369 49.232599,20.015563 49.232585,20.015637 49.232596,20.015762 49.232617,20.015937 49.232634,20.016133 49.232656,20.016303 49.232669,20.01638 49.232669,20.016434 49.232678,20.016481 49.23268,20.016659 49.232698,20.016854 49.232725,20.017023 49.23276,20.017138 49.232803,20.017231 49.232856,20.017367 49.232968,20.017415 49.233014,20.017438 49.233054,20.017491 49.233094,20.017553 49.23314,20.017644 49.233191,20.017711 49.233217,20.017759 49.233222,20.017834 49.233195,20.017883 49.233167,20.017904 49.233131,20.017927 49.233069,20.017964 49.233003,20.018015 49.232945,20.018066 49.232931,20.018122 49.232923,20.018199 49.232926,20.018287 49.232941,20.018361 49.23297,20.01841 49.233008,20.018535 49.23309,20.018577 49.233141,20.018631 49.233183,20.018726 49.23324,20.018816 49.233283,20.018873 49.233311,20.018917 49.233321,20.018969 49.233313,20.019005 49.233281,20.019047 49.233258,20.019131 49.233224,20.019158 49.233196,20.019199 49.233168,20.01925 49.233146,20.019264 49.233127,20.019264 49.233092,20.019272 49.233061,20.019287 49.233037,20.01932 49.232999,20.019336 49.232975,20.01933 49.232949,20.01931 49.232908,20.019305 49.232833,20.019309 49.232798,20.019328 49.232773,20.019382 49.232727,20.019432 49.232714,20.01954 49.232691,20.019633 49.232666,20.019701 49.232663,20.01978 49.232655,20.019839 49.232639,20.019882 49.232612,20.019909 49.232571,20.019926 49.232491,20.019953 49.23244,20.020035 49.232366,20.020094 49.232326,20.020117 49.2323,20.020143 49.232291,20.020194 49.232292,20.02022 49.232289,20.020257 49.232261,20.020303 49.232245,20.020374 49.232206,20.020399 49.232172,20.020403 49.232132,20.02038 49.232077,20.020355 49.23204,20.020328 49.23201,20.02028 49.231977,20.020224 49.23192,20.020166 49.231795,20.020118 49.231667,20.02011 49.231549,20.020098 49.231419,20.020086 49.231377,20.02007 49.231339,20.020045 49.231264,20.020049 49.231243,20.020071 49.23122,20.020071 49.231203,20.020062 49.231157,20.020058 49.231125,20.020077 49.231064,20.0201 49.230989,20.020138 49.23094,20.020169 49.2309,20.020219 49.230859,20.020229 49.230834,20.020263 49.230794,20.020314 49.230744,20.020433 49.23068,20.020624 49.230583,20.020736 49.230534,20.020869 49.230492))"
Czarny Staw Gąsienicowy (pod Granatami) - Zmarzły Staw,#2563EB,standard,0,0,"MULTILINESTRING((20.020869 49.230492,20.020929 49.230457,20.020985 49.230409,20.021013 49.230361,20.021087 49.230282,20.021095 49.230261,20.021098 49.230225,20.021117 49.230194,20.021122 49.230173,20.021136 49.230122,20.021179 49.230074,20.021233 49.230043,20.021274 49.230021,20.021307 49.229995,20.021319 49.22997,20.021336 49.229953,20.021355 49.229937,20.02136 49.229906,20.021378 49.22986,20.02138 49.229832,20.021367 49.229808,20.021367 49.229794,20.021375 49.229773,20.0214 49.229737,20.021426 49.229712,20.021465 49.229678,20.021511 49.229612,20.021558 49.229555,20.02157 49.229528,20.021596 49.229503,20.021634 49.229486,20.021656 49.229458,20.021676 49.229418,20.021683 49.229391,20.02171 49.229356,20.021753 49.229326,20.021795 49.229251,20.021855 49.229177,20.021902 49.229143,20.021918 49.229109,20.021938 49.229057,20.021971 49.22902,20.021971 49.228983,20.02199 49.228955,20.022029 49.228933,20.022066 49.228895,20.022174 49.228828,20.022225 49.228788,20.022266 49.228735,20.022265 49.228717,20.022277 49.228702,20.022327 49.228664,20.022386 49.228635,20.022426 49.228621,20.022484 49.228593,20.022581 49.22856,20.022614 49.22854,20.022641 49.228501,20.02269 49.228469,20.022723 49.228447,20.022788 49.22839,20.022816 49.228369,20.022855 49.228346,20.022931 49.228257,20.022943 49.228241,20.022967 49.228229,20.023093 49.228173,20.023146 49.228137,20.023194 49.228115,20.023213 49.228091,20.02322 49.228064,20.023255 49.228016,20.023336 49.227981,20.023372 49.227958,20.023373 49.227938,20.023336 49.227927,20.023319 49.227919,20.023324 49.227909,20.023341 49.227894,20.02333 49.227879,20.023267 49.227843,20.023231 49.227822,20.023205 49.227813,20.02318 49.227807,20.023168 49.2278,20.023163 49.227791,20.023171 49.227783,20.023189 49.227779,20.023216 49.22778,20.023257 49.227771,20.023291 49.22776,20.023321 49.227737,20.023329 49.227714,20.023342 49.227679,20.023349 49.227627,20.023337 49.2276,20.023298 49.22755,20.023223 49.22744,20.02306 49.227239,20.02303 49.227204,20.022995 49.226984,20.022955 49.226934,20.022945 49.226903,20.022924 49.22688,20.022899 49.226867,20.022877 49.226864,20.022872 49.226855,20.02288 49.226838,20.022859 49.22682,20.02288 49.226797,20.022912 49.226785,20.022918 49.226771,20.022908 49.226756,20.022913 49.22675,20.022939 49.22674,20.022951 49.226723,20.022934 49.226713,20.022894 49.226702,20.02289 49.226677,20.022901 49.226658,20.022887 49.226629,20.022843 49.226614,20.02283 49.226595,20.022839 49.226574,20.022799 49.226557,20.022751 49.22656,20.022678 49.226552,20.022634 49.226534,20.022582 49.226533,20.022541 49.226532,20.022545 49.226521,20.022568 49.2265,20.022649 49.226455,20.022727 49.226416),(20.022727 49.226416,20.022759 49.226387,20.022772 49.22636,20.022809 49.226326,20.022834 49.226305,20.022877 49.226297,20.022973 49.226294,20.022991 49.226285,20.02298 49.226258,20.02296 49.226236,20.02295 49.226216,20.022965 49.2262,20.022959 49.226187,20.022937 49.226174,20.02289 49.226151,20.022857 49.226155,20.022827 49.22617,20.022788 49.226175,20.022746 49.226166,20.022687 49.226166,20.022646 49.226161,20.022631 49.226152,20.022633 49.226118,20.022661 49.22609,20.022682 49.226063,20.022683 49.22604,20.02267 49.226031,20.022632 49.226032,20.022609 49.226021,20.022609 49.226002,20.022658 49.225986,20.022719 49.225976,20.022726 49.225957,20.022693 49.225947,20.022697 49.225931,20.02272 49.225915,20.022712 49.225883,20.022745 49.225834,20.022758 49.225806,20.02276 49.225777,20.022754 49.225762,20.022726 49.225727,20.022701 49.22569,20.022697 49.225665,20.022678 49.225647,20.022648 49.225587,20.022641 49.225552,20.022599 49.225467,20.022589 49.225419,20.022603 49.225377,20.022677 49.225312))"
Zmarzły Staw - Zawrat,#2563EB,standard,1777,2200,"MULTILINESTRING((20.017526 49.220123,20.017602 49.220217,20.017606 49.220301,20.01769 49.220343,20.017658 49.220406,20.017632 49.220465,20.017695 49.220499,20.01763 49.220558,20.017612 49.220613,20.017606 49.220698,20.017638 49.220701,20.017739 49.220658,20.017738 49.2207,20.01765 49.220794,20.017629 49.220826,20.017771 49.220846,20.017919 49.220894,20.01796 49.221009,20.018109 49.221108,20.018341 49.221223,20.018384 49.221255,20.018459 49.221271,20.018529 49.221285,20.018559 49.221305,20.018656 49.221342,20.018601 49.221378,20.018581 49.221419,20.018673 49.221478,20.018511 49.221524,20.018601 49.221589,20.0185 49.221661,20.018655 49.221736,20.018763 49.22176,20.018678 49.221831,20.018725 49.22186,20.01866 49.22192,20.018842 49.221975,20.018792 49.222033,20.018925 49.222088,20.018785 49.222214,20.018852 49.222235,20.018876 49.222228,20.019032 49.222276,20.018997 49.222363,20.019108 49.222383,20.019118 49.222418,20.019144 49.222425,20.019249 49.222398,20.019351 49.222385,20.019359 49.22239,20.019344 49.222447,20.019371 49.222465,20.019458 49.222465,20.019583 49.222458,20.019604 49.222464,20.019592 49.222495,20.019584 49.222538,20.019621 49.222574,20.019659 49.222622,20.019694 49.222705,20.019928 49.222765,20.019989 49.222869,20.019957 49.222949,20.01997 49.223041,20.020009 49.22312,20.020097 49.223211,20.020319 49.223356,20.020309 49.223378,20.02031 49.223403,20.020771 49.223794,20.02085 49.223914,20.020853 49.22398,20.020974 49.224069,20.021055 49.224119,20.021103 49.224179,20.021117 49.224188,20.021171 49.22421,20.021287 49.224266,20.021379 49.224314,20.021403 49.224331,20.021482 49.22436,20.021521 49.224381,20.021565 49.224417,20.021626 49.224456,20.021623 49.224525,20.021685 49.224596,20.021792 49.224662,20.02193 49.224728,20.021951 49.224791,20.022003 49.224867,20.022092 49.224906,20.022158 49.224942,20.022161 49.224964,20.022123 49.224988,20.022098 49.225021,20.022121 49.225087,20.02216 49.225126,20.02238 49.225108,20.022456 49.225131,20.022499 49.225142,20.022558 49.225144,20.022549 49.225181,20.022518 49.225207,20.022602 49.225255,20.022645 49.225285,20.022677 49.225312),(20.016392 49.219088,20.016415 49.219105,20.01645 49.219154,20.016468 49.219195,20.016468 49.219241,20.016506 49.219278,20.016624 49.219311,20.016864 49.219403,20.016987 49.219523,20.017264 49.219704,20.017394 49.219732,20.017519 49.219782,20.017516 49.219814,20.017456 49.219833,20.017439 49.220056,20.017526 49.220123))"
Wyżnie Solnisko - Schronisko PTTK w Dolinie Pięciu Stawów Polskich,#2563EB,standard,1643,1762,"MULTILINESTRING((20.029995 49.209721,20.029843 49.209717,20.02977 49.209736,20.029707 49.20976,20.029665 49.209765,20.029629 49.209756,20.029595 49.209748,20.029533 49.209739,20.029475 49.209746,20.029379 49.209733,20.029242 49.209713,20.029129 49.209718,20.028993 49.209744,20.028872 49.209773,20.028749 49.209788,20.028601 49.209778,20.028504 49.209769,20.028376 49.2098,20.028266 49.209792,20.028184 49.209781,20.028098 49.209779,20.028015 49.209764,20.027949 49.209759,20.027856 49.209777,20.02759 49.209865,20.027316 49.209869,20.02725 49.20987,20.027188 49.209889,20.027124 49.209894,20.027062 49.209884,20.026959 49.209908,20.026778 49.209924,20.026695 49.209922),(20.035276 49.210598,20.035197 49.210571,20.035063 49.210526,20.034969 49.210452,20.034771 49.210423,20.034298 49.210299,20.034095 49.210271,20.033857 49.210211,20.033815 49.21024,20.033687 49.210224,20.03361 49.210197,20.033408 49.2102,20.033298 49.210224,20.033197 49.210208,20.033083 49.210154,20.03299 49.210137,20.032818 49.210155,20.03258 49.210179,20.032497 49.210167,20.032318 49.21019,20.032204 49.210144,20.032073 49.210124,20.032028 49.210079,20.031685 49.209992,20.031602 49.209938,20.031536 49.209912,20.031343 49.209902,20.03125 49.209913,20.031135 49.2099,20.030927 49.209865,20.030774 49.209895,20.030729 49.20992,20.030509 49.209904,20.030335 49.209805,20.030102 49.209756,20.029995 49.209721),(20.042194 49.21252,20.042146 49.212542,20.042087 49.212541,20.042014 49.212548,20.041953 49.212534,20.041906 49.212543,20.041826 49.212516,20.041774 49.212504,20.041742 49.21252,20.041708 49.21252,20.041655 49.212495,20.041587 49.212483,20.041552 49.212464,20.041533 49.212404,20.041409 49.212369,20.041336 49.212318,20.041309 49.212278,20.041232 49.212241,20.041101 49.212224,20.041024 49.212208,20.040963 49.212199,20.040867 49.212153,20.040765 49.212131,20.040686 49.212181,20.040641 49.212213,20.040623 49.212332,20.040599 49.212389,20.040597 49.212454,20.040542 49.21248,20.040489 49.212527,20.040437 49.212547,20.040237 49.212649,20.040157 49.212648,20.040082 49.212636,20.039983 49.212636,20.039901 49.212627,20.039654 49.212581,20.039175 49.212115,20.038711 49.211898,20.037978 49.211676,20.037767 49.211596,20.037633 49.21157,20.037174 49.211418,20.037044 49.211335,20.037001 49.211284,20.036648 49.211149,20.036367 49.211078,20.036278 49.211018,20.036113 49.210946,20.035771 49.210802,20.035653 49.210743,20.035554 49.21067,20.0354 49.210625,20.035276 49.210598),(20.042224 49.212467,20.042194 49.21252),(20.042302 49.212372,20.042224 49.212467))"
Przełęcz Nosalowa - Kuźnice,#16A34A,standard,1012,1169,"MULTILINESTRING((19.99105 49.272438,19.991275 49.272856,19.991332 49.2729,19.991448 49.272937),(19.990958 49.27232,19.991024 49.272383,19.99105 49.272438),(19.990799 49.272281,19.990958 49.27232),(19.986667 49.270216,19.98677 49.270276,19.986978 49.270459,19.987111 49.270549,19.987242 49.270593,19.987481 49.270633,19.987926 49.27067,19.988213 49.270727,19.988422 49.270756,19.988634 49.270763,19.988789 49.270744,19.989002 49.270685,19.989208 49.270649,19.989463 49.2706,19.989584 49.270561,19.989691 49.270553,19.98981 49.270568,19.98987 49.270601,19.98989 49.270638,19.99014 49.271091,19.990264 49.271374,19.990235 49.271449,19.990244 49.271556,19.990332 49.2717,19.990445 49.27196,19.990565 49.272064,19.990652 49.272188,19.990705 49.272233,19.990799 49.272281),(19.982453 49.269078,19.982695 49.269156,19.982886 49.269239,19.983007 49.269306,19.98324 49.269415,19.983338 49.269444,19.983798 49.269509,19.984429 49.269541,19.985132 49.269546,19.98555 49.269541,19.985762 49.269563,19.985855 49.269588,19.985955 49.269658,19.986045 49.269715,19.986175 49.269844,19.986286 49.270023,19.986336 49.270068,19.986556 49.270188,19.986667 49.270216),(19.982386 49.269057,19.982453 49.269078),(19.982156 49.269027,19.982296 49.269041,19.982386 49.269057),(19.98158 49.268986,19.981737 49.268997,19.982013 49.26902,19.982156 49.269027),(19.981523 49.268987,19.98158 49.268986),(19.981473 49.268995,19.981523 49.268987),(19.981391 49.269041,19.981473 49.268995),(19.981229 49.269203,19.981391 49.269041),(19.981022 49.269345,19.981134 49.269269,19.981229 49.269203),(19.980521 49.269497,19.980963 49.269375,19.981022 49.269345))"
Dolina Strążyska - Polana Strążyska,#DC2626,standard,925,1032,"MULTILINESTRING((19.929702 49.263028,19.929718 49.263075,19.929873 49.263314,19.929975 49.263416,19.930013 49.263455,19.930049 49.263488,19.930073 49.263541,19.930077 49.263616,19.930085 49.263738,19.930126 49.263881,19.930124 49.263957),(19.930124 49.263957,19.930124 49.263987),(19.930124 49.263987,19.930098 49.264096,19.93011 49.264207,19.930126 49.26436,19.930175 49.264491,19.930223 49.265007,19.930201 49.265105,19.930224 49.265198,19.930207 49.265333,19.930216 49.265428,19.930232 49.265529,19.930288 49.265713,19.930514 49.265948,19.930739 49.266201,19.930814 49.266348,19.930873 49.266639,19.930957 49.266885,19.930979 49.26707,19.930998 49.267141,19.931121 49.267308,19.931314 49.267676,19.931421 49.267826,19.931513 49.267982,19.931781 49.268381),(19.931781 49.268381,19.931816 49.268447),(19.931816 49.268447,19.931906 49.268571,19.931931 49.268624,19.931941 49.268665,19.931939 49.268712,19.931929 49.268772,19.9319 49.268852,19.931892 49.26892,19.931886 49.268989,19.931875 49.269084,19.931869 49.269213,19.931862 49.269308),(19.931862 49.269308,19.931867 49.269347),(19.931867 49.269347,19.931951 49.269554,19.932042 49.269777,19.932105 49.269941,19.932163 49.270122,19.93223 49.270268,19.932293 49.270427,19.932318 49.270533,19.932315 49.270626,19.932294 49.270745,19.932246 49.270992),(19.932246 49.270992,19.932233 49.271111),(19.932233 49.271111,19.932238 49.271216,19.932254 49.271308,19.932278 49.271354,19.932354 49.271447,19.932385 49.271506,19.932455 49.271827),(19.932455 49.271827,19.932485 49.271906),(19.932485 49.271906,19.932555 49.272089,19.932563 49.272139,19.932584 49.272313,19.932681 49.272444),(19.932681 49.272444,19.932748 49.272562),(19.932748 49.272562,19.932924 49.272826,19.93302 49.273129,19.933209 49.273336,19.93336 49.273533,19.933343 49.273729,19.933412 49.27393,19.933809 49.274402,19.933922 49.274592),(19.933922 49.274592,19.933911 49.274722),(19.933911 49.274722,19.933945 49.274824,19.9341 49.275071,19.934488 49.275549,19.934574 49.275734,19.934678 49.275801,19.934832 49.275846,19.935119 49.27599,19.935429 49.276105),(19.935429 49.276105,19.93561 49.276189),(19.93561 49.276189,19.93582 49.276337,19.936315 49.276918,19.936572 49.277113,19.936792 49.277222,19.936962 49.277389,19.937299 49.277603),(19.937299 49.277603,19.93744 49.277712),(19.93744 49.277712,19.937605 49.27781,19.937718 49.277929,19.937971 49.278059,19.938228 49.278264,19.938377 49.278388,19.938477 49.278511,19.93862 49.278708))"
Schronisko PTTK w Dolinie Pięciu Stawów Polskich - Schronisko PTTK przy Morskim Oku,#2563EB,standard,0,0,"MULTILINESTRING((20.04849 49.213583,20.048414 49.213579,20.048312 49.213538,20.048261 49.213496,20.048232 49.213426,20.048171 49.213317,20.048079 49.213216,20.047981 49.21316,20.047913 49.213104,20.047747 49.212992,20.047565 49.212835,20.04733 49.212649,20.04711 49.212537,20.046939 49.212376,20.046836 49.212321,20.046505 49.212253,20.04636 49.212253,20.046226 49.212226,20.046082 49.212222,20.045929 49.212229,20.045808 49.212218,20.045719 49.212222,20.04563 49.212193,20.045444 49.212126,20.045378 49.212106,20.045255 49.21207,20.04521 49.212033,20.045092 49.21199,20.044976 49.211902,20.044849 49.211864,20.044825 49.211858,20.044761 49.211851,20.044695 49.211859,20.044616 49.211842,20.044513 49.211844,20.044296 49.211817,20.044203 49.211824,20.044055 49.211853,20.043855 49.21187,20.043699 49.211879,20.043617 49.211904,20.043547 49.211907,20.04348 49.211941,20.043364 49.211973,20.043087 49.211985,20.043 49.212011,20.042808 49.212089,20.042563 49.212167,20.04251 49.21221,20.042406 49.21224,20.042356 49.212273,20.04234 49.212325,20.042302 49.212372),(20.04849 49.213583,20.048544 49.21355,20.048633 49.213496,20.0487 49.213469,20.048767 49.21345,20.048834 49.21341,20.048896 49.213373,20.048997 49.213372,20.049223 49.213372,20.049309 49.21339,20.049365 49.213398,20.049385 49.213394,20.049478 49.213416,20.049522 49.213475,20.049575 49.213496,20.049635 49.213544,20.049773 49.213629,20.049842 49.213649,20.049948 49.213663,20.050043 49.213627,20.050069 49.213588,20.05008 49.213568,20.050116 49.213565,20.050134 49.213565,20.050226 49.213594,20.050302 49.213621,20.050382 49.213642,20.050425 49.213646,20.05054 49.213616,20.05062 49.213599,20.050652 49.213564,20.050677 49.21352,20.050717 49.213494,20.050867 49.213436,20.051036 49.213376,20.051119 49.213383,20.051221 49.213364,20.051351 49.213373,20.051417 49.213387,20.051485 49.21341,20.051536 49.213429,20.051564 49.213482,20.051571 49.213511,20.051607 49.213528,20.051678 49.213575,20.051737 49.213606,20.05181 49.213628,20.051851 49.21367,20.051864 49.213711,20.051868 49.213753,20.0519 49.213804,20.051983 49.213886,20.052089 49.21393,20.052184 49.213952,20.052361 49.213969,20.052486 49.214009,20.052535 49.214036,20.052587 49.214071,20.052649 49.214084,20.052689 49.214084,20.052771 49.214056,20.052838 49.214069,20.052936 49.214079,20.053023 49.214103,20.053144 49.214112,20.053251 49.214107,20.053386 49.214121,20.053482 49.214137,20.053588 49.214167,20.05368 49.21417,20.05375 49.214137,20.053828 49.214116,20.05393 49.21414,20.054112 49.214139,20.054216 49.214156,20.054361 49.214167,20.054432 49.214186,20.054517 49.214217,20.0546 49.214223,20.054716 49.214259,20.054815 49.214319,20.054963 49.214365,20.05515 49.214457,20.055247 49.21451,20.055354 49.214582,20.055468 49.214622,20.055541 49.214708,20.055589 49.214789,20.055618 49.21485,20.055651 49.214909,20.055716 49.214985,20.055834 49.215074,20.055915 49.215186,20.056058 49.215278,20.056172 49.215348,20.056376 49.215507,20.056615 49.215603,20.05677 49.215703,20.056816 49.215798,20.056926 49.215896,20.057041 49.215984,20.05717 49.216069,20.057237 49.216125,20.057354 49.216191,20.057412 49.216195,20.057465 49.216171,20.057513 49.216118,20.057712 49.215784,20.057776 49.215624,20.057897 49.215488,20.05794 49.214983,20.057948 49.214564,20.057977 49.214401,20.058026 49.214358,20.058069 49.214389,20.058134 49.214438,20.058299 49.214557,20.058517 49.214622,20.058561 49.214575,20.058746 49.214366,20.0587 49.214168,20.05861 49.21406,20.058247 49.213812,20.058214 49.21377,20.058203 49.213729,20.058227 49.213679,20.058333 49.213685,20.059063 49.213714,20.059403 49.213754,20.059542 49.213791,20.059655 49.21384,20.059821 49.213981,20.060133 49.214307,20.060292 49.214634,20.060411 49.214821,20.060492 49.214897,20.060761 49.215116,20.060796 49.215146,20.060876 49.215246,20.060907 49.215252,20.060928 49.215232,20.06099 49.215138,20.061016 49.215135,20.061044 49.215145,20.061221 49.215376,20.061274 49.215358,20.061349 49.215311,20.061389 49.215228,20.061418 49.21517,20.06145 49.215142,20.061487 49.215147,20.061531 49.215182,20.061569 49.215181,20.061584 49.215171,20.061645 49.215189,20.061654 49.215206,20.06168 49.215206,20.061733 49.215187,20.061904 49.215267,20.062033 49.215298,20.062077 49.215332,20.062124 49.215341,20.062182 49.215332,20.062406 49.2153,20.062457 49.215313,20.062537 49.215295,20.062695 49.215311,20.062797 49.215302,20.062875 49.215276,20.062923 49.215239,20.063007 49.215211,20.06309 49.215227,20.063199 49.215266,20.063355 49.215272,20.063436 49.215288,20.063546 49.215325,20.063653 49.215362,20.063889 49.215556,20.063953 49.215595,20.064294 49.215854,20.064412 49.215887,20.064594 49.216008,20.064887 49.216108,20.064991 49.216127,20.065083 49.216129,20.065136 49.216089,20.065217 49.216082,20.0653 49.216097,20.065463 49.216111,20.065573 49.216089,20.065632 49.216045,20.065753 49.216038,20.06589 49.216096,20.065925 49.216132,20.06597 49.216183,20.066088 49.216189,20.066215 49.216269,20.06641 49.216334,20.066507 49.216367,20.066699 49.216322,20.066982 49.216192,20.067136 49.216137,20.067159 49.216127,20.067183 49.216068,20.067326 49.215876,20.067609 49.215693,20.067743 49.21564,20.067885 49.215559,20.06806 49.215484,20.068165 49.215451,20.068288 49.215362,20.068459 49.215199,20.068854 49.214867,20.068924 49.214769,20.068924 49.214697,20.068913 49.214484,20.068929 49.214405,20.068878 49.214286,20.068897 49.214226,20.068867 49.214191,20.068832 49.214095,20.068859 49.214077,20.068996 49.214091,20.069033 49.214075,20.069044 49.214044,20.069007 49.213932,20.068993 49.213869,20.06895 49.213793,20.06887 49.213662,20.068757 49.213541,20.06864 49.213383,20.068654 49.213265,20.068615 49.213212,20.068569 49.213159,20.068518 49.213119,20.06843 49.213091,20.068344 49.213075,20.068248 49.21301,20.068191 49.212868,20.068241 49.212822,20.068301 49.212781,20.068382 49.21274,20.068543 49.21259,20.068666 49.212539,20.068746 49.212471,20.0688 49.212406,20.068964 49.21229,20.069012 49.212185,20.069063 49.212096,20.069055 49.21202,20.069133 49.211917,20.069138 49.211807,20.069178 49.211745,20.069208 49.211591,20.069256 49.211565,20.069436 49.211351,20.069498 49.211232,20.069524 49.211216,20.069551 49.211239,20.069581 49.211214,20.069586 49.211146,20.069591 49.211079,20.06946 49.211014,20.069315 49.210918,20.069208 49.210888,20.069162 49.21085,20.069232 49.210804,20.069486 49.210699,20.069567 49.210634,20.069691 49.210512,20.069715 49.210433,20.069618 49.210254,20.069613 49.210233,20.069629 49.210222,20.069726 49.210256,20.069756 49.210262,20.069785 49.210259,20.069776 49.21023,20.069792 49.210214,20.069866 49.210235,20.069887 49.210218,20.069876 49.210179,20.069833 49.210077,20.069773 49.209928,20.069747 49.209865,20.069768 49.209793,20.069822 49.209748,20.069854 49.209543,20.069819 49.209283,20.069776 49.209259,20.069755 49.209229,20.069774 49.209204,20.069814 49.209183,20.069817 49.20911,20.06986 49.209052,20.069862 49.20901,20.0699 49.208964,20.069956 49.20884,20.069932 49.208751,20.069994 49.208586,20.06998 49.208362,20.069935 49.208295,20.06994 49.208239,20.069963 49.20779,20.069935 49.207664,20.069854 49.20761,20.069827 49.207575,20.069835 49.207538,20.069844 49.207438,20.069886 49.207377,20.069897 49.207314,20.069935 49.207249,20.069948 49.207154,20.069986 49.2071,20.069986 49.207021,20.069924 49.206874,20.069986 49.206801,20.070125 49.2067,20.070141 49.206555,20.070192 49.206506,20.070227 49.206446,20.070348 49.206322,20.070423 49.206274,20.070535 49.206147,20.070613 49.206061,20.070603 49.206005,20.070627 49.205948,20.070632 49.205901,20.07068 49.205842,20.07071 49.205763,20.070777 49.205673,20.070863 49.205612,20.070946 49.205446,20.070989 49.205386,20.071 49.205293,20.071072 49.205237,20.071115 49.205118,20.071174 49.204979,20.071174 49.204853,20.071203 49.20468,20.07119 49.204466,20.071244 49.204361,20.071253 49.204268,20.071176 49.204114,20.07103 49.203817),(20.070654 49.201828,20.070583 49.201935,20.070407 49.202276,20.070292 49.202549,20.070169 49.202835,20.070132 49.20295,20.070119 49.203033,20.07014 49.2031,20.070186 49.203179,20.07031 49.203306,20.070624 49.203553,20.070819 49.203688,20.07103 49.203817),(20.070752 49.201748,20.070654 49.201828),(20.07081 49.201411,20.070908 49.201464,20.07094 49.201518,20.070957 49.20158,20.070752 49.201748),(20.070832 49.201182,20.070882 49.201229,20.070888 49.20126,20.070838 49.201313,20.07081 49.201411))"
Bulwary Słowackiego - Przełęcz Nosalowa,#16A34A,standard,954,1165,"MULTILINESTRING((19.982708 49.278425,19.982668 49.278375,19.982617 49.278242,19.982571 49.278148,19.982547 49.278151,19.982537 49.278168,19.982492 49.278243,19.982328 49.278356,19.982161 49.278475,19.981764 49.278723),(19.98283 49.278463,19.982708 49.278425),(19.983753 49.279021,19.983672 49.279084,19.983561 49.279242,19.983502 49.279299,19.983437 49.279307,19.983396 49.279283,19.98338 49.27925,19.98332 49.27922,19.983292 49.279183,19.983278 49.279125,19.983221 49.279079,19.983152 49.278973,19.983175 49.278727,19.983134 49.278581,19.983074 49.278531,19.982971 49.278475,19.98283 49.278463),(19.984375 49.278838,19.984057 49.278955,19.983944 49.27898,19.983843 49.278998,19.983753 49.279021),(19.98469 49.278688,19.984638 49.27868,19.984622 49.278695,19.9846 49.278774,19.984547 49.278828,19.984481 49.27885,19.984375 49.278838),(19.985063 49.278538,19.985005 49.278638,19.984996 49.278689,19.984888 49.278715,19.984815 49.27871,19.984761 49.278689,19.98469 49.278688),(19.988086 49.277693,19.987949 49.277761,19.987634 49.277797,19.987515 49.277826,19.98743 49.277879,19.987388 49.277881,19.987347 49.277888,19.987322 49.277932,19.987226 49.277933,19.987069 49.277967,19.986598 49.278015,19.986406 49.278011,19.986372 49.278,19.986184 49.278077,19.986155 49.278098,19.986136 49.278188,19.986097 49.278254,19.98599 49.278311,19.985815 49.278338,19.985557 49.27834,19.98547 49.278348,19.985368 49.278396,19.98529 49.278446,19.985102 49.278475,19.985063 49.278538),(19.989525 49.276794,19.989425 49.276935,19.989366 49.276969,19.98924 49.277047,19.989111 49.277143,19.989011 49.277222,19.98891 49.277296,19.988739 49.27736,19.988496 49.27744,19.988215 49.277515,19.988159 49.277579,19.988102 49.277664,19.988086 49.277693),(19.98962 49.276606,19.989602 49.276662,19.989542 49.276704,19.989525 49.276794),(19.989689 49.276406,19.989609 49.276484,19.989598 49.276548,19.98962 49.276606),(19.989876 49.275996,19.989907 49.276004,19.989919 49.276014,19.989934 49.276029,19.989945 49.276059,19.989963 49.276082,19.989972 49.276112,19.989965 49.276141,19.989927 49.276217,19.989914 49.276247,19.989912 49.276278,19.989926 49.2763,19.989937 49.276313,19.989967 49.276337,19.989987 49.276365,19.989986 49.276396,19.989988 49.276416,19.989987 49.27644,19.989971 49.276459,19.989947 49.276468,19.98987 49.276427,19.989798 49.276413,19.989726 49.276407,19.989689 49.276406),(19.989851 49.275982,19.989876 49.275996),(19.989843 49.275887,19.989829 49.275955,19.989851 49.275982),(19.989915 49.2757,19.989879 49.275764,19.989867 49.275829,19.989843 49.275887),(19.990069 49.275194,19.990039 49.275225,19.99002 49.275284,19.990004 49.275389,19.989979 49.275592,19.989915 49.2757),(19.990225 49.274899,19.990161 49.275003,19.990109 49.275149,19.990069 49.275194),(19.9903 49.274721,19.990225 49.274899),(19.990873 49.274026,19.990432 49.274443,19.99039 49.274559,19.99032 49.274649,19.9903 49.274721),(19.991126 49.273804,19.991031 49.273863,19.990909 49.27396,19.990873 49.274026),(19.991258 49.273708,19.991224 49.273758,19.991126 49.273804),(19.991445 49.273083,19.991432 49.27325,19.991365 49.273385,19.991306 49.273542,19.991258 49.273708),(19.991448 49.272937,19.991455 49.273007,19.991445 49.273083))"
Myślenickie Turnie - Kasprowy Wierch (stacja kolejki),#16A34A,standard,1335,1966,"MULTILINESTRING((19.974174 49.251744,19.974142 49.251696,19.974187 49.251622,19.974376 49.251506,19.974459 49.251429,19.974596 49.251242,19.974699 49.251161,19.974742 49.251105,19.974889 49.251048,19.975032 49.250957,19.975222 49.250805,19.975474 49.250709,19.975736 49.250662,19.976022 49.250394,19.976213 49.250182,19.976358 49.249991,19.976457 49.249793,19.976497 49.249531,19.976449 49.249363,19.976409 49.24929,19.976398 49.249212,19.976387 49.248856,19.976098 49.248514,19.97595 49.248296,19.975899 49.248083,19.975908 49.247749,19.975958 49.247566,19.97602 49.247437,19.976087 49.247139,19.976154 49.24689,19.976205 49.246801,19.976318 49.246761,19.976409 49.246721,19.976422 49.246651,19.976296 49.246482,19.976259 49.246423,19.976232 49.246357,19.97624 49.246328,19.976363 49.246312,19.976338 49.246263,19.976285 49.246183,19.976245 49.246137,19.976146 49.246095,19.97614 49.246029,19.975827 49.245827,19.97573 49.245752,19.975616 49.24566,19.975634 49.24563,19.975751 49.245643,19.975989 49.245608,19.976198 49.245563,19.976233 49.245542,19.976222 49.245508,19.976159 49.245479,19.975996 49.245358,19.975804 49.245192,19.975776 49.245112,19.97578 49.245019,19.975795 49.24495,19.975845 49.244827,19.975874 49.244825,19.976019 49.244909,19.976089 49.244919,19.976228 49.244923,19.976336 49.24492,19.976392 49.244899,19.976381 49.244866,19.976336 49.244839,19.976286 49.244739,19.976279 49.244641,19.976284 49.24434,19.976351 49.244116,19.976441 49.244029,19.976496 49.244061,19.976546 49.24413,19.976633 49.244222,19.976684 49.244236,19.976748 49.244216,19.976812 49.244079,19.976915 49.243891,19.977012 49.243794,19.977042 49.243737,19.977049 49.243676,19.977051 49.243583,19.977086 49.243489,19.977108 49.243416,19.977146 49.243359,19.97715 49.243306,19.977139 49.243232,19.977117 49.243182,19.977062 49.243115,19.977012 49.243051,19.976908 49.242977,19.976845 49.24294,19.976726 49.242886,19.976654 49.242869,19.976551 49.242804,19.976481 49.242747,19.976345 49.242618,19.976264 49.242478,19.976064 49.242105,19.975967 49.242013,19.975953 49.241965,19.975928 49.241891,19.975897 49.241609,19.976006 49.241346,19.976062 49.241291,19.976075 49.241255,19.976035 49.241219,19.976049 49.241185,19.976079 49.241173,19.97609 49.24115,19.976083 49.241127,19.976124 49.241078,19.976115 49.241033,19.976155 49.240986,19.976255 49.240961,19.976313 49.240937,19.976368 49.240895,19.97662 49.240658,19.976754 49.240515,19.976784 49.240491,19.976775 49.240457,19.976813 49.240439,19.976823 49.240405,19.976902 49.240377,19.976946 49.240335,19.976923 49.240295,19.976993 49.240224,19.976987 49.240206,19.977082 49.240119,19.97716 49.240086,19.977244 49.240014,19.977305 49.240019,19.977411 49.240059,19.977595 49.240022,19.977629 49.239956,19.977585 49.23989,19.977559 49.239855,19.977562 49.239794,19.977515 49.239688,19.977528 49.239655,19.977292 49.239549,19.977134 49.239466,19.97692 49.239269,19.976827 49.239151,19.976767 49.2391,19.976689 49.239013,19.97657 49.238813,19.976533 49.238736,19.976465 49.238688,19.976356 49.238637,19.976255 49.238538,19.976258 49.238515,19.976277 49.238488,19.976283 49.238453,19.976321 49.238415,19.976391 49.238394,19.976454 49.238404,19.976493 49.238415,19.976516 49.238449,19.97654 49.238486,19.976568 49.238508,19.976615 49.238525,19.976711 49.238542,19.976784 49.238572,19.976818 49.238691,19.976893 49.238784,19.977068 49.238865,19.977201 49.238917,19.977305 49.238959,19.977558 49.23902,19.9776 49.239028,19.977645 49.239019,19.977649 49.238994,19.977638 49.238968,19.977628 49.238952,19.977562 49.238923,19.977408 49.238879,19.977295 49.238781,19.977191 49.238649,19.977158 49.238552,19.977162 49.23849,19.97723 49.238385,19.977242 49.238311,19.977259 49.238296,19.977251 49.238215,19.977202 49.238175,19.977119 49.238124,19.977107 49.238078,19.97726 49.237931,19.977447 49.2378,19.977719 49.237636,19.977744 49.237621,19.97775 49.237598,19.977737 49.237581,19.977721 49.237575,19.97757 49.237511,19.977466 49.237404,19.977319 49.237247,19.977264 49.237179,19.977245 49.237148,19.977262 49.23714,19.977942 49.237365,19.978055 49.237251,19.978062 49.237211,19.978089 49.237198,19.97813 49.23719,19.97814 49.237175,19.978134 49.23715,19.97802 49.237119,19.977893 49.237015,19.977843 49.236941,19.97785 49.23689,19.97786 49.236852,19.977894 49.236807,19.977954 49.236781,19.977987 49.23673,19.978013 49.236692,19.978037 49.236655,19.978071 49.236635,19.97813 49.236632,19.978193 49.236611,19.978213 49.236583,19.978257 49.236558,19.978295 49.236525,19.978317 49.236486,19.978357 49.236452,19.978566 49.236358,19.978725 49.236242,19.978748 49.236213,19.978866 49.236189,19.978939 49.236138,19.978961 49.236109,19.979085 49.236086,19.979145 49.236066,19.979207 49.236033,19.979236 49.23596,19.979262 49.235924,19.979331 49.23577,19.97934 49.235696,19.979294 49.235607,19.979275 49.235438,19.97938 49.235186,19.979417 49.235062,19.979463 49.235004,19.979501 49.234991,19.979531 49.235007,19.979559 49.235048,19.979591 49.235074,19.979631 49.235092,19.97967 49.235089,19.979794 49.235022,19.979824 49.234926,19.97987 49.234866,19.979885 49.234827,19.979905 49.234705,19.979965 49.234552,19.980011 49.234444,19.980093 49.234333,19.980207 49.234167,19.980271 49.234039,19.980322 49.233865,19.980344 49.233736,19.980415 49.233546,19.980456 49.233428,19.98054 49.233254,19.980577 49.233188,19.980666 49.233093,19.980784 49.233004,19.980885 49.232912,19.980966 49.232805,19.981073 49.232738,19.981151 49.232665,19.981158 49.23263,19.981217 49.232549,19.981285 49.232485,19.981308 49.232448,19.981345 49.232471,19.981438 49.232475,19.981656 49.23237),(19.981656 49.23237,19.981705 49.232353,19.981764 49.232356))"
Polana Strążyska - Przełęcz w Grzybowcu,#DC2626,standard,1032,1316,"MULTILINESTRING((19.915968 49.259324,19.91608 49.25938,19.91628 49.259397,19.916378 49.259419,19.916498 49.259413,19.916674 49.259383,19.916768 49.259391,19.916875 49.259386,19.916995 49.259336,19.917046 49.259352,19.917112 49.259423,19.917239 49.259389,19.91728 49.259392,19.9173 49.259409,19.917307 49.259504,19.917281 49.259581,19.917306 49.259683,19.91735 49.259737,19.91743 49.259825,19.917577 49.259889,19.917819 49.259933,19.918061 49.26005,19.918149 49.260117,19.918417 49.260224,19.918588 49.260325,19.918674 49.260413,19.918993 49.260525,19.919297 49.260632,19.91949 49.260653,19.919618 49.260646,19.91976 49.260613,19.91987 49.260575,19.919936 49.26056,19.920075 49.260523),(19.920075 49.260523,19.920208 49.260527,19.920316 49.260497,19.920399 49.26046,19.920482 49.26046,19.920565 49.260458,19.920671 49.26042,19.920702 49.260388,19.920734 49.260306,19.92078 49.260259,19.920858 49.260222,19.921114 49.260278,19.921299 49.26029,19.921397 49.260311,19.921745 49.260418,19.922059 49.26049,19.922413 49.260586,19.92267 49.2606,19.923008 49.260572,19.923408 49.260688,19.923701 49.260755,19.92392 49.260831),(19.92392 49.260831,19.924146 49.260865),(19.924146 49.260865,19.92457 49.260973,19.924787 49.261077,19.92491 49.261129,19.925063 49.261185,19.925289 49.261264,19.925487 49.261339,19.925648 49.261418,19.925869 49.261534,19.925967 49.261587,19.926124 49.261672,19.926251 49.261737,19.926425 49.261805,19.926616 49.261941,19.926807 49.262028,19.926893 49.262102,19.927107 49.262253,19.927456 49.262457,19.927705 49.26255,19.927816 49.262621,19.927968 49.262674,19.928153 49.262704,19.928314 49.262712,19.928504 49.262786,19.928647 49.262858,19.928891 49.262948,19.929087 49.263007,19.929287 49.263082,19.929386 49.2631,19.929474 49.263087,19.929557 49.263069),(19.929557 49.263069,19.929664 49.263039),(19.929664 49.263039,19.929702 49.263028))"
Przełęcz w Grzybowcu - Wyżnia Kondracka Przełęcz,#DC2626,standard,1316,1772,"MULTILINESTRING((19.93395 49.248611,19.933839 49.248767,19.933742 49.248863,19.933605 49.248977,19.933513 49.249036,19.933468 49.249054,19.933308 49.24916,19.93308 49.249293,19.93293 49.249393,19.932845 49.249458,19.932791 49.249485),(19.932791 49.249485,19.932738 49.249505,19.932716 49.249504,19.932535 49.249558,19.932423 49.249583,19.932278 49.249595,19.932187 49.249597,19.932092 49.249617,19.932025 49.249611,19.931933 49.249618,19.93191 49.249611,19.931865 49.24959,19.931808 49.24958,19.931654 49.249571,19.931537 49.249574,19.931463 49.249577,19.93131 49.24959,19.931141 49.249599,19.930993 49.24959,19.930676 49.249599,19.930563 49.249608,19.930438 49.249605,19.930345 49.249599,19.930096 49.24957,19.929968 49.249561,19.929894 49.249546,19.929789 49.249545,19.929591 49.249528,19.929493 49.249529,19.929404 49.249507,19.929344 49.249501,19.929305 49.249488,19.929192 49.249471,19.92915 49.249445,19.929071 49.249422,19.92899 49.249413,19.928777 49.24935,19.928592 49.249319,19.928498 49.249316,19.928396 49.249322,19.928276 49.249317,19.928228 49.249323,19.928068 49.249301,19.927914 49.249287,19.927842 49.2493,19.927831 49.249271,19.927759 49.249251,19.927731 49.249247,19.927671 49.249245,19.927578 49.249261,19.927557 49.249259,19.927519 49.24921,19.927472 49.249165,19.927411 49.24913,19.927354 49.249102,19.92733 49.24908,19.927315 49.249062,19.927293 49.249046,19.927272 49.249045,19.927233 49.249043,19.927197 49.249046,19.927164 49.24906,19.927145 49.249069,19.927072 49.249069,19.927019 49.249071,19.926962 49.249076,19.926912 49.249092,19.926902 49.24911,19.92689 49.249222,19.926872 49.249291,19.926864 49.249312,19.926842 49.249327,19.926816 49.249333,19.926763 49.249334,19.92672 49.249331,19.926707 49.249338,19.926716 49.249353,19.92673 49.249369,19.926725 49.249392,19.926716 49.249419,19.926711 49.249434,19.926717 49.249467,19.92671 49.249512,19.926644 49.249554,19.926529 49.249672,19.926504 49.249692,19.926411 49.249709,19.926386 49.24972,19.926354 49.249772,19.92635 49.249811,19.926306 49.249881,19.926278 49.249922,19.926228 49.249958,19.926195 49.249976,19.926142 49.250013,19.926128 49.25004,19.92609 49.250067,19.926014 49.2501,19.925985 49.250135,19.925982 49.250151,19.925952 49.250189,19.925793 49.250344,19.925787 49.250367,19.92574 49.250381,19.925576 49.250441,19.925552 49.250453,19.925499 49.250456,19.925444 49.250473,19.925362 49.250493,19.925318 49.250494,19.925173 49.250535,19.925066 49.250574,19.924923 49.250603,19.924849 49.250619,19.924769 49.25063,19.924689 49.250623,19.924558 49.25061,19.924488 49.250612,19.924436 49.250625,19.924406 49.250642,19.924344 49.250693,19.924276 49.25079,19.924233 49.250833,19.924238 49.250859,19.924272 49.250899,19.924291 49.250909,19.924342 49.25094,19.924371 49.251001,19.924398 49.251087,19.92438 49.251159,19.924339 49.251182,19.924311 49.251219,19.924273 49.251273,19.924242 49.251295,19.92419 49.251319,19.924172 49.251339,19.924131 49.251394,19.924114 49.251417,19.924089 49.251427,19.924042 49.251451,19.924014 49.251475,19.923989 49.251496,19.923975 49.251512,19.923937 49.251528,19.923893 49.251526,19.92383 49.251541,19.923763 49.251552,19.923738 49.251573,19.923675 49.251573,19.923649 49.251581,19.923634 49.251597,19.92361 49.251641,19.923572 49.251687,19.923524 49.251721,19.923483 49.251761,19.923447 49.251797,19.923441 49.251819,19.923377 49.251844,19.923316 49.251871,19.923301 49.25191,19.923278 49.251931,19.923252 49.251956,19.923211 49.251998,19.923177 49.252037,19.923176 49.252065,19.923188 49.252098,19.923191 49.252166,19.923154 49.252273,19.923069 49.252419,19.923026 49.252462,19.923006 49.25253,19.923052 49.252566,19.923047 49.252588,19.923032 49.252602,19.923033 49.252633,19.92304 49.252673,19.923077 49.252733,19.923098 49.252791,19.923143 49.252859,19.923197 49.252969,19.923215 49.253059,19.923271 49.253164,19.923331 49.25329,19.923407 49.25339,19.923471 49.253505,19.923502 49.253603,19.923483 49.253633,19.923463 49.253708,19.923369 49.253751,19.92331 49.253786,19.923139 49.253831,19.923049 49.253866,19.922949 49.253858,19.92276 49.253945,19.922641 49.253981,19.922586 49.253982,19.922457 49.254057,19.922338 49.254132,19.922278 49.254179,19.922194 49.254295,19.922161 49.254347,19.922103 49.254411,19.922014 49.254572,19.921958 49.254622,19.921882 49.254727,19.921779 49.254863,19.92164 49.255079,19.921494 49.25519,19.921336 49.255266,19.921 49.255438,19.92094 49.255464,19.920815 49.255486,19.920713 49.255521,19.920406 49.255589,19.920367 49.255617,19.920241 49.255631,19.919992 49.255684,19.919745 49.255707,19.919441 49.255739,19.919372 49.255758,19.919314 49.255756,19.919177 49.255761,19.919079 49.255783,19.918989 49.255787,19.918899 49.255802,19.918763 49.255842,19.918711 49.255876,19.918571 49.255914,19.9185 49.255943,19.91835 49.25602,19.918079 49.256117,19.918008 49.256162,19.917798 49.256224,19.91773 49.256327,19.91766 49.256362,19.917529 49.256385,19.917432 49.256418,19.917281 49.256462,19.917157 49.256525,19.917004 49.256557,19.916898 49.256598,19.916783 49.256703,19.916595 49.256817,19.916331 49.256871,19.916107 49.256907,19.91602 49.256919,19.915892 49.256968,19.915758 49.257005,19.915694 49.257038,19.915692 49.257089,19.915839 49.257265,19.915989 49.25745,19.916172 49.257523,19.916539 49.257642,19.916587 49.257694,19.916523 49.257766,19.916233 49.257932,19.916165 49.25801,19.916141 49.258114,19.91612 49.258202,19.916095 49.258297,19.916047 49.258317),(19.916047 49.258317,19.916038 49.258372,19.916024 49.258494,19.91602 49.258646,19.915981 49.258742,19.915995 49.259009,19.915965 49.259104,19.915968 49.259324))"
Wierch Poroniec - Rusinowa Polana,#16A34A,standard,1110,1212,"MULTILINESTRING((20.112998 49.284499,20.112893 49.284493),(20.112893 49.284493,20.112882 49.284319,20.112824 49.284134,20.112791 49.284016,20.112804 49.283898,20.112881 49.283742,20.11292 49.283573,20.112941 49.283248,20.112963 49.283136,20.11292 49.28304,20.112775 49.282926,20.112452 49.282467,20.112008 49.28203,20.111895 49.281956,20.111788 49.281813,20.111645 49.281686,20.111469 49.28151,20.111359 49.281306,20.111214 49.28102,20.111184 49.280852,20.111112 49.280623,20.111148 49.280405,20.111123 49.2801,20.111278 49.279862,20.111305 49.279724,20.111286 49.279636,20.11123 49.279538,20.110837 49.279255,20.110412 49.279071,20.110271 49.278969,20.109924 49.278749,20.109572 49.278553,20.109329 49.278419,20.109259 49.278375,20.109194 49.278285,20.109082 49.27818,20.109025 49.277979,20.108897 49.27768,20.108761 49.277521,20.10854 49.277367,20.108073 49.277082,20.108006 49.276985,20.107858 49.276873,20.107803 49.27666,20.107759 49.276415,20.107708 49.276331,20.107606 49.276245,20.107448 49.276175,20.107057 49.276049,20.106925 49.27597,20.106657 49.275788,20.106429 49.275701,20.106133 49.275653,20.105819 49.275473,20.105447 49.275343,20.105152 49.275157,20.10494 49.274992,20.104602 49.274668,20.104428 49.274469,20.104268 49.274308,20.103945 49.274103,20.103535 49.273887,20.103403 49.27383,20.103329 49.27377,20.103179 49.273532,20.103073 49.27319,20.103022 49.273128,20.102828 49.273022,20.102763 49.272931,20.102631 49.272721,20.102212 49.272485,20.101981 49.27233,20.101617 49.271791,20.101319 49.271385,20.101287 49.271284,20.101233 49.271189,20.101258 49.270948,20.101172 49.270672,20.101145 49.270314,20.101105 49.269999,20.101199 49.269735,20.101193 49.269642,20.101207 49.269471,20.101173 49.269393,20.101129 49.269345,20.100887 49.269152,20.10085 49.268996,20.100836 49.268874,20.100789 49.268794,20.100668 49.268708,20.100362 49.268601,20.10022 49.26854,20.100134 49.268477,20.100021 49.268405,20.099882 49.268361,20.099042 49.268233,20.098473 49.26817,20.098127 49.268064,20.097958 49.26803,20.097591 49.268001,20.09728 49.268002,20.096971 49.268037,20.09673 49.268044,20.096459 49.268013,20.096322 49.267981,20.096172 49.267885,20.096057 49.26775,20.095866 49.267631,20.095649 49.267304,20.095544 49.267203,20.095351 49.267089,20.095223 49.26701,20.095142 49.266961,20.094914 49.266943,20.094706 49.266862,20.094514 49.266739,20.094319 49.266628,20.094047 49.266557,20.093871 49.266445,20.093711 49.2663,20.093432 49.266121,20.093274 49.265998,20.093104 49.265898,20.092917 49.265768,20.092707 49.265591,20.092612 49.265528,20.092425 49.26538,20.0922 49.265244,20.092027 49.265065,20.091934 49.264946,20.09185 49.264865,20.091763 49.264716,20.091571 49.264431,20.091376 49.264179,20.091256 49.264133,20.091148 49.264073,20.091066 49.264,20.090977 49.263901,20.090848 49.263789,20.090777 49.263702,20.090718 49.263595,20.090584 49.263465,20.090416 49.26331,20.090318 49.263233,20.090295 49.263124,20.090307 49.262992,20.090307 49.262893,20.09029 49.262857))"
Rusinowa Polana - Rówień Waksmundzka,#16A34A,standard,1208,1461,"MULTILINESTRING((20.09029 49.262857,20.090103 49.262754,20.089998 49.26267,20.089914 49.262562,20.089859 49.262456,20.089731 49.262355,20.089633 49.262248,20.089528 49.262122,20.089299 49.261885,20.089045 49.261664,20.088764 49.261388),(20.088764 49.261388,20.088678 49.261358,20.088514 49.261243,20.088449 49.261234,20.088408 49.261209,20.088295 49.26107,20.088248 49.26102,20.088119 49.260949,20.088109 49.260797,20.087994 49.26077,20.087958 49.260661,20.08784 49.260636,20.087823 49.260523,20.087642 49.260516,20.087614 49.26046,20.087492 49.26041,20.087381 49.260342,20.087207 49.260302,20.087051 49.260241,20.086651 49.260031,20.086002 49.259927,20.085848 49.259896,20.085655 49.259818,20.085506 49.259753,20.085312 49.259674,20.085042 49.259538,20.084698 49.259405,20.084321 49.259327,20.084078 49.259266,20.083747 49.259187,20.08337 49.259093,20.083056 49.259001,20.08295 49.258962,20.082819 49.258935,20.082757 49.258892,20.082622 49.258855,20.08249 49.258846,20.082387 49.258857,20.082296 49.258857,20.082184 49.258801,20.082107 49.258836,20.082053 49.258846,20.081981 49.258839),(20.081981 49.258839,20.080943 49.25906,20.080469 49.259216,20.079943 49.25936),(20.079943 49.25936,20.07981 49.259397),(20.07981 49.259397,20.07957 49.259475),(20.07957 49.259475,20.079414 49.259525,20.079155 49.259582,20.078592 49.259661,20.077704 49.259635),(20.077704 49.259635,20.07756 49.259607,20.07748 49.259576,20.077336 49.25949,20.077095 49.259299,20.076895 49.259199,20.076815 49.259174,20.076798 49.259149,20.076752 49.25912,20.076662 49.259109,20.076625 49.259088,20.076541 49.259054,20.076491 49.25908,20.076439 49.259082),(20.076439 49.259082,20.076361 49.259059),(20.076361 49.259059,20.076321 49.259048,20.076234 49.259052,20.076195 49.25904,20.076118 49.259007,20.075761 49.258941,20.075687 49.258935,20.075644 49.258936,20.075569 49.258961,20.075486 49.258958,20.07544 49.258944,20.075378 49.258926,20.075332 49.258899),(20.075332 49.258899,20.075238 49.25882),(20.075238 49.25882,20.075149 49.258785,20.075028 49.258694,20.074827 49.25857,20.074733 49.258475,20.074663 49.258433,20.074647 49.258382,20.074604 49.258326,20.074508 49.258289,20.074372 49.258284,20.073802 49.258234,20.073564 49.258164,20.073333 49.258109,20.073003 49.258013,20.072566 49.257957,20.072113 49.257929,20.071874 49.257915,20.071595 49.25791,20.071413 49.257869,20.071316 49.257843,20.071193 49.257798,20.070981 49.257689,20.070533 49.257386,20.070343 49.257255,20.070189 49.257205,20.070065 49.257082,20.069755 49.256912,20.069675 49.256879,20.069608 49.256831,20.069573 49.256762,20.069371 49.256628,20.06851 49.256133,20.068237 49.256075,20.067964 49.255945,20.067851 49.255882,20.067605 49.255685,20.067429 49.255517,20.067196 49.255372),(20.067196 49.255372,20.067083 49.255322,20.066998 49.255315,20.066673 49.255364,20.06652 49.25536,20.066311 49.255336,20.066197 49.255336,20.066 49.255355,20.065793 49.255356,20.065567 49.255351))"
Rówień Waksmundzka - Wolarczyska,#16A34A,standard,1405,1531,"MULTILINESTRING((20.065567 49.255351,20.065233 49.255366,20.064962 49.255408,20.064463 49.255534,20.064216 49.255583,20.063918 49.25566,20.063693 49.255741,20.063508 49.255776,20.063331 49.255749,20.063189 49.255735,20.063057 49.255755,20.06287 49.255781,20.062661 49.255844,20.062483 49.255881,20.062333 49.255865,20.06188 49.255851,20.061456 49.255765,20.060767 49.255776,20.060421 49.255744,20.06007 49.255748,20.059839 49.255723,20.059498 49.25572,20.058739 49.255772,20.057862 49.255791,20.057438 49.255779,20.057221 49.255718,20.056462 49.255599,20.056164 49.255616,20.055904 49.255604,20.055365 49.255543,20.054901 49.255396,20.054482 49.255289,20.05419 49.255172,20.053884 49.255054,20.053517 49.254871,20.0532 49.254736,20.052664 49.254477,20.052136 49.254102,20.051816 49.253799,20.051564 49.253713,20.051095 49.253487,20.050813 49.253419,20.050465 49.253384,20.050277 49.253419,20.049829 49.253561,20.049547 49.253692,20.049319 49.253712,20.049003 49.25374,20.048775 49.253811,20.048566 49.253829,20.048268 49.253811,20.047796 49.253846,20.047485 49.253931,20.047176 49.253979,20.046919 49.253948,20.046567 49.253806,20.046296 49.253724,20.045811 49.253514,20.045553 49.253451,20.04524 49.253267,20.044792 49.253027,20.044438 49.252819,20.044398 49.252791,20.044374 49.252747,20.044373 49.25271,20.044279 49.252635,20.044135 49.252544,20.043946 49.252355,20.043888 49.252265,20.043732 49.252186,20.043553 49.252141,20.043389 49.252119,20.043223 49.25209,20.042906 49.251992,20.042732 49.251963,20.042561 49.251909,20.042522 49.251809,20.042357 49.251775,20.042029 49.25167,20.041914 49.251612,20.04188 49.251575,20.041872 49.251501,20.041833 49.251423,20.041571 49.251192,20.041546 49.251146,20.041422 49.251041,20.041355 49.250995,20.041286 49.250978,20.041203 49.250977,20.041098 49.250944,20.040986 49.250879,20.040933 49.250874,20.040799 49.250893,20.040736 49.250901,20.040575 49.250939,20.040438 49.250914,20.040251 49.250844,20.039856 49.25069,20.039786 49.250652,20.039592 49.2506,20.03952 49.250602,20.039383 49.250636,20.03924 49.250653,20.039136 49.250656,20.039046 49.250628,20.038834 49.250549,20.03867 49.250531,20.038583 49.250479,20.038513 49.250452,20.038416 49.250405,20.038346 49.250348,20.038282 49.250319,20.038201 49.250296,20.038177 49.25028,20.038017 49.25009,20.037821 49.249951,20.03765 49.249818,20.037507 49.249673,20.03729 49.249517,20.037105 49.249454,20.037026 49.249417,20.036912 49.249415,20.036802 49.249379,20.036647 49.249229,20.036463 49.249166,20.036402 49.249155,20.036333 49.249172,20.036262 49.24924,20.036139 49.249255,20.036071 49.24926,20.035964 49.249231))"
Wolarczyska - Schronisko PTTK Murowaniec,#16A34A,standard,1417,1570,"MULTILINESTRING((20.035964 49.249231,20.035943 49.249293,20.035912 49.249315,20.035926 49.249362,20.03586 49.249501,20.03583 49.249674,20.035763 49.249795,20.035745 49.249923,20.035719 49.249973,20.035667 49.250027,20.03564 49.250163,20.035613 49.250233,20.035639 49.250278,20.035652 49.250369,20.03564 49.25045,20.03568 49.250508,20.035604 49.2506,20.035635 49.250704,20.035618 49.25078,20.035677 49.250902,20.035782 49.251044,20.035852 49.251268,20.035892 49.251539,20.035879 49.251761,20.035889 49.251917,20.035917 49.252049,20.035901 49.252082,20.035755 49.252138,20.03566 49.252187,20.03553 49.252194,20.035372 49.252167,20.03516 49.252108,20.034918 49.251998,20.034731 49.251929,20.034618 49.2519,20.034412 49.251865,20.034235 49.251798,20.034087 49.251721,20.03395 49.251628,20.033647 49.251488,20.033229 49.251222,20.032926 49.25101,20.032738 49.250819,20.032341 49.250544,20.032136 49.250407,20.032026 49.250312,20.031917 49.250301,20.03174 49.250298,20.031699 49.250292,20.031674 49.250271,20.031555 49.250238,20.031434 49.250119,20.031273 49.250016,20.031151 49.249944,20.031121 49.2499,20.031011 49.249734,20.030804 49.249569,20.03067 49.249473,20.030553 49.249383,20.030426 49.249354,20.030182 49.249228,20.030002 49.249067,20.029804 49.24893,20.029648 49.24886,20.029425 49.248881,20.029268 49.248859,20.029157 49.248877,20.029104 49.248865,20.029004 49.248867,20.028838 49.248836,20.028685 49.248766,20.028537 49.248648,20.028331 49.248531,20.028084 49.248445,20.027864 49.248386,20.027701 49.248258,20.027635 49.248196,20.027525 49.24814,20.02736 49.248107,20.027156 49.248053,20.026973 49.247887,20.026855 49.247806,20.026755 49.247776,20.026614 49.247666,20.026481 49.247581,20.026348 49.247551,20.026287 49.247565,20.026144 49.247512,20.026071 49.247502,20.025963 49.24754,20.025724 49.247575,20.025488 49.247575,20.025316 49.247601,20.025123 49.247608,20.024978 49.247596,20.024876 49.24761,20.02468 49.247598,20.024348 49.247493,20.024165 49.24747,20.023983 49.247484,20.023677 49.247451,20.023377 49.247445,20.02294 49.247256,20.0225 49.247037,20.022122 49.246875,20.021819 49.246815,20.021384 49.246707,20.021065 49.246637,20.020893 49.246546,20.020637 49.246345,20.020563 49.246178,20.020531 49.246057,20.020282 49.245919,20.020024 49.245735,20.019748 49.245465,20.019493 49.245327,20.019389 49.245243,20.019214 49.245202,20.019005 49.245188,20.018756 49.24509,20.018554 49.244964,20.018238 49.244661,20.018088 49.24463,20.017889 49.244612,20.017524 49.244464,20.017226 49.244327,20.016905 49.24428,20.01661 49.24422,20.016409 49.244213,20.016167 49.24425,20.015657 49.244278,20.01548 49.244262,20.015346 49.244227,20.015186 49.244204,20.014885 49.244122,20.014311 49.244006,20.014166 49.243964,20.014075 49.243884,20.014005 49.243817,20.013807 49.24373,20.013598 49.243593,20.013523 49.243544,20.013286 49.24345,20.013181 49.243391),(20.013181 49.243391,20.013096 49.243385,20.012956 49.243377,20.01284 49.243363,20.012762 49.243368,20.012732 49.243376),(20.012732 49.243376,20.012597 49.243417),(20.012597 49.243417,20.012539 49.243424,20.012428 49.243386,20.012383 49.243382,20.012342 49.243354,20.012257 49.243353,20.012098 49.243302,20.012035 49.243296,20.011963 49.243271,20.011941 49.243257,20.011879 49.243174,20.011839 49.24316,20.011792 49.24317,20.011752 49.243204,20.011685 49.243242,20.011568 49.243306,20.011506 49.243333,20.011461 49.243304,20.011446 49.24327,20.011425 49.243242,20.011374 49.243198,20.011299 49.243232,20.011254 49.24327,20.010981 49.243264,20.010838 49.24324,20.010771 49.243193,20.010574 49.243147,20.01046 49.243158,20.010258 49.243094,20.010116 49.243082,20.010007 49.243054,20.009862 49.242979,20.009786 49.242969,20.009743 49.242975,20.009692 49.243001,20.009556 49.243108,20.009442 49.24316,20.009188 49.243228,20.009027 49.243312,20.009037 49.243421,20.008911 49.243513,20.008842 49.243523,20.008795 49.243582,20.008678 49.243632,20.008521 49.243637,20.008421 49.243693,20.008351 49.243763),(20.006932 49.243273,20.007302 49.243304,20.007517 49.243322,20.007699 49.243337,20.007792 49.243361,20.007871 49.243408,20.007899 49.243429,20.008351 49.243763))"
Zmarzły Staw - Kozia Przełęcz,#EAB308,standard,1777,2080,"MULTILINESTRING((20.022677 49.225312,20.022735 49.225254,20.02279 49.225207,20.02285 49.225178,20.022892 49.225144,20.022889 49.225033,20.022838 49.224934,20.022836 49.224829,20.022781 49.224763,20.022782 49.224673,20.022783 49.22464,20.022776 49.224617,20.022749 49.22457,20.022721 49.224491,20.022729 49.224447,20.022769 49.224423,20.022804 49.22442,20.022846 49.22443,20.022896 49.224447,20.022971 49.224429,20.023056 49.224412,20.023094 49.224389,20.023128 49.22437,20.023172 49.224355,20.023195 49.224318,20.023189 49.224254,20.023183 49.224189,20.023246 49.224132,20.023452 49.224075,20.023604 49.224031,20.023698 49.224037,20.023761 49.224051,20.023825 49.224035,20.023892 49.223987,20.023973 49.223979,20.02406 49.223959,20.024171 49.223944,20.024216 49.22393,20.024313 49.223921,20.024419 49.223907,20.024465 49.223884,20.024465 49.223807,20.024465 49.223734,20.024475 49.223714,20.024488 49.223687,20.024491 49.223663,20.024508 49.223628,20.024536 49.223601,20.024555 49.223583,20.024549 49.223465),(20.024549 49.223465,20.024473 49.223412,20.024409 49.223344,20.024383 49.223307,20.024367 49.223247,20.024342 49.223203,20.02431 49.223176,20.024308 49.223137,20.024303 49.223092,20.024314 49.223044,20.024362 49.22299,20.024414 49.222947,20.024477 49.222886,20.024625 49.222785,20.02475 49.222699,20.024831 49.222589,20.02502 49.222519,20.025096 49.222449,20.025174 49.222361,20.025178 49.222288,20.02515 49.222213,20.025106 49.222147,20.02502 49.222101,20.024925 49.222052,20.024833 49.221971,20.024777 49.221916,20.024713 49.221898,20.02462 49.221818,20.024493 49.221784,20.024316 49.221763,20.024317 49.221738,20.024289 49.22172,20.024212 49.221715,20.024145 49.221691,20.024064 49.221666,20.024042 49.221629,20.023878 49.221582),(20.023878 49.221582,20.023779 49.221562,20.023752 49.221479,20.02375 49.221421,20.02377 49.221329,20.023768 49.221273,20.023768 49.221174,20.023929 49.221114,20.024158 49.221099,20.02423 49.221054,20.024184 49.220985,20.024255 49.220949,20.024321 49.22091,20.024345 49.220864,20.024283 49.220758,20.024345 49.220701,20.024422 49.220663,20.024525 49.220623,20.024684 49.220606,20.02519 49.220574,20.025429 49.220532,20.025464 49.220493,20.025464 49.220442,20.025493 49.220311,20.025627 49.22022,20.025725 49.22012,20.025702 49.22005,20.025654 49.220031,20.025665 49.219962,20.025592 49.219922,20.025662 49.219881,20.025559 49.219824,20.025566 49.219728,20.025478 49.21967,20.025325 49.219552),(20.025325 49.219552,20.025265 49.219468,20.025185 49.219367,20.02513 49.219278,20.025144 49.219174))"
Kozia Przełęcz - Niżnie Solnisko,#EAB308,standard,1735,2088,"MULTILINESTRING((20.025144 49.219174,20.02468 49.219002,20.02447 49.218818,20.024394 49.218603,20.024451 49.21849),(20.024451 49.21849,20.024642 49.218372,20.024921 49.218152,20.025028 49.21805,20.025093 49.217952,20.025147 49.217649,20.025113 49.217389,20.025091 49.217191,20.025107 49.217067,20.025142 49.216969,20.02513 49.21688,20.025028 49.216747,20.024912 49.216654,20.024717 49.216587,20.024635 49.216509,20.024597 49.216405,20.024651 49.216257,20.024688 49.216085,20.024613 49.215932,20.024579 49.215749,20.024595 49.215639,20.024573 49.215461,20.02453 49.215306,20.024491 49.215223,20.02441 49.215152,20.024479 49.215113,20.024415 49.215027,20.024325 49.214956,20.024202 49.214832,20.024191 49.214751,20.024249 49.214691,20.024285 49.214618,20.02425 49.214556,20.024257 49.214464,20.024361 49.214384,20.024495 49.214334,20.024642 49.214221,20.024691 49.214157,20.02469 49.214098,20.024647 49.214012,20.024525 49.213957,20.024473 49.213905,20.024397 49.213825,20.024434 49.213617,20.024514 49.213471,20.02453 49.213252,20.024542 49.213215,20.024543 49.213082,20.024603 49.212968,20.024747 49.212863,20.024807 49.212808,20.024824 49.212761,20.024879 49.212679,20.024954 49.212638,20.025047 49.212584,20.025092 49.212575,20.025155 49.21257,20.025212 49.212543,20.025232 49.212497,20.025258 49.212449,20.02537 49.212397,20.025394 49.212372,20.025366 49.212311,20.025336 49.212262,20.025338 49.212238,20.025326 49.212212,20.025331 49.212183,20.025379 49.212153,20.02545 49.212117,20.0255 49.212093,20.025562 49.212085,20.025609 49.212057,20.02572 49.212023,20.025745 49.211965,20.025831 49.211913,20.025874 49.21187,20.025898 49.211825,20.025946 49.211797,20.02596 49.211768,20.026048 49.211747,20.026091 49.211722,20.026145 49.211715,20.02618 49.211688,20.026148 49.211599,20.026111 49.211572,20.026119 49.211488,20.026152 49.211413,20.026216 49.211379,20.026235 49.211334,20.026248 49.211271,20.026267 49.211197,20.026315 49.211137,20.026338 49.211031,20.026373 49.210985,20.026369 49.210938,20.026402 49.210892,20.026407 49.210855,20.026415 49.210811,20.026417 49.210763,20.026557 49.210614,20.026592 49.21044,20.02655 49.210406,20.026554 49.210378,20.02657 49.210351,20.026531 49.210278,20.026554 49.210194,20.026584 49.210162,20.026637 49.210081,20.026641 49.210034,20.026661 49.210004,20.026695 49.209922),(20.029995 49.209721,20.029843 49.209717,20.02977 49.209736,20.029707 49.20976,20.029665 49.209765,20.029629 49.209756,20.029595 49.209748,20.029533 49.209739,20.029475 49.209746,20.029379 49.209733,20.029242 49.209713,20.029129 49.209718,20.028993 49.209744,20.028872 49.209773,20.028749 49.209788,20.028601 49.209778,20.028504 49.209769,20.028376 49.2098,20.028266 49.209792,20.028184 49.209781,20.028098 49.209779,20.028015 49.209764,20.027949 49.209759,20.027856 49.209777,20.02759 49.209865,20.027316 49.209869,20.02725 49.20987,20.027188 49.209889,20.027124 49.209894,20.027062 49.209884,20.026959 49.209908,20.026778 49.209924,20.026695 49.209922))"
Niżnie Solnisko - Szpiglasowa Przełęcz,#EAB308,standard,0,0,"MULTILINESTRING((20.029995 49.209721,20.03004 49.209658,20.030139 49.209571,20.030117 49.209534,20.030144 49.209506,20.030196 49.209483,20.03038 49.209334,20.030501 49.209178,20.030496 49.20911,20.030492 49.20906,20.03049 49.209031,20.030487 49.208981,20.030663 49.208802,20.030736 49.208752,20.030767 49.208659,20.03073 49.208595,20.030646 49.208535,20.030605 49.20847,20.030403 49.208359,20.030361 49.208298,20.030246 49.208188,20.030212 49.208095,20.030099 49.208001,20.03002 49.207965,20.029879 49.207962,20.029784 49.207873,20.02965 49.207816,20.029467 49.207692,20.029448 49.207622,20.029342 49.207551,20.029238 49.207483,20.029134 49.207403,20.029114 49.207273,20.029066 49.207225,20.028988 49.207192,20.02897 49.20715,20.029043 49.207107),(20.029043 49.207107,20.029099 49.207076,20.029126 49.20704,20.0292 49.207021,20.029249 49.206948,20.029373 49.206931,20.02941 49.206906,20.029511 49.206896,20.029563 49.206868,20.029715 49.20683,20.029797 49.206781,20.029942 49.20673,20.030013 49.206659,20.030077 49.206625,20.030237 49.206567,20.030294 49.206503,20.030415 49.206434,20.030576 49.206365,20.03074 49.206309,20.030862 49.206233,20.030999 49.206205,20.031099 49.206128,20.031105 49.206094,20.03116 49.206051,20.031178 49.206003,20.031155 49.205965,20.031166 49.205894,20.031147 49.205761,20.031269 49.205644,20.031461 49.205512,20.031544 49.205463,20.031583 49.20544,20.031713 49.205417,20.031833 49.205361,20.031821 49.205267,20.031833 49.205258,20.031859 49.205239,20.031866 49.205198,20.031803 49.205135,20.031747 49.205041,20.031726 49.204944,20.031756 49.204867,20.031766 49.204677,20.031733 49.204524,20.031763 49.204479,20.031697 49.2044,20.031663 49.204214,20.031727 49.204152,20.031752 49.204071,20.03175 49.204031,20.031866 49.203995,20.031831 49.203935,20.031917 49.203868,20.032006 49.20383,20.032001 49.203773,20.032129 49.203806,20.032194 49.203788,20.032319 49.203716,20.032343 49.203619,20.03237 49.203574,20.032432 49.203535,20.032542 49.203483,20.032455 49.203342,20.032574 49.20328,20.032686 49.203257,20.032858 49.203188,20.032869 49.203159,20.032978 49.203091,20.033213 49.202883,20.033273 49.202809,20.033251 49.2028,20.033173 49.202791,20.033065 49.202803,20.032798 49.202784,20.032645 49.202744,20.032624 49.202727,20.032737 49.202659,20.032826 49.202638,20.03295 49.202489,20.033014 49.20243,20.033031 49.202384,20.033103 49.202382,20.033156 49.202343,20.033258 49.202313,20.033361 49.202247,20.033436 49.202173,20.033615 49.202103,20.033652 49.202021,20.033766 49.201979,20.033848 49.201906,20.033958 49.201923,20.034139 49.201902,20.034142 49.20185,20.034173 49.201813,20.034259 49.201804,20.034292 49.201776,20.034279 49.201722,20.034356 49.201675,20.034375 49.201577,20.03446 49.201543,20.034519 49.201489,20.034696 49.201481,20.034811 49.201453,20.034884 49.20145,20.034956 49.201436,20.034986 49.201406,20.035063 49.201376,20.03508 49.201308,20.035111 49.201268,20.035174 49.201227,20.035231 49.201208,20.035256 49.201176,20.035317 49.201166,20.035319 49.201117,20.035319 49.201096,20.035349 49.201078,20.035415 49.200866,20.035503 49.200815,20.035581 49.200794,20.035729 49.200773,20.035694 49.200715,20.035739 49.200693,20.035682 49.20062,20.035804 49.200539,20.035795 49.200457,20.035853 49.200447,20.035818 49.200361,20.035813 49.200298,20.035917 49.200241,20.035936 49.200207,20.036059 49.20015,20.036095 49.200153,20.036263 49.20008,20.03647 49.200105,20.036439 49.200132,20.036546 49.200172,20.036602 49.200176,20.036787 49.200208,20.036964 49.200202,20.037016 49.200192,20.037125 49.200205,20.037284 49.20016,20.037563 49.200153,20.037678 49.200173,20.037931 49.200171,20.038046 49.200133,20.038093 49.200082,20.038206 49.200052,20.038216 49.200025,20.038495 49.199935,20.038525 49.199878,20.038579 49.199849,20.038674 49.199834,20.038695 49.199802,20.038612 49.19973,20.038719 49.199742,20.038746 49.199691,20.0388 49.199724,20.038902 49.199706,20.039112 49.199575,20.039154 49.19957,20.039306 49.199598,20.0394 49.199602,20.039497 49.199662,20.039598 49.199695,20.039732 49.199694,20.040006 49.1996,20.040069 49.199531,20.040107 49.19951,20.040158 49.199515,20.040211 49.199483,20.040275 49.199476,20.040401 49.199492,20.040436 49.199515,20.040558 49.199524,20.040653 49.199505,20.040708 49.199466,20.040741 49.199407,20.04079 49.199386,20.04086 49.19937,20.040909 49.199321,20.040914 49.19926,20.040923 49.199162,20.041038 49.199079,20.04116 49.199022,20.04129 49.198969,20.041421 49.198924,20.041423 49.198904,20.041253 49.19883,20.041197 49.198803,20.041289 49.198764,20.04138 49.198743,20.041561 49.198686,20.041666 49.198654,20.041727 49.198647,20.04158 49.19857,20.041397 49.198483,20.041474 49.198478,20.041588 49.198439,20.041827 49.198382,20.041825 49.198361,20.041756 49.198316,20.04169 49.198296,20.041631 49.198245,20.04167 49.19822,20.041731 49.198169,20.041809 49.198151,20.041912 49.198153),(20.041912 49.198153,20.042177 49.198102,20.042297 49.198048,20.04236 49.198002,20.042347 49.19798,20.042316 49.197971,20.04226 49.197957,20.042186 49.197926,20.042098 49.197902,20.042118 49.197889,20.042193 49.19787,20.042199 49.197857))"
Szpiglasowa Przełęcz - Pod Mnichem,#EAB308,standard,0,0,"MULTILINESTRING((20.042199 49.197857,20.042308 49.197877,20.042342 49.197874,20.04235 49.197854,20.042209 49.197774,20.042127 49.197709,20.041976 49.197623,20.041816 49.197481,20.042015 49.197537,20.042186 49.197554,20.04229 49.197607,20.042466 49.19767,20.04261 49.197697,20.042705 49.197685,20.042807 49.197651,20.042862 49.197643,20.043151 49.197692,20.043239 49.197697,20.043292 49.197681,20.043433 49.197817,20.043554 49.197848,20.043756 49.197922,20.043899 49.198001,20.043992 49.198009,20.044083 49.197996,20.044426 49.197902,20.0445 49.197889,20.044722 49.197959,20.044843 49.197976,20.04515 49.198037,20.045297 49.198056,20.045363 49.198045,20.045549 49.19806,20.045897 49.198061,20.045958 49.198057,20.046393 49.198076,20.046738 49.198076,20.046842 49.198092,20.046959 49.198102,20.04718 49.198139,20.047261 49.198132,20.047296 49.198125,20.046984 49.197915,20.046734 49.1978,20.046554 49.197688,20.046345 49.197559,20.046226 49.197477,20.046031 49.197406,20.045718 49.197358,20.045546 49.197303,20.045506 49.19725,20.045107 49.197103,20.044965 49.19699,20.044873 49.196936,20.044779 49.19685,20.044714 49.196743,20.044598 49.196543,20.044575 49.196434,20.044726 49.196338,20.044947 49.196225,20.045041 49.196234,20.045082 49.196301,20.045391 49.196557,20.045497 49.19668,20.045696 49.196756,20.045845 49.196779,20.046226 49.196803,20.046395 49.196796,20.046803 49.196771,20.047129 49.196787,20.047409 49.196826,20.047465 49.19681,20.047677 49.196923,20.047892 49.196991,20.047894 49.196956,20.047688 49.196801,20.047593 49.196714,20.047501 49.196604,20.047407 49.196511,20.047339 49.19646,20.0472 49.196384,20.047017 49.196331,20.046805 49.196271,20.046883 49.196256,20.047547 49.196278,20.047828 49.196304,20.048125 49.196365,20.048481 49.196474,20.048708 49.196649,20.048876 49.196814,20.049014 49.196862,20.049088 49.196944,20.049274 49.197013,20.049314 49.197051,20.049508 49.197104,20.049658 49.197172,20.049855 49.197223,20.050119 49.197278,20.05055 49.197451,20.050659 49.197501,20.050988 49.197518,20.051213 49.197552,20.051459 49.197656,20.051625 49.197666,20.05179 49.197714,20.051996 49.197811,20.05227 49.197836,20.052632 49.197912,20.052772 49.197917,20.053043 49.197871,20.053172 49.19785,20.053445 49.197867,20.053553 49.197904,20.05364 49.197945,20.053701 49.197981,20.053872 49.198084,20.054011 49.198142,20.054232 49.198192,20.054271 49.198208,20.054423 49.198301,20.054592 49.198358))"
Pod Mnichem - Odejście na Szpiglasową Przełęcz,#EAB308,standard,1403,1790,"MULTILINESTRING((20.054592 49.198358,20.054666 49.198411,20.054868 49.198557,20.055078 49.198739,20.055144 49.198832,20.055207 49.198934,20.055241 49.198973,20.055271 49.199036,20.05531 49.199083,20.055355 49.199114,20.055432 49.19914,20.05567 49.199229,20.055796 49.19928,20.055937 49.199315,20.056096 49.199339,20.056211 49.199361,20.056214 49.199354,20.056003 49.199202,20.055904 49.199129,20.055806 49.19898,20.055725 49.198858,20.055752 49.198837,20.055817 49.19886,20.055953 49.198918,20.05605 49.198947,20.05615 49.198972,20.056282 49.198994,20.056409 49.199011,20.056498 49.199036,20.056582 49.199061,20.056683 49.199092,20.056783 49.199119,20.056927 49.199144,20.056999 49.199164,20.057079 49.199193,20.057247 49.199268,20.057415 49.199336,20.057726 49.199435,20.057839 49.199474,20.0579 49.199486,20.058125 49.199484,20.058267 49.199478,20.058416 49.19951,20.058507 49.199523,20.058607 49.199528,20.058762 49.199511,20.058837 49.199509,20.058902 49.19951,20.059003 49.199511,20.059086 49.199522,20.059247 49.199566,20.059349 49.199599,20.059445 49.199627,20.059499 49.199642,20.059512 49.199636,20.059514 49.199625,20.059435 49.199511,20.059401 49.199454,20.059357 49.199399,20.059031 49.199196,20.058812 49.199058,20.058767 49.199005,20.058701 49.198912,20.058638 49.198825,20.058582 49.198714,20.058494 49.198524,20.058415 49.198305,20.058318 49.198169,20.058231 49.198057,20.058141 49.197969,20.058058 49.197883,20.057962 49.197798,20.057848 49.197683,20.057747 49.197564,20.057715 49.197528,20.057655 49.197447,20.057586 49.197363,20.057514 49.197254,20.057461 49.197194,20.057337 49.19697,20.057219 49.196777,20.057164 49.196687,20.05712 49.196619,20.05712 49.196605,20.057142 49.1966,20.057254 49.196637,20.057431 49.196709,20.057536 49.196751,20.057645 49.196782,20.057822 49.196813,20.057953 49.196838,20.058017 49.196852,20.058331 49.196909,20.058372 49.196913,20.058557 49.196914,20.05876 49.19691,20.059044 49.196891,20.059129 49.196883,20.059683 49.196807,20.059967 49.19675,20.060216 49.196713,20.060489 49.196708,20.060712 49.196702,20.061129 49.196683,20.061578 49.196691,20.061731 49.196693,20.061857 49.196688,20.062112 49.196691,20.062494 49.196722,20.062804 49.196763,20.062891 49.196785,20.063099 49.19686,20.063223 49.196908,20.063281 49.196977,20.063319 49.19706,20.063343 49.197142,20.063329 49.197266,20.063359 49.197336,20.063447 49.197436,20.063672 49.197522,20.063766 49.19758,20.063806 49.197675,20.063795 49.197734,20.063744 49.197863,20.063788 49.197964,20.063859 49.198046,20.064035 49.198118,20.064202 49.198224,20.064232 49.198264,20.064241 49.198302,20.06424 49.19849,20.06428 49.198621,20.06429 49.198681,20.06427 49.198727,20.064277 49.198755,20.064294 49.198774,20.064319 49.198779,20.06438 49.198774,20.064451 49.198758,20.064527 49.198737,20.064617 49.198721,20.064733 49.198704,20.064801 49.198702,20.064857 49.198731,20.064904 49.198765,20.065189 49.198986,20.065296 49.199044,20.065377 49.199269,20.065496 49.199306,20.065538 49.199363,20.06559 49.199419,20.065649 49.199434,20.065701 49.199484,20.065709 49.199543,20.06573 49.199583,20.065891 49.19969,20.065953 49.199756,20.066105 49.199838,20.066216 49.200036,20.066341 49.200101,20.06644 49.200165,20.066469 49.200249,20.066517 49.200316,20.066579 49.200337,20.066684 49.200332,20.066735 49.200377,20.066708 49.200446,20.06671 49.200509,20.066788 49.200631,20.066824 49.200667,20.066865 49.200686,20.066937 49.200699,20.066986 49.200736,20.067026 49.200825,20.067066 49.200843,20.067131 49.200867,20.067297 49.200905,20.067345 49.200923,20.067369 49.200953,20.067367 49.200989,20.067363 49.201111,20.067374 49.201131,20.06741 49.201153,20.067593 49.201234,20.067714 49.201257,20.067738 49.201307,20.067753 49.201367,20.067756 49.201423,20.06777 49.201507,20.067898 49.201568,20.067911 49.201566,20.068064 49.201541,20.06831 49.201512,20.068413 49.201563,20.068741 49.201689,20.068948 49.20178,20.069109 49.201881,20.069178 49.201968,20.069202 49.202076,20.069296 49.20207,20.069363 49.202018,20.069403 49.201938,20.069563 49.201791,20.069646 49.201738,20.069734 49.201694,20.069846 49.201651,20.069919 49.201642,20.070084 49.201644,20.070557 49.201689,20.070712 49.201711,20.070752 49.201748))"
Gronik - Rówienki,#EAB308,standard,0,0,"MULTILINESTRING((19.900575 49.266375,19.900762 49.266459,19.900824 49.266521,19.90089 49.266593,19.900972 49.266663),(19.900972 49.266663,19.900998 49.266699),(19.900998 49.266699,19.901017 49.266747,19.901027 49.266843,19.90113 49.267173,19.901154 49.267305,19.901083 49.267939,19.900999 49.268391,19.900921 49.268582,19.900901 49.26873,19.900918 49.269212,19.900797 49.269564,19.900659 49.269875,19.900547 49.270191,19.900534 49.270327,19.90062 49.27071,19.900773 49.270897,19.900792 49.270971,19.900757 49.271062,19.900675 49.271183,19.90054 49.271411,19.900521 49.271521,19.900521 49.271851,19.900602 49.272423,19.900803 49.273249,19.900992 49.273649,19.901051 49.273708,19.901317 49.273889,19.901527 49.274018,19.901636 49.27412,19.901747 49.274266,19.901779 49.274327,19.901811 49.274478),(19.901811 49.274478,19.901829 49.274534),(19.901829 49.274534,19.901847 49.274663,19.901896 49.274727,19.90211 49.274923,19.902776 49.275329,19.902975 49.275472,19.903098 49.275531,19.903324 49.275573,19.903701 49.275622,19.903958 49.275667,19.90403 49.275712,19.904087 49.275788,19.904106 49.275894,19.904178 49.275994,19.904456 49.27621,19.904537 49.276324,19.904602 49.276604),(19.904276 49.259859,19.904267 49.259897,19.904276 49.2599,19.904248 49.25994),(19.904248 49.25994,19.904135 49.260213,19.90402 49.26034,19.903832 49.260731,19.903762 49.260881,19.903409 49.261073,19.903354 49.261107,19.902892 49.261622,19.902754 49.261858,19.902764 49.261969,19.902855 49.262172,19.902835 49.262268),(19.902835 49.262268,19.902817 49.26235),(19.902817 49.26235,19.902774 49.262606,19.902754 49.262804,19.902728 49.262864,19.902484 49.263114,19.902201 49.263293,19.901885 49.263388,19.901587 49.263557,19.901388 49.263713,19.901202 49.263852,19.901114 49.263941,19.90096 49.264188,19.900942 49.264251,19.900897 49.264539,19.900847 49.264704,19.900848 49.264807,19.900832 49.264896,19.900847 49.265002,19.900841 49.265222,19.900844 49.265349,19.900844 49.265408,19.900858 49.265503,19.900795 49.265695,19.900777 49.265849,19.900765 49.265926,19.900677 49.26606,19.900608 49.266191,19.900599 49.266319,19.900575 49.266375))"
Jaszczurówka - Olczyska Polana,#16A34A,standard,893,1044,"MULTILINESTRING((19.998647 49.283864,19.998676 49.283807,19.998764 49.283639,19.998778 49.283553,19.998773 49.283448,19.998743 49.283401),(19.998743 49.283401,19.998652 49.283325),(19.998652 49.283325,19.998593 49.283276,19.998388 49.283102,19.998204 49.282927,19.998136 49.282846,19.997977 49.282506,19.997925 49.282337,19.997922 49.282262),(19.997922 49.282262,19.997925 49.282147),(19.997925 49.282147,19.997929 49.281926,19.997904 49.281762,19.997789 49.28145,19.997682 49.281284,19.99752 49.28108),(19.99752 49.28108,19.997436 49.281026),(19.997436 49.281026,19.997402 49.280985,19.997338 49.280808,19.99731 49.2807,19.997303 49.280471,19.997271 49.280248,19.997206 49.280045,19.99717 49.279882,19.99716 49.279694,19.997188 49.279428,19.997182 49.279167,19.997133 49.279054,19.997026 49.278863,19.996927 49.278686),(19.996927 49.278686,19.99691 49.278588),(19.99691 49.278588,19.996784 49.278265,19.996785 49.278173,19.996833 49.278001,19.9969 49.277811,19.996933 49.277584,19.996969 49.277467,19.99708 49.277309,19.997168 49.27712,19.997181 49.277041,19.997173 49.276984,19.997143 49.276918,19.996971 49.276642),(19.996971 49.276642,19.996912 49.276564),(19.996912 49.276564,19.996876 49.276493,19.996861 49.276462,19.99685 49.276368,19.996886 49.276272,19.997041 49.276109,19.997145 49.275988,19.997306 49.275802,19.997348 49.275704,19.997372 49.27555,19.997397 49.275471,19.997447 49.275315,19.997525 49.275158,19.997586 49.275082,19.997616 49.275061,19.99765 49.275036,19.997757 49.274965,19.997856 49.274879,19.997917 49.274835,19.998084 49.274742,19.998193 49.274672,19.998259 49.274611,19.99834 49.274519,19.998494 49.274415,19.99861 49.274369,19.998953 49.27426,19.999232 49.274151,19.999332 49.2741,19.999435 49.274012,19.999549 49.273879,19.999665 49.273787,20.000205 49.273491,20.000576 49.273243,20.000661 49.273184,20.000739 49.273146),(20.000739 49.273146,20.000777 49.273134),(20.000777 49.273134,20.000842 49.273125,20.000907 49.273132,20.000955 49.273153,20.000992 49.273182,20.001077 49.273389,20.001114 49.273443,20.001213 49.273509,20.001302 49.273537,20.001424 49.273557,20.001551 49.27356,20.001645 49.273555,20.001721 49.273557,20.001887 49.273575,20.001962 49.273571,20.002043 49.273552,20.00226 49.273445,20.002643 49.273238,20.002879 49.27304,20.003101 49.272912,20.003149 49.272873,20.003179 49.272828,20.003183 49.272787,20.003148 49.272602,20.003106 49.272509,20.003071 49.272455,20.003039 49.272379,20.003036 49.272277,20.003071 49.27197,20.003121 49.271801,20.003204 49.27156,20.00324 49.271403,20.003239 49.271315,20.003219 49.271231,20.003172 49.271159,20.003016 49.270969,20.002793 49.27075,20.002676 49.270661,20.002606 49.27059,20.002599 49.270562,20.002613 49.270529,20.002752 49.270383,20.00285 49.270243,20.002867 49.270176,20.002862 49.270116,20.002828 49.269975,20.002827 49.269889,20.002846 49.269833,20.002873 49.269794,20.002936 49.269749,20.003 49.269688,20.003042 49.269619,20.00305 49.269581,20.00304 49.269542,20.002991 49.269438,20.002929 49.269354,20.002879 49.2693,20.002803 49.269242,20.002768 49.269205))"
Rówienki - Kondracka Przełęcz,#EAB308,standard,0,0,"MULTILINESTRING((19.932341 49.246364,19.932283 49.246377,19.932249 49.246435,19.93219 49.246497,19.932171 49.24657,19.93215 49.246613,19.932116 49.246653,19.9321 49.246685,19.93208 49.246706,19.93204 49.246712,19.932015 49.2467,19.931995 49.246698,19.931953 49.246704,19.931934 49.246701,19.931911 49.246688,19.931866 49.246701,19.931829 49.246721,19.9318 49.246741,19.931778 49.246774,19.931763 49.246818,19.931763 49.246865,19.931761 49.246889,19.931741 49.246913,19.931723 49.246933,19.931685 49.246956,19.931647 49.246984,19.931627 49.246998,19.931617 49.247018,19.931611 49.247039,19.931592 49.247058,19.931569 49.247081,19.931534 49.2471,19.931502 49.247117,19.931496 49.24713,19.931507 49.247141,19.931523 49.247168,19.931523 49.247201,19.931512 49.247219,19.931497 49.247242,19.931477 49.247267,19.931447 49.247291,19.931419 49.247306,19.931394 49.24733,19.931364 49.247353,19.931317 49.247366,19.931263 49.247348,19.931244 49.247349,19.931214 49.247345,19.931172 49.247336,19.93114 49.247341,19.93112 49.247338,19.931096 49.247322,19.931078 49.247321,19.931043 49.247326,19.931038 49.247338,19.931018 49.247347,19.930965 49.247337,19.930938 49.247337,19.930927 49.24735,19.930899 49.247363,19.930854 49.247365,19.930826 49.247361,19.930796 49.247348,19.930767 49.247353,19.930731 49.247355,19.930702 49.247335,19.930681 49.247313,19.930662 49.247298,19.930636 49.247285,19.930596 49.247268,19.930593 49.247245,19.930622 49.247203,19.930641 49.247167,19.93067 49.247138,19.930679 49.247114,19.930687 49.247093,19.930682 49.247056,19.930647 49.247034,19.930608 49.247014,19.930577 49.246999,19.93054 49.246975,19.93051 49.246969,19.930479 49.246974,19.930439 49.246966,19.930396 49.246958,19.930365 49.24695,19.930347 49.246941,19.930313 49.246941,19.930277 49.246951,19.930236 49.246965,19.930173 49.246978,19.930117 49.246979,19.930056 49.24698,19.93001 49.246981,19.929964 49.246967,19.929928 49.24694,19.929915 49.246912,19.929932 49.246878,19.929956 49.246847,19.929963 49.246816,19.92998 49.246783,19.929998 49.246732,19.930008 49.246697,19.930002 49.246665,19.929977 49.246641,19.929947 49.246611,19.929928 49.246593,19.929923 49.24661,19.929877 49.24662,19.929831 49.24667,19.929807 49.246661,19.929803 49.246632,19.9298 49.246616,19.929769 49.2466,19.929746 49.246598,19.9297 49.246599,19.929671 49.246609,19.929631 49.246613,19.929599 49.246633,19.929558 49.246639,19.92954 49.246638,19.929498 49.246631,19.929466 49.246631,19.929426 49.246651,19.929406 49.246665,19.929372 49.24666,19.929317 49.246671,19.929281 49.246673,19.929241 49.246654,19.929203 49.246646,19.929166 49.246655,19.929075 49.246666,19.92903 49.246666,19.928969 49.24666,19.928907 49.246653,19.928868 49.246644,19.928835 49.246649,19.928807 49.246658,19.928749 49.246682,19.928686 49.246692,19.928639 49.246692,19.928615 49.246683,19.928589 49.24666,19.928569 49.246653,19.928554 49.246659,19.928521 49.24667,19.928483 49.246671,19.928446 49.246671,19.928457 49.246694,19.928462 49.246719,19.928468 49.246752,19.928462 49.246761,19.928451 49.246791,19.9284 49.246837,19.928389 49.246851,19.928349 49.246882,19.928284 49.246916,19.928232 49.24693,19.928141 49.246948,19.928118 49.246959,19.928093 49.246998,19.928038 49.247049,19.928006 49.247101,19.927982 49.247144,19.927964 49.247169,19.927961 49.247197,19.927973 49.247243,19.927962 49.2473,19.927952 49.247359,19.927951 49.247412,19.927926 49.247521,19.927856 49.247593,19.927785 49.247652,19.927743 49.247644,19.927705 49.247666,19.927696 49.247704,19.927634 49.247683,19.927604 49.24765,19.927418 49.247593,19.927322 49.247543,19.927105 49.24749,19.926828 49.247415,19.926592 49.247413,19.926492 49.247403,19.92643 49.247373,19.926391 49.247363,19.926272 49.247315,19.926201 49.247306,19.926166 49.247316,19.926071 49.247288,19.926033 49.247244,19.926038 49.247214,19.925997 49.247185,19.925873 49.247137,19.925754 49.247106,19.925663 49.247042,19.925581 49.247036,19.925466 49.247002,19.925428 49.246973,19.925435 49.246937,19.925476 49.246885,19.925468 49.246862,19.925412 49.246826,19.925279 49.246831,19.925236 49.246848,19.925125 49.246854,19.925074 49.246856,19.924993 49.246876,19.92493 49.246888,19.924875 49.246946,19.92481 49.246982,19.924695 49.247036,19.924381 49.247278,19.924301 49.247383,19.92425 49.247423,19.924139 49.247452,19.924045 49.247465,19.923891 49.247535,19.923784 49.247543,19.923655 49.247587,19.923592 49.24764,19.923532 49.247653,19.923492 49.247696,19.923391 49.247731,19.923277 49.247783,19.923154 49.247931,19.923113 49.248018,19.923081 49.248055,19.922998 49.248077,19.922955 49.248073,19.92292 49.248101,19.922884 49.248216,19.922937 49.248312,19.922929 49.24843,19.922977 49.248541,19.923014 49.248536,19.923061 49.248541,19.923124 49.248529,19.923196 49.24857,19.923194 49.248617,19.923171 49.248667,19.923097 49.248746,19.922944 49.24881,19.922923 49.248833,19.922861 49.248858,19.922806 49.248921,19.922749 49.248934,19.922708 49.248906,19.922687 49.248837,19.92268 49.248807,19.922639 49.248789,19.922555 49.248788,19.922346 49.248795,19.922144 49.248788,19.921991 49.248833,19.921916 49.248884,19.921853 49.249018,19.921379 49.249315,19.921073 49.249568,19.920891 49.249611,19.920737 49.2497,19.920648 49.249731,19.920395 49.249764,19.920344 49.249806,19.920187 49.24986,19.920092 49.249968,19.919876 49.250053,19.919805 49.250103,19.919738 49.250192,19.919303 49.250664,19.918957 49.250856,19.918816 49.250901,19.918744 49.250935,19.918602 49.251124,19.918501 49.251205,19.918362 49.25128,19.918181 49.251404,19.918024 49.251503,19.917866 49.25162,19.917588 49.251758,19.917485 49.251791,19.917341 49.251877,19.91731 49.251918,19.917302 49.25195,19.917312 49.25212,19.917255 49.252195,19.917156 49.25225,19.916861 49.252323,19.916388 49.252431,19.916146 49.25247,19.91607 49.252507,19.915823 49.252719,19.915641 49.252784,19.915568 49.25287,19.91556 49.253013,19.915464 49.253111,19.915072 49.253412,19.914935 49.253463,19.914684 49.253642,19.914367 49.253831,19.913878 49.254028,19.913439 49.254186,19.913308 49.254216,19.913046 49.254223,19.912914 49.254251,19.912626 49.254416,19.912347 49.254594,19.912185 49.254646,19.911943 49.254673,19.911811 49.254694,19.911405 49.254765,19.911011 49.254899,19.91067 49.255002,19.910185 49.255279,19.909909 49.255487,19.9093 49.255809,19.908696 49.256196,19.908254 49.256565,19.907927 49.256875,19.907632 49.257064,19.90746 49.25715,19.907312 49.257276,19.907177 49.257455,19.906999 49.257744,19.906889 49.257849,19.906824 49.257932,19.906606 49.258179,19.906425 49.258397,19.90627 49.258542,19.906097 49.258694,19.905821 49.258813,19.905628 49.258872,19.905416 49.258956,19.905172 49.2591,19.905043 49.259203,19.904866 49.259298,19.904729 49.259398,19.904511 49.259578,19.90444 49.259689,19.904385 49.259741,19.904276 49.259859))"
Kondracka Przełęcz - Kondracka Kopa,#EAB308,standard,1719,1989,"MULTILINESTRING((19.932217 49.236504,19.932238 49.236553,19.932327 49.236687,19.932333 49.236807,19.93232 49.236835,19.932266 49.236885,19.932257 49.236925,19.932325 49.237028,19.932381 49.2371,19.932564 49.237446,19.932703 49.237597,19.932807 49.237586,19.93285 49.237608,19.932851 49.2377,19.933006 49.237679,19.933078 49.237727,19.933284 49.23776,19.933306 49.237828,19.933387 49.237857,19.933383 49.237997,19.933511 49.238042,19.933501 49.238117,19.933631 49.238177,19.933622 49.238226,19.933697 49.238286,19.933681 49.238321,19.933863 49.23849,19.933884 49.23851,19.93388 49.238636,19.933845 49.238681,19.933898 49.238745,19.933944 49.238862,19.934146 49.239029,19.934161 49.2391,19.934242 49.2392,19.934202 49.239263,19.934258 49.239342,19.934255 49.23942,19.934295 49.239442,19.934236 49.239705,19.93418 49.239769,19.934163 49.239802,19.934152 49.239885,19.934185 49.239956,19.934153 49.240038,19.934221 49.240435,19.934227 49.240683,19.934181 49.240834,19.934199 49.240904,19.934143 49.241309,19.934211 49.241545,19.934171 49.241631,19.934011 49.2418,19.933945 49.241855,19.933716 49.241904,19.933695 49.241925,19.933682 49.242122,19.933558 49.242254,19.933467 49.24231,19.933396 49.242322,19.93318 49.242396,19.933162 49.242424,19.933124 49.242449,19.932926 49.242699,19.932888 49.242728,19.932856 49.242939,19.932802 49.243088,19.932734 49.243254,19.932681 49.243313,19.932639 49.243361,19.932612 49.243515,19.932473 49.243681,19.932352 49.243862,19.932166 49.244098,19.932084 49.244206,19.932037 49.244324,19.93205 49.244392,19.932121 49.24442,19.932113 49.244444,19.932068 49.244466,19.931958 49.244492,19.931946 49.244519,19.931978 49.244572,19.931991 49.244661,19.931932 49.244709,19.931954 49.244749,19.932029 49.244802,19.932028 49.244837,19.932026 49.244882,19.932056 49.244901,19.932153 49.244942,19.932014 49.245047,19.932155 49.245275,19.932237 49.245292,19.932288 49.245311,19.932315 49.245418,19.932304 49.245525,19.932312 49.245574,19.932289 49.245689,19.932317 49.245745,19.932289 49.245799,19.932292 49.245868,19.932277 49.245919,19.932281 49.245982,19.932317 49.24603,19.932319 49.246081,19.932351 49.246159,19.932349 49.246182,19.932318 49.246206,19.932311 49.246288,19.932341 49.246364))"
Olczyska Polana - Polana Kopieniec,#16A34A,standard,1044,1253,"MULTILINESTRING((20.002768 49.269205,20.00274 49.269154,20.002735 49.269112),(20.002735 49.269112,20.002766 49.269044),(20.002766 49.269044,20.00282 49.26888,20.002952 49.268626,20.003023 49.268392,20.003222 49.268164,20.003441 49.268036),(20.003441 49.268036,20.003595 49.267944,20.003727 49.26789,20.003815 49.267865,20.00393 49.267855,20.004232 49.267882,20.004497 49.267903,20.004507 49.267904,20.004835 49.267939,20.005187 49.267934,20.005318 49.267949,20.00553 49.267969,20.00574 49.26796,20.00604 49.267953,20.006179 49.267947,20.006319 49.267922,20.006643 49.267846,20.006924 49.267817,20.007048 49.267819,20.007168 49.267831,20.007359 49.267857,20.007563 49.267868,20.007707 49.267885,20.008289 49.268001,20.008447 49.268033,20.008673 49.268073,20.008857 49.268094,20.009226 49.268096,20.009497 49.26808,20.009947 49.268019,20.010363 49.268049,20.010653 49.26804),(20.010653 49.26804,20.011436 49.268099,20.01174 49.268124,20.011887 49.268126,20.011983 49.268141,20.012049 49.268167,20.01219 49.268233,20.012434 49.268354,20.012806 49.268558,20.012871 49.268578,20.012938 49.268581,20.013093 49.268548,20.01347 49.268464,20.013563 49.268459,20.013801 49.268471,20.014064 49.268496,20.014316 49.268519,20.01439 49.268518,20.014548 49.268483,20.014682 49.268452,20.014762 49.268413,20.014913 49.268288,20.0152 49.268026,20.015337 49.267976,20.015462 49.267966,20.015639 49.267966,20.01584 49.267966,20.01611 49.267947,20.016387 49.267967,20.016553 49.268008,20.016717 49.268023,20.016815 49.26807,20.016939 49.268302,20.017023 49.268633,20.017041 49.268748,20.017002 49.268848,20.017005 49.268995,20.017088 49.269107,20.017198 49.26918,20.017361 49.269268,20.017573 49.269348,20.017602 49.269371,20.017647 49.26943,20.017714 49.269458,20.017761 49.269492,20.017796 49.269531,20.017818 49.269598,20.017871 49.269688,20.017926 49.269717,20.018054 49.269749),(20.018054 49.269749,20.018143 49.269807,20.018268 49.269916,20.018397 49.270137,20.018797 49.270384,20.018849 49.270432,20.018955 49.270572,20.019112 49.27072,20.019254 49.270943,20.019392 49.271076,20.019442 49.271153,20.019474 49.271186,20.019506 49.271221,20.019574 49.271351,20.019644 49.271447,20.019745 49.271924,20.019793 49.272015,20.019811 49.272378,20.01978 49.272812,20.019702 49.273217,20.01964 49.273683,20.019639 49.273718,20.01965 49.27375,20.019718 49.273905,20.019777 49.274139),(20.002768 49.269205,20.00274 49.269154,20.002735 49.269112),(20.002735 49.269112,20.002766 49.269044),(20.002766 49.269044,20.00282 49.26888,20.002952 49.268626,20.003023 49.268392,20.003222 49.268164,20.003441 49.268036),(20.010653 49.26804,20.011436 49.268099,20.01174 49.268124,20.011887 49.268126,20.011983 49.268141,20.012049 49.268167,20.01219 49.268233,20.012434 49.268354,20.012806 49.268558,20.012871 49.268578,20.012938 49.268581,20.013093 49.268548,20.01347 49.268464,20.013563 49.268459,20.013801 49.268471,20.014064 49.268496,20.014316 49.268519,20.01439 49.268518,20.014548 49.268483,20.014682 49.268452,20.014762 49.268413,20.014913 49.268288,20.0152 49.268026,20.015337 49.267976,20.015462 49.267966,20.015639 49.267966,20.01584 49.267966,20.01611 49.267947,20.016387 49.267967,20.016553 49.268008,20.016717 49.268023,20.016815 49.26807,20.016939 49.268302,20.017023 49.268633,20.017041 49.268748,20.017002 49.268848,20.017005 49.268995,20.017088 49.269107,20.017198 49.26918,20.017361 49.269268,20.017573 49.269348,20.017602 49.269371,20.017647 49.26943,20.017714 49.269458,20.017761 49.269492,20.017796 49.269531,20.017818 49.269598,20.017871 49.269688,20.017926 49.269717,20.018054 49.269749))"
Polana Kopieniec - Wielki Kopieniec,#16A34A,standard,1244,1295,"MULTILINESTRING((20.017871 49.269688,20.017757 49.269783,20.01769 49.269838),(20.01769 49.269838,20.017385 49.270179,20.017343 49.270274,20.017281 49.270408,20.017253 49.270468,20.017198 49.270536,20.017084 49.270614,20.016907 49.270698,20.016887 49.270713,20.016971 49.270763,20.016978 49.270799,20.016914 49.270846,20.016919 49.270882,20.016804 49.270918,20.016837 49.270979,20.016706 49.271043,20.016704 49.271096,20.016622 49.271128,20.016619 49.271205,20.016555 49.271264,20.016538 49.271322,20.016432 49.271405,20.016436 49.27146,20.016418 49.271487,20.016419 49.271529,20.01641 49.271561,20.016369 49.271595,20.016349 49.271644),(20.016349 49.271644,20.016299 49.271693),(20.017871 49.269688,20.017757 49.269783,20.01769 49.269838),(20.016349 49.271644,20.016299 49.271693))"
Wielki Kopieniec - Polana Kopieniec,#16A34A,standard,0,0,"MULTILINESTRING((20.016299 49.271693,20.016385 49.271712,20.01641 49.271755,20.016434 49.271793,20.0165 49.271842,20.016529 49.271928,20.01662 49.27204,20.016616 49.272129,20.016655 49.272216,20.016834 49.272525,20.017012 49.272903,20.017178 49.273205,20.017241 49.273257,20.01729 49.273351,20.017329 49.273383,20.017358 49.273501,20.017363 49.273558,20.017443 49.27362,20.017463 49.273681,20.017463 49.27372,20.017492 49.273762,20.017546 49.273788,20.017601 49.273815,20.017744 49.273956,20.017798 49.274056,20.0179 49.274073,20.017941 49.274092,20.017996 49.274161,20.018061 49.27425,20.018249 49.274422,20.018329 49.27445,20.018423 49.274467,20.018469 49.274454,20.01858 49.27439,20.018683 49.274271,20.018761 49.274242,20.018852 49.274094,20.018955 49.273891,20.019084 49.273849,20.019184 49.273835,20.019429 49.274,20.019539 49.274039,20.019571 49.27408,20.019667 49.274118,20.019777 49.274139))"
Polana Kopieniec - Toporowa Cyrhla,#16A34A,standard,970,1225,"MULTILINESTRING((20.019777 49.274139,20.01981 49.274292,20.01982 49.274383,20.019885 49.274695,20.019854 49.274968,20.019873 49.275236,20.019911 49.275389,20.019989 49.275574,20.020067 49.27578,20.020175 49.276,20.020261 49.27641,20.020307 49.276537,20.020328 49.276567,20.020361 49.27659,20.020456 49.276602,20.020566 49.276679,20.020633 49.276791,20.020628 49.276893,20.02066 49.27701,20.020641 49.277125,20.020634 49.277182,20.020635 49.277278,20.020627 49.277353,20.020598 49.277433,20.020572 49.277603,20.020578 49.277704,20.020553 49.277812,20.020491 49.277999,20.020397 49.278239,20.020354 49.278286,20.020264 49.278351),(20.020327 49.278489,20.020298 49.278527,20.020197 49.278594,20.020108 49.278669,20.020044 49.278722,20.020028 49.278756,20.020024 49.278769,20.019987 49.278792),(20.020306 49.278448,20.020327 49.278489),(20.020274 49.278381,20.020306 49.278448),(20.020264 49.278351,20.020274 49.278381),(20.019987 49.278792,20.019977 49.278861,20.019971 49.278919,20.019958 49.278969,20.019906 49.279029,20.019759 49.279187,20.01962 49.279426,20.019541 49.2795,20.019481 49.279591,20.019461 49.279717,20.019451 49.279816,20.019376 49.279908,20.019263 49.279995,20.019105 49.28007,20.01908 49.280117,20.019064 49.280193,20.019069 49.280271,20.019043 49.280364,20.019022 49.280458,20.018976 49.280503,20.018927 49.280537,20.018876 49.280686,20.018766 49.280823,20.018662 49.280934,20.018585 49.280968,20.018489 49.281056,20.018473 49.281098,20.018452 49.281147,20.018414 49.281186,20.01838 49.28131,20.018305 49.281374,20.018285 49.281409,20.018209 49.281448),(20.018209 49.281448,20.018033 49.281527,20.017899 49.281557,20.017654 49.281674,20.017508 49.28181,20.017338 49.281889,20.017089 49.282041,20.016793 49.282189,20.016561 49.282382,20.016379 49.282506,20.016207 49.28267,20.016071 49.28288),(20.016071 49.28288,20.01604 49.282935,20.015987 49.283048,20.015953 49.283171,20.015941 49.28332,20.015872 49.283423,20.015843 49.2835,20.015765 49.283651,20.015538 49.283913,20.015468 49.284046,20.015419 49.284204,20.015426 49.284275,20.015484 49.284331),(20.015484 49.284331,20.015724 49.284387,20.0158 49.284426),(20.0158 49.284426,20.015801 49.284456,20.015753 49.284497,20.015676 49.284556,20.015603 49.284637,20.015462 49.284752),(20.015462 49.284752,20.015432 49.284793,20.01521 49.285027,20.015142 49.285083),(20.015142 49.285083,20.014823 49.285391,20.014716 49.285457,20.01468 49.28551,20.014654 49.285572),(20.014654 49.285572,20.014446 49.28559,20.014211 49.285624,20.014078 49.285644,20.013957 49.285658,20.013908 49.285695),(20.013908 49.285695,20.013855 49.285782,20.013745 49.286024,20.01352 49.286248,20.013452 49.286289,20.013351 49.286355,20.013234 49.286465,20.012817 49.286811),(20.012817 49.286811,20.01261 49.28699,20.012589 49.287016,20.012574 49.287277,20.012572 49.287311,20.012576 49.287443,20.012506 49.287548,20.012365 49.287618,20.012265 49.287638,20.012228 49.287643,20.012191 49.287646,20.012156 49.287642,20.012121 49.287636,20.01208 49.287626,20.011991 49.287595,20.011898 49.28756,20.011856 49.287548,20.011817 49.28754,20.011764 49.287537,20.011722 49.287539,20.011681 49.287555))"
Toporowa Cyrhla - Hala Kopieniec,#DC2626,standard,0,0,"MULTILINESTRING((20.012817 49.286811,20.01261 49.28699,20.012589 49.287016,20.012574 49.287277,20.012572 49.287311,20.012576 49.287443,20.012506 49.287548,20.012365 49.287618,20.012265 49.287638,20.012228 49.287643,20.012191 49.287646,20.012156 49.287642,20.012121 49.287636,20.01208 49.287626,20.011991 49.287595,20.011898 49.28756,20.011856 49.287548,20.011817 49.28754,20.011764 49.287537,20.011722 49.287539,20.011681 49.287555),(20.013908 49.285695,20.013855 49.285782,20.013745 49.286024,20.01352 49.286248,20.013452 49.286289,20.013351 49.286355,20.013234 49.286465,20.012817 49.286811),(20.014654 49.285572,20.014446 49.28559,20.014211 49.285624,20.014078 49.285644,20.013957 49.285658,20.013908 49.285695),(20.015142 49.285083,20.014823 49.285391,20.014716 49.285457,20.01468 49.28551,20.014654 49.285572),(20.015462 49.284752,20.015432 49.284793,20.01521 49.285027,20.015142 49.285083),(20.0158 49.284426,20.015801 49.284456,20.015753 49.284497,20.015676 49.284556,20.015603 49.284637,20.015462 49.284752),(20.015484 49.284331,20.015724 49.284387,20.0158 49.284426),(20.016071 49.28288,20.01604 49.282935,20.015987 49.283048,20.015953 49.283171,20.015941 49.28332,20.015872 49.283423,20.015843 49.2835,20.015765 49.283651,20.015538 49.283913,20.015468 49.284046,20.015419 49.284204,20.015426 49.284275,20.015484 49.284331),(20.018209 49.281448,20.018033 49.281527,20.017899 49.281557,20.017654 49.281674,20.017508 49.28181,20.017338 49.281889,20.017089 49.282041,20.016793 49.282189,20.016561 49.282382,20.016379 49.282506,20.016207 49.28267,20.016071 49.28288),(20.019987 49.278792,20.019977 49.278861,20.019971 49.278919,20.019958 49.278969,20.019906 49.279029,20.019759 49.279187,20.01962 49.279426,20.019541 49.2795,20.019481 49.279591,20.019461 49.279717,20.019451 49.279816,20.019376 49.279908,20.019263 49.279995,20.019105 49.28007,20.01908 49.280117,20.019064 49.280193,20.019069 49.280271,20.019043 49.280364,20.019022 49.280458,20.018976 49.280503,20.018927 49.280537,20.018876 49.280686,20.018766 49.280823,20.018662 49.280934,20.018585 49.280968,20.018489 49.281056,20.018473 49.281098,20.018452 49.281147,20.018414 49.281186,20.01838 49.28131,20.018305 49.281374,20.018285 49.281409,20.018209 49.281448))"
Psia Trawka - Rówień Waksmundzka,#DC2626,standard,1194,1423,"MULTILINESTRING((20.065567 49.255351,20.065307 49.255573,20.065156 49.25575,20.065065 49.255817,20.064499 49.256113,20.06423 49.256226,20.064053 49.256268,20.063948 49.256325,20.063814 49.256395,20.063639 49.256526,20.063508 49.256651,20.063427 49.25686,20.063205 49.257157,20.063039 49.257283,20.06283 49.257449,20.061925 49.257978,20.061364 49.258316,20.061086 49.258482,20.060654 49.258692,20.060448 49.258734,20.060379 49.258772,20.060127 49.258952,20.059194 49.259682,20.058731 49.259977,20.058567 49.26011,20.057977 49.260681,20.057741 49.260855,20.056821 49.261398,20.056532 49.261558,20.056248 49.26175,20.056156 49.261889,20.056159 49.262046,20.056075 49.262277,20.056006 49.262435,20.055958 49.262667,20.055939 49.262874,20.055865 49.263116,20.055848 49.263222,20.055976 49.263663,20.056011 49.263879,20.055974 49.264043,20.055856 49.264248,20.055314 49.264864,20.055251 49.264962,20.055132 49.265233,20.055094 49.265374,20.055082 49.265579,20.055035 49.265837,20.054979 49.265945,20.054863 49.266028,20.054582 49.266107,20.054185 49.266201,20.054043 49.266285,20.053807 49.266438,20.053592 49.266592,20.053292 49.266718,20.05317 49.266739,20.053073 49.266717,20.052953 49.266655,20.052645 49.266438,20.052571 49.266295,20.052429 49.266052,20.052283 49.265928,20.052087 49.265811,20.051857 49.26572,20.051628 49.26571,20.051493 49.265739,20.051422 49.265783,20.051303 49.2659,20.050691 49.266266,20.050522 49.266331,20.049909 49.266516,20.049708 49.26662,20.049263 49.266936,20.049005 49.267085,20.048846 49.267134),(20.048846 49.267134,20.04868 49.267179),(20.04868 49.267179,20.04851 49.26723,20.048286 49.267317,20.04811 49.267348,20.047838 49.267343,20.047693 49.267344,20.047652 49.267365),(20.047652 49.267365,20.047503 49.267353),(20.047503 49.267353,20.0474 49.267335,20.046999 49.26729,20.046756 49.267275,20.046444 49.267243,20.046277 49.267268,20.04607 49.267341,20.045996 49.267401,20.045863 49.267486,20.045745 49.267609,20.045612 49.268159,20.045551 49.268281,20.045534 49.26836,20.045537 49.268674,20.045591 49.268867,20.045604 49.269033,20.045555 49.269132,20.045479 49.269195,20.045017 49.269534,20.044776 49.269657,20.044458 49.269833,20.044255 49.269958,20.044091 49.269998,20.043652 49.270074,20.043333 49.270091,20.042847 49.270053,20.042486 49.269977,20.042269 49.269875,20.041927 49.26967,20.041758 49.269604,20.041562 49.269593,20.041428 49.269628,20.041313 49.269697,20.041153 49.269785,20.04105 49.269822,20.040811 49.269882,20.040524 49.269872,20.040471 49.269855,20.040304 49.269802,20.039929 49.269608,20.039549 49.269361,20.039382 49.269266,20.039167 49.269187,20.038941 49.269147,20.03875 49.269138,20.038398 49.269177,20.037915 49.269357,20.037555 49.26945,20.037365 49.269521,20.037151 49.269571,20.036811 49.269683,20.036648 49.269754,20.036569 49.269762))"
Hala Kopieniec - Psia Trawka,#DC2626,standard,0,0,"MULTILINESTRING((20.020327 49.278489,20.020298 49.278527,20.020197 49.278594,20.020108 49.278669,20.020044 49.278722,20.020028 49.278756,20.020024 49.278769,20.019987 49.278792),(20.032731 49.274535,20.032558 49.274703,20.032526 49.274824,20.032593 49.275041,20.032592 49.275153,20.032557 49.275207,20.032518 49.275241,20.032317 49.275337,20.032204 49.275346,20.032051 49.2754,20.031912 49.275521,20.03178 49.275592,20.031606 49.275619,20.03127 49.27572,20.031132 49.275765,20.031064 49.275822,20.031029 49.275888,20.030927 49.275934,20.030718 49.275939,20.030611 49.275958,20.030477 49.275998,20.030306 49.276105,20.03012 49.276251,20.030003 49.276354,20.029905 49.276519,20.029833 49.27661,20.029768 49.276787,20.029699 49.276884,20.029452 49.277106,20.029391 49.277198,20.029337 49.277241,20.029055 49.277411,20.028701 49.277573,20.028667 49.277604,20.028639 49.277617,20.028572 49.277706,20.028531 49.277892,20.028354 49.27812,20.028201 49.278218,20.027974 49.278377,20.027703 49.278496,20.027509 49.278598,20.027228 49.278656,20.026931 49.278681,20.026802 49.278674,20.026625 49.278609,20.026483 49.278593,20.026386 49.278595,20.02631 49.278587,20.02625 49.278567,20.02589 49.278385,20.025789 49.278306,20.025696 49.278187,20.025617 49.278165,20.02552 49.278161,20.025437 49.278183,20.025279 49.278249,20.025174 49.278274,20.025095 49.278289,20.025005 49.278318,20.024906 49.278289,20.024856 49.278283,20.024793 49.278289,20.024676 49.27828,20.02456 49.278259,20.024341 49.27821,20.024147 49.278133,20.024005 49.278103,20.023911 49.278112,20.023861 49.278085,20.023692 49.27807,20.023657 49.278059,20.023561 49.278061,20.023502 49.27805,20.0234 49.278054,20.023318 49.278028,20.02315 49.278047,20.023054 49.27805,20.022841 49.278005,20.022795 49.277982,20.022604 49.277932,20.022486 49.277862,20.02225 49.277822,20.022193 49.277826,20.022072 49.277856,20.021849 49.277949,20.021713 49.278002,20.021427 49.278052,20.02138 49.278076,20.021147 49.278281,20.021047 49.278327,20.020884 49.278382,20.020794 49.278425,20.020693 49.27844,20.020601 49.278441,20.020495 49.278446,20.020428 49.278454,20.020327 49.278489),(20.032731 49.274535,20.032779 49.274521,20.032897 49.27451,20.03296 49.274519,20.033108 49.27452,20.033379 49.274525,20.03358 49.274538,20.033749 49.274521,20.033946 49.274486,20.034102 49.27443,20.034259 49.274375,20.034461 49.274365),(20.034491 49.274175,20.034461 49.274365),(20.035815 49.272146,20.035669 49.272243,20.03557 49.272341,20.035531 49.272399,20.035481 49.272472,20.035252 49.272784,20.034976 49.273122,20.03483 49.273372,20.034713 49.273641,20.034606 49.273812,20.034515 49.274005,20.034491 49.274175),(20.036021 49.271995,20.035815 49.272146),(20.036569 49.269762,20.03632 49.270071,20.036272 49.270176,20.03622 49.270485,20.03617 49.270688,20.036117 49.270859,20.036109 49.270962,20.036127 49.27142,20.036127 49.271429,20.036105 49.271716,20.036092 49.271891,20.036052 49.271955,20.036021 49.271995))"
Rówień Waksmundzka - Polana Pod Wołoszynem,#DC2626,standard,0,0,"MULTILINESTRING((20.067196 49.255372,20.067083 49.255322,20.066998 49.255315,20.066673 49.255364,20.06652 49.25536,20.066311 49.255336,20.066197 49.255336,20.066 49.255355,20.065793 49.255356,20.065567 49.255351),(20.077085 49.253074,20.076793 49.253214,20.076659 49.253403,20.076517 49.25353,20.076375 49.253633,20.076085 49.253792,20.07538 49.25402,20.074688 49.254253,20.074307 49.254426,20.074087 49.254559,20.073752 49.254792,20.073435 49.254935,20.072979 49.255223,20.072689 49.255312,20.072088 49.255487,20.07196 49.255497,20.071654 49.255543,20.071488 49.255538,20.07128 49.255484,20.070916 49.255338,20.070589 49.255154,20.070342 49.255112,20.069996 49.255084,20.069734 49.255117,20.069546 49.255123,20.069232 49.255107,20.069007 49.255144,20.068645 49.255226,20.068213 49.255291,20.0678 49.25528,20.067687 49.255305,20.067558 49.255321,20.0674 49.255333,20.067294 49.255346,20.067196 49.255372),(20.077963 49.25236,20.077914 49.252413,20.077946 49.252472,20.07804 49.252565,20.078054 49.252617,20.078028 49.252711,20.078019 49.252766,20.077955 49.252831,20.077788 49.252882,20.077641 49.25291,20.077496 49.252969,20.077313 49.252992,20.077085 49.253074),(20.078 49.252311,20.077963 49.25236),(20.077925 49.251976,20.077989 49.252129,20.078019 49.25226,20.078 49.252311),(20.078033 49.251916,20.077925 49.251976),(20.07822 49.251833,20.078033 49.251916),(20.078429 49.251723,20.07822 49.251833),(20.086045 49.246952,20.085945 49.246991,20.085781 49.247117,20.08566 49.247202,20.085493 49.24727,20.085434 49.24734,20.085417 49.247388,20.085144 49.247667,20.084711 49.247959,20.084327 49.24827,20.084261 49.248327,20.084148 49.248548,20.083955 49.248795,20.083823 49.249058,20.083807 49.249144,20.083719 49.249371,20.083606 49.249473,20.083568 49.249631,20.083574 49.249713,20.083601 49.249785,20.083598 49.249916,20.083547 49.250062,20.08343 49.250192,20.083362 49.250283,20.083297 49.250283,20.083201 49.250346,20.083089 49.250387,20.082816 49.250393,20.082741 49.25042,20.082698 49.250453,20.08246 49.250569,20.082345 49.250605,20.082211 49.250623,20.081995 49.25062,20.081928 49.250662,20.081848 49.250698,20.081795 49.250704,20.081764 49.250725,20.081743 49.25079,20.081695 49.250827,20.081534 49.250847,20.08143 49.250874,20.081304 49.250948,20.08124 49.250973,20.081144 49.250977,20.081048 49.250954,20.080872 49.250905,20.080765 49.2509,20.080599 49.2509,20.080423 49.250905,20.080331 49.250961,20.080183 49.251043,20.080079 49.25118,20.080002 49.251221,20.07998 49.251261,20.079851 49.251292,20.079566 49.251341,20.079239 49.251443,20.079027 49.251474,20.078727 49.251525,20.078537 49.25163,20.078429 49.251723))"
Polana Pod Wołoszynem - Droga Oswalda Balzera,#DC2626,standard,1075,1257,"MULTILINESTRING((20.092022 49.238054,20.091887 49.238085,20.091766 49.238129,20.091644 49.238204,20.091532 49.238301,20.091373 49.238458,20.091288 49.238516,20.090973 49.238629,20.090915 49.23865,20.090888 49.238687,20.090897 49.238768,20.09083 49.23898,20.090553 49.23956,20.090553 49.239723,20.090567 49.239765,20.090642 49.239853,20.090654 49.240094,20.090664 49.240162,20.090696 49.240262,20.090725 49.240354,20.090729 49.240391,20.0907 49.240436,20.090687 49.240462,20.090649 49.240484,20.090595 49.240497,20.09053 49.24051,20.090466 49.240516,20.090403 49.240514,20.090333 49.240506,20.090273 49.240496,20.090126 49.240454,20.089978 49.240431,20.089876 49.240423,20.089823 49.24044,20.08976 49.240473,20.089711 49.240515,20.089671 49.240579,20.089615 49.240662,20.089545 49.240858,20.089509 49.240912,20.089442 49.240966,20.08933 49.241045,20.089161 49.241147,20.089099 49.241198,20.089081 49.241243,20.089096 49.241275,20.089206 49.241349,20.089267 49.241439,20.089335 49.241539,20.089492 49.24189,20.089512 49.241956,20.089512 49.241991,20.089492 49.242027,20.089419 49.242127,20.089335 49.242235,20.089295 49.24232,20.089256 49.242411,20.089244 49.242497,20.089274 49.242674,20.089204 49.242926,20.089033 49.243321,20.089002 49.243367,20.088969 49.243407,20.088921 49.243454,20.088682 49.243608,20.088488 49.243728,20.088251 49.243861,20.088163 49.244017,20.088093 49.244213,20.087981 49.244364,20.087913 49.244445,20.087889 49.244492,20.087893 49.244527,20.087905 49.244565,20.087926 49.244598,20.087949 49.244676,20.087953 49.244772,20.087942 49.244815,20.087905 49.244891,20.087864 49.245024,20.087854 49.245072,20.087859 49.245121,20.087875 49.245208,20.08789 49.245272,20.087905 49.245309,20.087915 49.245337,20.087915 49.245369,20.087912 49.245405,20.087902 49.245431,20.087868 49.245454,20.087853 49.24547,20.087821 49.245509,20.087768 49.245563,20.08771 49.245606,20.087621 49.245685,20.087595 49.245708,20.087557 49.245736,20.087427 49.245802,20.087377 49.245835,20.087335 49.245872,20.087305 49.245896,20.087284 49.245915,20.087215 49.245961,20.087124 49.246012,20.087069 49.246044,20.086893 49.246151,20.08684 49.246186,20.086808 49.246216,20.086767 49.246249,20.086731 49.246278,20.086717 49.246302,20.08669 49.246334,20.086622 49.246412,20.086585 49.246451,20.086535 49.246492,20.08651 49.246522,20.086482 49.246538,20.086441 49.246563,20.086387 49.246584,20.086345 49.246604,20.086262 49.246667,20.086221 49.246697,20.086206 49.246717,20.086193 49.246755,20.08618 49.246783,20.08616 49.246807,20.086123 49.246851,20.086094 49.246875,20.086083 49.246906,20.086068 49.246935,20.086045 49.246952))"
Schronisko PTTK przy Morskim Oku - Morskie Oko (odcinek wschodni),#DC2626,standard,1396,1437,"MULTILINESTRING((20.070832 49.201182,20.071158 49.201055,20.071332 49.200966,20.071432 49.20091,20.071552 49.200864,20.07175 49.200861,20.071916 49.200875),(20.071916 49.200875,20.072026 49.200864),(20.072026 49.200864,20.072117 49.200851,20.072264 49.2009,20.072403 49.200909,20.072469 49.20091,20.072541 49.200902,20.072646 49.200917,20.072789 49.200904,20.072978 49.200827,20.073078 49.20074,20.073163 49.200609,20.073265 49.200507,20.073335 49.200357,20.073347 49.200206,20.073361 49.200167,20.073389 49.200107,20.07345 49.199973,20.073578 49.199847,20.073692 49.199757,20.07376 49.199653,20.073889 49.199528,20.073915 49.199507,20.073968 49.199455,20.073981 49.199376,20.073975 49.199266,20.073959 49.199149,20.073941 49.199108,20.073916 49.199083,20.073886 49.199064,20.073868 49.199044,20.073842 49.199034,20.073783 49.199024,20.073757 49.199016,20.073739 49.199002,20.073699 49.198969,20.073636 49.198925,20.073618 49.198893,20.073601 49.198852,20.073568 49.198815,20.073608 49.198748,20.073673 49.198554,20.073715 49.198467,20.073741 49.198389,20.073744 49.198336,20.07376 49.198287,20.073787 49.198222,20.073814 49.198173,20.073833 49.19811,20.073905 49.198062,20.073939 49.198033,20.073977 49.197999,20.074037 49.197951,20.074071 49.19792,20.074128 49.197874,20.074147 49.197833,20.074155 49.197801,20.074156 49.197765,20.074079 49.197672,20.074042 49.197622,20.074019 49.197582,20.074035 49.197499,20.07401 49.197451,20.073914 49.197416,20.073853 49.197386,20.073765 49.197325,20.073664 49.197227,20.073605 49.1972,20.073557 49.197185,20.073543 49.197161,20.073536 49.197134,20.073529 49.1971,20.073526 49.197049,20.073531 49.197024,20.073539 49.196983,20.073478 49.196864,20.073428 49.196804,20.073304 49.196713,20.073331 49.196595,20.07332 49.196564,20.073291 49.196527,20.073285 49.196496,20.073274 49.196478,20.073245 49.196444,20.073227 49.19642,20.073212 49.19639,20.073172 49.196242,20.073235 49.196127,20.073249 49.195981,20.073288 49.195906,20.073265 49.195715,20.073293 49.195646,20.073279 49.195595,20.073261 49.195566,20.073246 49.195548,20.073228 49.195524,20.073177 49.19549,20.073151 49.195472,20.073114 49.195455,20.073059 49.195437,20.073029 49.195422,20.073008 49.195391,20.072972 49.195333,20.072893 49.195336,20.072849 49.195312,20.072777 49.195261,20.07269 49.195225,20.072647 49.195183,20.072664 49.195106,20.072681 49.195053,20.072664 49.195013,20.072623 49.194986,20.072587 49.194962,20.072564 49.194944,20.072532 49.194918,20.072506 49.194893,20.072492 49.194864,20.072485 49.194829,20.072482 49.19481,20.072467 49.194786,20.07243 49.194763,20.072397 49.194744,20.072372 49.194719,20.072328 49.194677,20.072121 49.194555,20.072031 49.194485,20.071964 49.194453,20.071924 49.194433,20.071891 49.194408,20.071834 49.194374,20.071775 49.194276,20.071695 49.194156,20.071653 49.194044,20.071654 49.193979,20.071655 49.193925,20.071641 49.193893,20.071634 49.193854,20.071639 49.193796,20.071639 49.193762,20.071611 49.19373,20.071378 49.193635,20.071243 49.193633,20.071179 49.193638,20.071097 49.193642,20.071066 49.193646,20.071045 49.193649,20.070964 49.193634,20.070875 49.193616,20.070775 49.193613,20.0707 49.193619,20.070633 49.193631,20.070559 49.193623,20.070493 49.193603,20.070434 49.193576,20.070379 49.193521))"
Palenica Białczańska - Wodogrzmoty Mickiewicza,#DC2626,standard,989,1133,"MULTILINESTRING((20.099996 49.251179,20.101074 49.252391,20.101358 49.252717,20.101749 49.253161,20.101983 49.253433,20.102167 49.253638,20.102398 49.253904,20.102483 49.254005,20.102538 49.254066,20.10262 49.254164,20.102976 49.254545),(20.099827 49.251002,20.099996 49.251179),(20.091858 49.237822,20.091939 49.237937,20.092022 49.238054,20.092309 49.238456,20.092347 49.238509,20.092383 49.238571,20.092406 49.238611,20.092421 49.238644,20.092436 49.238684,20.092447 49.238725,20.092458 49.238776,20.092468 49.238834,20.092473 49.238883,20.092476 49.238922,20.092478 49.238985,20.092485 49.239229,20.092488 49.2394,20.092497 49.239525,20.092502 49.239599,20.092512 49.239666,20.092523 49.23972,20.092538 49.239785,20.092561 49.239865,20.092586 49.239945,20.092666 49.240173,20.092693 49.240247,20.092716 49.240314,20.092735 49.240377,20.092751 49.240437,20.09276 49.240481,20.092768 49.240533,20.092819 49.240807,20.09285 49.240981,20.092864 49.241048,20.092884 49.241116,20.092908 49.24119,20.092939 49.241256,20.092976 49.24134,20.093099 49.24163,20.093292 49.242084,20.093387 49.242313,20.09345 49.242465,20.093485 49.242595,20.093569 49.242934,20.093675 49.243464,20.093753 49.243984,20.093763 49.244063,20.093773 49.244127,20.093787 49.244196,20.093808 49.244263,20.093829 49.244321,20.09388 49.244443,20.093973 49.244694,20.094072 49.244961,20.094173 49.245234,20.094223 49.245374,20.094284 49.245545,20.094313 49.245629,20.094333 49.245685,20.094349 49.245728,20.094365 49.245765,20.094388 49.245814,20.094419 49.245866,20.094459 49.245921,20.094517 49.245993,20.094659 49.246164,20.094823 49.246359,20.094877 49.246432,20.094904 49.246477,20.094925 49.246525,20.094936 49.24656,20.094945 49.246602,20.094949 49.246645,20.094947 49.246708,20.094933 49.24684,20.09491 49.246977,20.094882 49.247187,20.094876 49.247252,20.094877 49.247308,20.094888 49.247355,20.094904 49.24741,20.094922 49.247455,20.094984 49.247631,20.095033 49.247774,20.095051 49.247826,20.095068 49.247882,20.095112 49.248074,20.095186 49.248456,20.095225 49.248661,20.095239 49.248725,20.095257 49.248777,20.095291 49.248883,20.095337 49.249002,20.095381 49.249121,20.09545 49.249315,20.095491 49.24945,20.095514 49.249509,20.095539 49.24957,20.095564 49.249613,20.095592 49.249655,20.095626 49.249695,20.095682 49.249761,20.095797 49.249889,20.095855 49.249957,20.095888 49.249998,20.095913 49.250032,20.095949 49.250088,20.095978 49.250149,20.096011 49.250218,20.096094 49.250411,20.096124 49.250476,20.096145 49.250517,20.096163 49.250543,20.096201 49.250584,20.096238 49.250615,20.096283 49.250651,20.096332 49.250682,20.096386 49.250712,20.096458 49.250743,20.096538 49.250769,20.09661 49.250788,20.096689 49.250798,20.096757 49.250802,20.096819 49.250802,20.096892 49.250797,20.096963 49.250787,20.09705 49.250764,20.097192 49.250724,20.097535 49.250612,20.097618 49.25059,20.097691 49.250573,20.097761 49.250557,20.097829 49.250547,20.0979 49.25054,20.097959 49.250537,20.098028 49.250539,20.098146 49.250545,20.09835 49.250563,20.098802 49.250612,20.099216 49.25066,20.099318 49.250677,20.099391 49.250692,20.099451 49.250709,20.09953 49.25074,20.099595 49.250772,20.09965 49.250812,20.099708 49.25086,20.099767 49.250931,20.099827 49.251002),(20.087598 49.234601,20.087711 49.234636,20.08782 49.234668,20.088134 49.234756,20.088434 49.234841,20.088582 49.234886,20.088703 49.234929,20.088791 49.234962,20.088946 49.235029,20.089052 49.235073,20.089121 49.235108,20.089285 49.235207,20.089475 49.235332,20.089571 49.235401,20.089623 49.235444,20.08966 49.235481,20.089698 49.235524,20.089745 49.235593,20.08978 49.235653,20.089812 49.235717,20.089845 49.235794,20.089905 49.235927,20.089944 49.23601,20.089979 49.23608,20.090007 49.236131,20.090029 49.236167,20.090059 49.236209,20.090091 49.236244,20.090131 49.236282,20.090186 49.236327,20.090244 49.23637,20.090353 49.236441,20.090577 49.23658,20.090665 49.236639,20.09076 49.236709,20.09083 49.236762,20.090897 49.23682,20.091049 49.236965,20.0912 49.237117,20.091418 49.237322,20.091549 49.23745,20.091625 49.237529,20.09169 49.237601,20.091744 49.237665,20.091795 49.237733,20.091858 49.237822),(20.08754 49.234052,20.087448 49.234099,20.087382 49.23416,20.087284 49.234321,20.087267 49.234356,20.087259 49.234384,20.087259 49.234413,20.087269 49.234442,20.087291 49.234471,20.087329 49.234497,20.087372 49.234522,20.087439 49.234545,20.087598 49.234601),(20.08779 49.233972,20.087622 49.23402,20.08754 49.234052))"
Wodogrzmoty Mickiewicza - Schronisko PTTK przy Morskim Oku,#DC2626,standard,0,0,"MULTILINESTRING((20.08779 49.233972,20.087622 49.23402,20.08754 49.234052),(20.0885 49.233762,20.08779 49.233972),(20.095737 49.221939,20.095636 49.222136,20.095606 49.222237,20.095599 49.222311,20.095643 49.222563,20.095751 49.222907,20.095759 49.223063,20.095716 49.223269,20.095647 49.223569,20.095584 49.223888,20.09549 49.224321,20.095407 49.224666,20.095411 49.224812,20.095452 49.224995,20.09554 49.225241,20.095696 49.225637,20.095832 49.22589,20.095901 49.226108,20.096003 49.226869,20.096079 49.227359,20.096084 49.227525,20.096066 49.227632,20.09595 49.227916,20.09582 49.228141,20.095706 49.22837,20.09562 49.228575,20.095554 49.228844,20.095483 49.229131,20.095506 49.229298,20.095502 49.229462,20.095406 49.229676,20.095333 49.229837,20.095246 49.229973,20.095011 49.23024,20.094667 49.23057,20.094536 49.230755,20.094399 49.230997,20.094279 49.231177,20.093884 49.231489,20.093709 49.231664,20.093643 49.231754,20.093598 49.231838,20.093564 49.231949,20.09349 49.232199,20.093423 49.232349,20.093331 49.23249,20.093205 49.232634,20.093055 49.232777,20.092838 49.232931,20.092573 49.233057,20.092283 49.233198,20.091998 49.233351,20.091758 49.23351,20.091534 49.233615,20.09131 49.233658,20.090954 49.233674,20.090441 49.23369,20.090078 49.233681,20.08979 49.233659,20.089447 49.233631,20.089231 49.23362,20.089056 49.233625,20.08891 49.233653,20.088742 49.233695,20.0885 49.233762),(20.095737 49.221939,20.095637 49.221878,20.095576 49.221818,20.095478 49.221757,20.095329 49.221728,20.095132 49.221642,20.094904 49.221508,20.094548 49.221349,20.094296 49.221194,20.09397 49.221045,20.093822 49.220991,20.093562 49.220935,20.093422 49.220871,20.093209 49.220819),(20.093137 49.220667,20.093209 49.220819),(20.093137 49.220667,20.092701 49.220416,20.092508 49.220271,20.092339 49.220183,20.092184 49.220172,20.091999 49.220199,20.091907 49.220158,20.09175 49.220148,20.091667 49.220116,20.091437 49.219957,20.091316 49.219928,20.091183 49.219915,20.090913 49.219832,20.090674 49.219763,20.090543 49.21969),(20.090188 49.219645,20.090258 49.21968,20.090346 49.219697,20.090451 49.219699,20.090518 49.219689,20.090543 49.21969),(20.090188 49.219645,20.089925 49.219612,20.089699 49.21953,20.089464 49.219509,20.089191 49.219497,20.089051 49.219448),(20.075387 49.209263,20.075478 49.209412,20.075577 49.209547,20.075813 49.209828,20.075953 49.209954,20.07626 49.210149,20.076537 49.210296,20.076794 49.210436,20.076908 49.210509,20.077007 49.210604,20.077109 49.210765,20.077246 49.211042,20.077555 49.211562,20.077716 49.21168,20.077871 49.211771,20.078034 49.211844,20.078896 49.212193,20.079011 49.212251,20.079087 49.212303,20.079146 49.212363,20.079193 49.212433,20.079223 49.212507,20.079248 49.212607,20.079325 49.212862,20.07938 49.21303,20.079452 49.213159,20.079511 49.21324,20.07962 49.213342,20.079835 49.213466),(20.079835 49.213466,20.079872 49.213538,20.079905 49.213633,20.079934 49.213701,20.080011 49.213774,20.080373 49.214014,20.080735 49.21426,20.081084 49.21441,20.081165 49.214459,20.081335 49.214629),(20.081335 49.214629,20.081469 49.214768,20.081667 49.215004,20.081891 49.21536,20.082 49.215487,20.082456 49.215824,20.082887 49.216133,20.083335 49.216456,20.083696 49.216702,20.084 49.217016,20.084225 49.217207,20.084376 49.217303,20.084734 49.21745,20.08483 49.217496,20.084918 49.21755,20.084987 49.217619,20.085052 49.217695,20.085118 49.217782,20.085195 49.217856,20.085283 49.217921,20.085381 49.217978,20.085569 49.218089,20.085987 49.218354,20.086115 49.218426,20.086239 49.218479,20.086354 49.21852,20.086465 49.218552,20.087162 49.218727,20.087849 49.218897,20.088 49.21894,20.088076 49.218964,20.088139 49.21899,20.08827 49.219055,20.088381 49.219124,20.088663 49.219342,20.088715 49.219381,20.088763 49.219412,20.088832 49.219441,20.0889 49.219457,20.088976 49.219458,20.089051 49.219448),(20.07103 49.203817,20.071199 49.203871,20.071367 49.203913,20.071516 49.203947,20.071912 49.204013,20.072034 49.204041,20.07213 49.204077,20.072251 49.204139,20.072332 49.204205,20.072616 49.204435,20.07282 49.204638,20.073105 49.204883,20.073252 49.205016,20.073335 49.205092,20.073495 49.20525,20.073575 49.205352,20.073643 49.205463,20.073763 49.205705,20.073803 49.205827,20.073819 49.205989,20.07385 49.206513,20.073966 49.206947,20.07403 49.207138,20.074106 49.207253,20.074665 49.207802,20.074798 49.207936,20.075231 49.208208,20.075472 49.208366,20.075553 49.208459,20.075581 49.208516,20.075602 49.208605,20.075551 49.20876,20.075379 49.209128,20.075372 49.209177,20.075387 49.209263),(20.070654 49.201828,20.070583 49.201935,20.070407 49.202276,20.070292 49.202549,20.070169 49.202835,20.070132 49.20295,20.070119 49.203033,20.07014 49.2031,20.070186 49.203179,20.07031 49.203306,20.070624 49.203553,20.070819 49.203688,20.07103 49.203817),(20.070752 49.201748,20.070654 49.201828),(20.07081 49.201411,20.070908 49.201464,20.07094 49.201518,20.070957 49.20158,20.070752 49.201748),(20.070832 49.201182,20.070882 49.201229,20.070888 49.20126,20.070838 49.201313,20.07081 49.201411))"
Schronisko PTTK przy Morskim Oku - Morskie Oko (odcinek zachodni),#DC2626,standard,0,0,"MULTILINESTRING((20.070379 49.193521,20.070352 49.193585,20.070215 49.193641,20.070109 49.193641,20.07005 49.193635,20.069998 49.193637,20.069928 49.193639,20.069895 49.193642,20.069864 49.193632,20.069812 49.193622,20.069738 49.193616,20.069699 49.193601,20.06964 49.193592,20.069586 49.193594,20.069524 49.193606,20.069492 49.19362,20.069459 49.193632,20.069385 49.193622,20.069316 49.193609,20.069262 49.193597,20.069216 49.19359,20.06917 49.19359,20.069121 49.193596,20.06907 49.193596,20.069018 49.193592,20.068939 49.19363,20.068866 49.193652,20.068751 49.193665,20.068672 49.193675,20.06862 49.193684,20.068559 49.1937,20.068504 49.193715,20.068454 49.193733,20.068417 49.193745,20.068385 49.193759,20.068344 49.193773,20.068314 49.193787,20.068275 49.193807,20.068247 49.193829,20.068221 49.193853,20.068173 49.193885,20.068093 49.193921,20.067999 49.193961,20.067919 49.193998,20.067859 49.194015,20.067829 49.194026,20.067787 49.194036,20.067722 49.194041,20.067641 49.194058,20.06757 49.194067,20.067525 49.194081,20.067473 49.194093,20.06742 49.1941,20.067361 49.194109,20.067316 49.194119,20.067257 49.194127,20.067194 49.194133,20.067125 49.194139,20.067064 49.194143,20.067022 49.194151,20.066979 49.194172,20.06689 49.194165,20.066776 49.194166,20.066724 49.194167,20.066687 49.194194,20.066642 49.194215,20.06659 49.194238,20.066538 49.194248,20.066489 49.194257,20.066442 49.194275,20.066393 49.194289,20.066342 49.194304,20.06627 49.194319,20.066208 49.194333,20.066169 49.194356,20.066139 49.194386,20.066097 49.194411,20.066042 49.194435,20.065985 49.194456,20.065949 49.194485,20.065927 49.194517,20.065921 49.194531,20.065912 49.19455,20.065891 49.194563,20.065826 49.194589,20.065788 49.194605,20.065736 49.19462,20.065669 49.194644,20.065631 49.194659,20.065585 49.194665,20.065496 49.194686,20.065467 49.194702,20.065459 49.19472,20.065468 49.194747,20.065463 49.194762,20.065438 49.194786,20.065397 49.194812,20.065392 49.194839,20.065365 49.194858,20.065333 49.194879,20.06531 49.194899,20.065288 49.194928,20.065277 49.194967,20.065275 49.194988,20.065274 49.195017,20.065269 49.195059,20.06526 49.195077,20.065221 49.195098,20.065213 49.195119,20.065224 49.195162,20.065214 49.195191,20.065234 49.195237,20.065258 49.195268,20.065278 49.19532,20.065293 49.195369,20.065296 49.195379,20.065298 49.195427,20.065327 49.195474,20.065347 49.195542,20.065392 49.195614,20.065429 49.19569,20.065445 49.195789,20.065447 49.195803,20.065445 49.195898,20.065458 49.196017,20.065501 49.196091,20.065567 49.196133,20.065608 49.196157,20.065637 49.196189,20.065705 49.196254,20.065792 49.196289,20.065878 49.196326,20.065905 49.196422,20.065992 49.196457,20.066128 49.196521,20.066202 49.19655,20.066232 49.196572,20.066279 49.196605,20.066365 49.196627,20.066435 49.196643,20.066486 49.196673,20.066506 49.196688,20.066536 49.196711,20.066561 49.196744,20.066579 49.196776,20.066603 49.196802,20.066643 49.196834,20.066662 49.19687,20.06668 49.196907,20.066697 49.196949,20.066699 49.196985,20.066718 49.197022,20.066747 49.197056,20.066776 49.197083,20.066804 49.19711,20.066825 49.197134,20.066866 49.197198,20.066908 49.197257,20.066943 49.197305,20.066958 49.197341,20.066972 49.197379,20.066985 49.197406,20.067016 49.197431,20.067058 49.197452,20.067078 49.197474,20.067082 49.197503,20.067111 49.197564,20.067141 49.197596,20.067165 49.197623,20.06717 49.19765,20.067174 49.197684,20.067178 49.197719,20.067185 49.197752,20.06719 49.197793,20.067198 49.197823,20.06721 49.197851,20.06722 49.197881,20.067241 49.197913,20.067268 49.197935,20.067302 49.197957,20.067344 49.198001,20.067393 49.19805,20.067432 49.198094,20.067452 49.198134,20.067488 49.198186,20.067495 49.198223,20.067516 49.198248,20.067558 49.198296,20.067568 49.198348,20.067598 49.198377,20.067616 49.198411,20.06763 49.198445,20.067633 49.198477,20.067626 49.198493,20.067648 49.198531,20.067643 49.198553,20.06765 49.198577,20.067661 49.198597,20.067675 49.198626,20.06769 49.198655,20.067703 49.198719,20.067721 49.198777,20.067757 49.198911,20.067784 49.198979,20.067835 49.199044,20.067877 49.199112,20.067906 49.199172,20.067943 49.199231,20.067983 49.199303,20.067983 49.19934,20.067987 49.199357,20.068026 49.199448,20.068013 49.199486,20.068052 49.199572,20.068123 49.199613,20.068214 49.199661,20.06824 49.199695,20.068247 49.199715,20.068224 49.199774,20.06827 49.199856,20.068375 49.200021,20.068462 49.200146,20.068498 49.200211,20.068595 49.200239,20.068634 49.200236,20.068773 49.200228,20.068899 49.200231,20.068925 49.200246,20.068953 49.200244,20.069081 49.200296,20.069199 49.200347,20.069263 49.200395,20.069323 49.200462,20.069498 49.20056,20.069644 49.200658,20.069812 49.20075,20.069939 49.200811,20.06999 49.200848,20.070005 49.200884,20.069986 49.200919,20.069965 49.200975,20.069966 49.201011,20.070012 49.201037,20.070071 49.201081,20.070211 49.201132,20.070335 49.201156,20.070407 49.201162,20.0705 49.201158,20.070575 49.201154,20.070668 49.20116,20.070766 49.201172,20.070832 49.201182))"
Morskie Oko - Czarny Staw Pod Rysami,#DC2626,standard,1422,1573,"MULTILINESTRING((20.0737 49.190374,20.073625 49.190378,20.073569 49.190385,20.073534 49.190389,20.073506 49.190401,20.073502 49.190419,20.073503 49.190437,20.073512 49.190458,20.073511 49.190473,20.073484 49.190482,20.073461 49.190482,20.07344 49.190472,20.073415 49.190468,20.073336 49.190489,20.073277 49.190498,20.073183 49.190511,20.073095 49.190494,20.073051 49.190496,20.073022 49.190508,20.073018 49.190527,20.073046 49.190595,20.07309 49.190657,20.073083 49.190669,20.073062 49.190674,20.072895 49.190673,20.072762 49.190697,20.072742 49.19071,20.072746 49.19073,20.072757 49.190744,20.072761 49.190762,20.072745 49.190773,20.072711 49.190776,20.072681 49.190794,20.072663 49.190814,20.07263 49.190895,20.072606 49.191022,20.072615 49.191067,20.072639 49.191103,20.072674 49.191131,20.072667 49.191145,20.072649 49.19115,20.072627 49.19115,20.072599 49.19116,20.07259 49.191177,20.072612 49.19122,20.072613 49.191243,20.072609 49.191264,20.072604 49.191284,20.072587 49.191306,20.072565 49.191322,20.072523 49.191339,20.072472 49.191345,20.072456 49.191334,20.072422 49.191332,20.072395 49.191351,20.072358 49.191354,20.072329 49.191351,20.072297 49.191354,20.072264 49.19137,20.072224 49.191372,20.072194 49.191385,20.072096 49.191402,20.072033 49.191408,20.071997 49.191418,20.07196 49.191427,20.071934 49.191424,20.071904 49.191423,20.071851 49.191435,20.07182 49.191434,20.071789 49.19143,20.071759 49.19142,20.071735 49.191411,20.071711 49.191395,20.07168 49.191372,20.071638 49.191354,20.071614 49.191349,20.071583 49.191356,20.07158 49.19137,20.071572 49.19139,20.071532 49.191437,20.071494 49.191473,20.071459 49.19148,20.071447 49.191494,20.07144 49.191527,20.071449 49.191561,20.071482 49.191609,20.071506 49.191641,20.071495 49.19167,20.071472 49.191705,20.07148 49.191754,20.071486 49.191806,20.07152 49.191853,20.071528 49.191869,20.071521 49.191884,20.071486 49.191897,20.071436 49.191889,20.071396 49.191873,20.071317 49.191829,20.071285 49.191825,20.071252 49.191836,20.071215 49.191888,20.071168 49.191974,20.071122 49.191999,20.071095 49.192071,20.071072 49.192099,20.071034 49.192183,20.071001 49.192209,20.070969 49.192242,20.070947 49.192279,20.070883 49.192439,20.070764 49.192594,20.07071 49.192723,20.070661 49.192836,20.070613 49.192886,20.070542 49.192924,20.070519 49.192961,20.070534 49.193,20.070548 49.193044,20.070539 49.193097,20.070516 49.193124,20.07049 49.193156,20.070448 49.193218,20.070425 49.193259,20.070421 49.193278,20.07042 49.193297,20.070448 49.193333,20.070458 49.193358,20.070458 49.193385,20.070455 49.193432,20.070412 49.193482,20.070379 49.193521))"
Czarny Staw Pod Rysami - Rysy,#DC2626,standard,0,0,"MULTILINESTRING((20.0737 49.190374,20.073777 49.190375,20.073848 49.190375,20.073944 49.190394,20.073993 49.190417,20.074062 49.190485,20.074107 49.1905,20.074172 49.190512,20.074214 49.190533,20.074361 49.190586,20.074609 49.190669,20.074771 49.190738,20.074898 49.190813,20.07506 49.19088,20.075157 49.190952,20.075301 49.191053,20.075376 49.191117,20.075425 49.191142,20.075561 49.191169,20.075733 49.191204,20.075918 49.191243,20.076054 49.191232,20.07617 49.191233,20.076237 49.191234,20.076305 49.191251,20.07635 49.191241,20.076511 49.191212,20.076638 49.191169,20.076686 49.191137,20.076703 49.191121,20.07679 49.191101,20.07681 49.191086,20.076847 49.191087,20.076943 49.191084,20.077028 49.191059,20.077095 49.191042,20.077149 49.191044,20.077204 49.191038,20.077251 49.191014,20.077296 49.190999,20.077413 49.1909,20.077434 49.190865,20.077477 49.190823,20.077554 49.190768,20.077684 49.190682,20.077735 49.190618,20.077758 49.190582,20.077735 49.190559,20.077721 49.190541,20.077729 49.190524,20.077743 49.190506,20.077803 49.190463,20.077898 49.190405,20.077915 49.190382,20.077988 49.190354,20.078065 49.190323,20.078155 49.190276,20.0782 49.190242,20.07827 49.190203,20.078326 49.190159,20.078359 49.190122,20.078368 49.190061,20.078374 49.189973,20.078399 49.189949,20.078415 49.189933,20.07846 49.189893,20.078565 49.189822,20.078623 49.189782,20.078695 49.189741,20.078733 49.189715,20.078791 49.189654,20.078886 49.189556,20.078978 49.189437,20.079058 49.18937,20.079079 49.189273,20.079108 49.189179,20.079182 49.18907,20.079225 49.188984,20.079255 49.188861,20.079306 49.188787,20.079357 49.188695,20.079383 49.188642,20.079396 49.188603,20.079424 49.188564,20.079442 49.188514,20.079452 49.188367,20.079487 49.188321,20.079469 49.18826,20.079494 49.188223,20.079502 49.18821,20.079503 49.188176,20.079503 49.188144,20.079539 49.188096,20.079579 49.188051,20.079654 49.187885,20.079636 49.187784,20.079627 49.187743,20.079585 49.187719,20.079516 49.187707,20.079467 49.187679,20.079406 49.187633,20.079375 49.187594,20.079337 49.187521,20.079248 49.187399,20.079166 49.187243,20.079138 49.187194,20.079137 49.187103,20.079104 49.186996,20.079042 49.186869,20.07901 49.18683,20.078981 49.186802,20.078934 49.186766,20.078916 49.186742,20.078915 49.186708,20.078915 49.186677,20.078924 49.186648,20.078955 49.186634,20.079008 49.186616,20.07903 49.186584,20.079031 49.186558,20.078987 49.186533,20.078972 49.186522,20.078979 49.186473,20.078984 49.186439,20.078992 49.186419,20.079012 49.186389,20.078988 49.186354,20.078997 49.18627,20.079023 49.186189,20.079003 49.186045,20.078958 49.185945,20.078959 49.185908,20.079017 49.185827,20.07909 49.185754,20.079173 49.185665,20.079199 49.185637),(20.079199 49.185637,20.079193 49.185618,20.07917 49.185597,20.079146 49.185581,20.079062 49.185525,20.079053 49.185497,20.079089 49.185473,20.079147 49.185443,20.079228 49.1854,20.079343 49.185333,20.079368 49.185311,20.079351 49.185291,20.079289 49.185273,20.079258 49.185241,20.079261 49.185201,20.079241 49.185157,20.079247 49.185143,20.079297 49.185122,20.079366 49.185116,20.079371 49.185095,20.079266 49.185008,20.079262 49.184994,20.079273 49.184973,20.079309 49.184942,20.079435 49.184879,20.079506 49.184849,20.079528 49.184835,20.079616 49.184738,20.079638 49.184668,20.079626 49.184656,20.0796 49.184652,20.079553 49.184644,20.079528 49.184641,20.079518 49.184632,20.079525 49.184619,20.079544 49.184611,20.079577 49.18459,20.079599 49.184565,20.07959 49.18454,20.079573 49.184514,20.079562 49.184505,20.079535 49.184503,20.079531 49.184492,20.079549 49.184482,20.07955 49.184471,20.079525 49.184468,20.079539 49.184455,20.079543 49.184442,20.079494 49.184432,20.079478 49.184413,20.079506 49.184396,20.079508 49.18439,20.079516 49.184375,20.079495 49.184368,20.079482 49.184362,20.079497 49.18434,20.079477 49.184334,20.07945 49.184326,20.079427 49.184314,20.079411 49.184295,20.079391 49.18429,20.079364 49.184279,20.07934 49.18426,20.079308 49.184255,20.079318 49.184233,20.079323 49.184228,20.079279 49.184192,20.079228 49.184154,20.079199 49.18412,20.079166 49.184061,20.079169 49.184047,20.079199 49.184047,20.079249 49.184038,20.079274 49.184032,20.079265 49.184022,20.079259 49.184018,20.079239 49.183993,20.07924 49.18397,20.079258 49.183948,20.079265 49.18394,20.079258 49.183932,20.079234 49.183914,20.079241 49.183898,20.079228 49.183876,20.079193 49.183841,20.079182 49.183821,20.079143 49.183801,20.079129 49.183754,20.079118 49.183729,20.079031 49.183693,20.078994 49.183684,20.078961 49.183655,20.078924 49.183625,20.078897 49.183605,20.078835 49.183571,20.078807 49.183536,20.078809 49.183494,20.078799 49.183472,20.078769 49.183417,20.078714 49.183368,20.078689 49.183332,20.078676 49.183298,20.078666 49.183256,20.07863 49.183239,20.078592 49.18323,20.078555 49.183227,20.078524 49.183221,20.078503 49.18321,20.07845 49.183197,20.078422 49.183185,20.078412 49.183164,20.078422 49.183158,20.078466 49.183148,20.078476 49.183127,20.078473 49.183114,20.078457 49.183096,20.078458 49.183073,20.078446 49.183056,20.078445 49.183041,20.078405 49.183008,20.078368 49.182972,20.078371 49.182957,20.078373 49.182954,20.078398 49.182941,20.078416 49.182922,20.078412 49.182904,20.078373 49.182891,20.078353 49.182876,20.078329 49.182862,20.078317 49.182846,20.078316 49.182824,20.078277 49.182785,20.078237 49.182771,20.078226 49.182757,20.078224 49.182719,20.078222 49.182695,20.078201 49.182689,20.078177 49.18267,20.078183 49.182657,20.078169 49.182637,20.078129 49.182624,20.078149 49.182593,20.078147 49.182573,20.078128 49.182551,20.078106 49.182525,20.078109 49.182466,20.078114 49.182362,20.078113 49.182255,20.078083 49.182068,20.078027 49.18198,20.078025 49.181933,20.078041 49.181889,20.078009 49.181876,20.077938 49.181842,20.077931 49.181815,20.077991 49.181799,20.07805 49.181791,20.078069 49.181787,20.078012 49.181722,20.077996 49.181699,20.078003 49.181685,20.078096 49.181647,20.078114 49.181633,20.078056 49.181585,20.07806 49.181569,20.078157 49.181526,20.07826 49.1815,20.078304 49.181469,20.078265 49.181434,20.078257 49.181418,20.078258 49.181377,20.078266 49.181356,20.078298 49.181346,20.07835 49.181347,20.078378 49.18134,20.078386 49.18132,20.07837 49.181269,20.07837 49.181247,20.078363 49.181237,20.078361 49.181227,20.078303 49.181194,20.078376 49.181137,20.078437 49.181115,20.078517 49.181086,20.078589 49.181055,20.078623 49.181046,20.078622 49.181015,20.078628 49.180991,20.078664 49.180983,20.078655 49.180965,20.078697 49.180956,20.078718 49.180956,20.078739 49.180948,20.078751 49.180915,20.078826 49.18085,20.078867 49.180837,20.078964 49.180849,20.079033 49.180865,20.079063 49.180868,20.079083 49.18086,20.0791 49.18085,20.079128 49.180851,20.079152 49.180859,20.079194 49.180865,20.079218 49.180864,20.079234 49.18085,20.079277 49.180856,20.079315 49.180856,20.079342 49.180854,20.079377 49.180844,20.079384 49.1808,20.0794 49.18079,20.07947 49.180794,20.07949 49.180767,20.079503 49.180722,20.079567 49.180735,20.07962 49.180751,20.079741 49.180745,20.07979 49.180689,20.079817 49.18067,20.079852 49.180666,20.079915 49.180667,20.079985 49.18066,20.080075 49.180652,20.080155 49.180689,20.080214 49.180726,20.080233 49.180795,20.080271 49.180813,20.080316 49.180832,20.080365 49.180835,20.080445 49.180824,20.080528 49.180861,20.080601 49.180908,20.080662 49.180963,20.080644 49.181011,20.080661 49.181031,20.080693 49.181029,20.080727 49.181032,20.080776 49.181039,20.080828 49.181046,20.080936 49.181082,20.080988 49.181096,20.080995 49.181064,20.080993 49.181027,20.080993 49.180995,20.081038 49.180989,20.081098 49.180991,20.08116 49.181019,20.081222 49.18105,20.081277 49.181105,20.081315 49.181137,20.081336 49.181165,20.081358 49.181182,20.081373 49.181211,20.0814 49.18122,20.081424 49.181252,20.081441 49.181275,20.081461 49.18131,20.081474 49.181353,20.081484 49.181379,20.081505 49.181399,20.081522 49.181416,20.081515 49.181438,20.081507 49.181463,20.08152 49.181502,20.081539 49.181512),(20.081539 49.181512,20.081586 49.181537,20.081643 49.181563,20.081684 49.181582,20.081744 49.181591,20.081773 49.181583,20.081824 49.181559,20.081853 49.181544,20.081897 49.181532,20.081933 49.181514,20.081977 49.181517,20.082036 49.181522,20.082113 49.181486,20.0822 49.181476,20.082269 49.181512,20.082307 49.181554,20.082354 49.181569,20.082432 49.181582,20.08247 49.181566,20.082518 49.18156,20.082547 49.181558,20.0826 49.18159,20.082654 49.181596,20.082683 49.181573,20.082716 49.181534,20.082754 49.181526,20.082736 49.18148,20.082765 49.181458,20.082807 49.181418,20.082807 49.181395,20.082802 49.181347,20.082843 49.181371,20.082849 49.181354,20.082843 49.181337,20.082926 49.181298,20.082956 49.181263,20.083004 49.181251,20.083045 49.181245,20.083112 49.181256,20.08313 49.181258,20.083172 49.181244,20.083213 49.181265,20.083241 49.181286,20.083273 49.181303,20.083307 49.181316,20.083361 49.181337,20.083386 49.181346),(20.083386 49.181346,20.083428 49.181321,20.083486 49.181295,20.083524 49.181305,20.083572 49.181283,20.083616 49.181251,20.083647 49.181261,20.083668 49.181282,20.083717 49.181278,20.083743 49.181307,20.083763 49.181318,20.083812 49.181321,20.083841 49.181306,20.083856 49.181284,20.083892 49.181274,20.083993 49.18132,20.084038 49.181335,20.084083 49.181355,20.084139 49.181375,20.084154 49.181368,20.084152 49.181342,20.084156 49.181331,20.084164 49.181314,20.084174 49.181304,20.084161 49.181291,20.084159 49.181279,20.084182 49.181272,20.084207 49.181273,20.084261 49.181286,20.0843 49.181303,20.084345 49.181309,20.084373 49.181281,20.084422 49.181284,20.084432 49.181246,20.084415 49.181189,20.084398 49.181137,20.084377 49.181114,20.084371 49.181098,20.084377 49.181086,20.08438 49.181065,20.084371 49.181045,20.084376 49.18102,20.084381 49.180997,20.084364 49.180979,20.084336 49.180966,20.084323 49.180944,20.084309 49.180908,20.084291 49.180874,20.084286 49.180839,20.08429 49.180804,20.084265 49.180767,20.084237 49.180742,20.084215 49.180732,20.084204 49.180709,20.084198 49.180686,20.084182 49.180677,20.084163 49.180655,20.084152 49.180631,20.084156 49.180614,20.084151 49.180602,20.084125 49.180588,20.084076 49.180568,20.084047 49.180547,20.084036 49.180507,20.084014 49.18047,20.084024 49.180434,20.084052 49.180432,20.084077 49.180441,20.084097 49.180444,20.084104 49.180469,20.084125 49.180487,20.084153 49.180496,20.084185 49.180488,20.084209 49.180498,20.084241 49.180523,20.084273 49.180536,20.084293 49.180538,20.084309 49.180523,20.084332 49.18049,20.084353 49.180469,20.084391 49.180445,20.084444 49.180435,20.084473 49.180417,20.08449 49.180414,20.084499 49.18043,20.084519 49.180455,20.084545 49.180473,20.0846 49.180473,20.084622 49.180452,20.084632 49.180434,20.08464 49.180406,20.084663 49.180382,20.084688 49.180371,20.084712 49.180377,20.084718 49.180396,20.084735 49.180409,20.084774 49.180405,20.084836 49.180384,20.084926 49.180356,20.085031 49.180342,20.085096 49.180331,20.085143 49.180308,20.085186 49.180319,20.085229 49.180327,20.085262 49.180328,20.085298 49.180331,20.085317 49.180326,20.085345 49.180319,20.085383 49.180306,20.085434 49.180301,20.085487 49.180299,20.085552 49.180303,20.085587 49.18033,20.085622 49.180313,20.085677 49.180302,20.085752 49.180316,20.085783 49.180305,20.085785 49.180284,20.085793 49.180268,20.085821 49.180248,20.085856 49.180236,20.085875 49.180238,20.085914 49.180253,20.085938 49.180289,20.08602 49.180309,20.08605 49.180311,20.086116 49.180308,20.086165 49.180298,20.086252 49.180275,20.086299 49.180261,20.086337 49.180259,20.086364 49.180245,20.086392 49.180243,20.086409 49.180242,20.08643 49.180231,20.086466 49.180234,20.086494 49.180233,20.086524 49.180213,20.086552 49.180235,20.086573 49.180253,20.086603 49.180265,20.086637 49.180266,20.086644 49.180255,20.086628 49.180242,20.086619 49.180224,20.086623 49.180207,20.086634 49.180202,20.086658 49.180215,20.086673 49.180238,20.086695 49.180254,20.086736 49.180276,20.086771 49.180288,20.086793 49.180273,20.086795 49.180254,20.086818 49.180226,20.086822 49.180188,20.086857 49.180175,20.086897 49.18019,20.086912 49.180197,20.086944 49.180191,20.086973 49.180183,20.08701 49.180191,20.087046 49.180191,20.087053 49.180177,20.087093 49.180178,20.087121 49.180166,20.087214 49.180145,20.087283 49.180157,20.087328 49.180168,20.087353 49.180149,20.087365 49.180133,20.087363 49.180116,20.087371 49.180104,20.087459 49.180068,20.087564 49.180061,20.087645 49.180038,20.087712 49.180032,20.087822 49.180009,20.087927 49.180027,20.088012 49.180035,20.088084 49.18005,20.08814 49.180055,20.088142 49.180017,20.088134 49.180005,20.088129 49.17999))"
Dolina Roztoki - Wodogrzmoty Mickiewicza,#16A34A,standard,1044,1098,"MULTILINESTRING((20.0885 49.233762,20.088668 49.233881,20.088756 49.233943,20.088881 49.234008,20.089139 49.234115,20.089319 49.234182,20.089622 49.234205,20.089766 49.23423,20.089966 49.234251,20.090059 49.234255,20.090164 49.234236,20.090262 49.23424,20.090563 49.234285,20.090667 49.234286,20.09082 49.234291,20.091092 49.234335,20.091268 49.234364,20.09149 49.234392,20.09162 49.234457,20.091793 49.234486,20.092001 49.234434,20.092181 49.234304,20.092361 49.234196,20.092651 49.234032,20.092862 49.233943,20.092929 49.233933,20.09298 49.233997,20.092982 49.234067,20.092924 49.234153,20.092873 49.23426,20.092732 49.234437,20.092713 49.234545,20.092745 49.234653,20.092718 49.23478,20.092663 49.234872,20.092644 49.234942,20.092668 49.235,20.092718 49.235031,20.092774 49.235041,20.092972 49.235021,20.093173 49.234961,20.093235 49.234898,20.09338 49.234725,20.093525 49.23458,20.093705 49.234459,20.093823 49.234303,20.094056 49.234208,20.094238 49.234081,20.094512 49.233946,20.09467 49.23383,20.094775 49.233793,20.094854 49.23369,20.094997 49.233621,20.095142 49.233585,20.095409 49.233595,20.095579 49.233598,20.095623 49.233638))"
Wodogrzmoty Mickiewicza - Rzeżuchy,#16A34A,standard,1098,1445,"MULTILINESTRING((20.051161 49.218202,20.05143 49.218368,20.051492 49.218466,20.051576 49.2185,20.051676 49.218513,20.051706 49.218548,20.051731 49.218615,20.051791 49.218662,20.051911 49.218689,20.051966 49.218734,20.052033 49.218761,20.052153 49.21878,20.052378 49.21883,20.052498 49.218886,20.052899 49.219081),(20.052899 49.219081,20.052991 49.219116,20.053164 49.219146,20.053335 49.219137,20.053477 49.219147,20.053748 49.219193,20.054018 49.219272,20.05419 49.219306,20.054377 49.219336,20.054554 49.219323,20.054713 49.219285,20.054838 49.219296,20.055058 49.219258,20.055361 49.219243,20.055448 49.219211,20.05555 49.219223,20.05561 49.219266,20.055703 49.21931,20.055766 49.219395,20.055808 49.219432,20.055914 49.219461,20.056043 49.219528,20.056182 49.219591,20.056334 49.219691,20.056446 49.219717,20.056557 49.219744,20.056753 49.219776,20.05691 49.219834,20.057093 49.219846,20.057305 49.219904,20.057441 49.21995,20.05768 49.219966,20.058055 49.220029,20.058234 49.220116,20.058583 49.220157,20.058787 49.220093,20.058958 49.220068,20.059351 49.22005,20.059645 49.220055,20.059904 49.220037,20.060197 49.220071,20.060455 49.220088,20.060644 49.220137,20.060827 49.220201,20.060976 49.220267,20.06138 49.220354,20.061633 49.220449,20.0619 49.22055,20.062205 49.220625,20.062461 49.220703,20.062705 49.220709,20.062936 49.220736,20.063049 49.220754),(20.063049 49.220754,20.06311 49.220821,20.06315 49.220917,20.063088 49.220997,20.06302 49.221038,20.062783 49.221077),(20.062783 49.221077,20.062615 49.221162),(20.062615 49.221162,20.062541 49.221234),(20.062541 49.221234,20.062472 49.221301),(20.062472 49.221301,20.062454 49.221448),(20.062454 49.221448,20.062643 49.221581),(20.062643 49.221581,20.062713 49.221738,20.062868 49.221826,20.063187 49.221904,20.063593 49.221992,20.06376 49.222061,20.063932 49.222101,20.064117 49.222107,20.064308 49.222137,20.064633 49.222203,20.064897 49.222218,20.06522 49.222276,20.065439 49.22235,20.065584 49.222452,20.065952 49.222577,20.06616 49.222597,20.066519 49.2227,20.066856 49.222866,20.067149 49.222973,20.067477 49.223095,20.067669 49.22316,20.067688 49.223309,20.067687 49.223417,20.067775 49.223512,20.067829 49.223632,20.06824 49.223896,20.068282 49.223939,20.068408 49.223962,20.0685 49.223953,20.068575 49.223928,20.068634 49.223907,20.068722 49.223888,20.068808 49.223937,20.069008 49.223986,20.069179 49.224071,20.069555 49.224096,20.069858 49.224154,20.070073 49.224234,20.070394 49.22445,20.070694 49.224531,20.070964 49.224575,20.071423 49.224628,20.071528 49.224606,20.071641 49.224607,20.071825 49.224632,20.07188 49.224677,20.071918 49.224737,20.072053 49.224936,20.072154 49.225097,20.072391 49.225239,20.072621 49.225335,20.07286 49.225383,20.073106 49.22545,20.073379 49.225538,20.073447 49.225579,20.073514 49.225679,20.073586 49.225705,20.073723 49.225719,20.074015 49.225726,20.074175 49.225743,20.07443 49.225813,20.074633 49.22583,20.074762 49.225855,20.075026 49.225862,20.075366 49.225852,20.075673 49.225948,20.07583 49.226006,20.07594 49.226013,20.076195 49.225896,20.076353 49.22589,20.076522 49.225906,20.076714 49.225931,20.076978 49.226056,20.077125 49.226202,20.077185 49.226352,20.077397 49.226466,20.077608 49.226597,20.077683 49.226627,20.077794 49.226638,20.077897 49.226689,20.077969 49.226852,20.078037 49.227066,20.078202 49.227192,20.078336 49.227263,20.078516 49.227252,20.0788 49.227285,20.078933 49.227286,20.079292 49.227406,20.079542 49.227536,20.079851 49.227582,20.08014 49.227637,20.080539 49.22783,20.080716 49.227899,20.080802 49.22796,20.080848 49.228025,20.080922 49.228322,20.080994 49.228397,20.081178 49.228432,20.081455 49.228463,20.081557 49.22851,20.081619 49.228545,20.081677 49.228576,20.081755 49.228548,20.081806 49.228463,20.08186 49.228347,20.081931 49.22833,20.08204 49.228371,20.082179 49.22846,20.082301 49.228583,20.082331 49.228836,20.082367 49.229008,20.082412 49.229136,20.082459 49.229186,20.082561 49.229214,20.082655 49.229226,20.082742 49.229275,20.082788 49.229365,20.082828 49.229431,20.08295 49.229522,20.083028 49.229613,20.08319 49.229713,20.083312 49.229749,20.083368 49.229799,20.083475 49.229944,20.083616 49.230207,20.083676 49.230256,20.083758 49.230277),(20.083758 49.230277,20.083936 49.230287),(20.083936 49.230287,20.084034 49.230313,20.084139 49.230484,20.084205 49.230722,20.084166 49.230841,20.084158 49.230893,20.084262 49.231121,20.084319 49.231156,20.084366 49.231315,20.084391 49.231374,20.084472 49.231522,20.084728 49.231585,20.084819 49.231589,20.084995 49.231653,20.085121 49.231699,20.085248 49.231797,20.085396 49.231943,20.085546 49.232127,20.085743 49.23226,20.085919 49.232411,20.086095 49.232628,20.086254 49.232786,20.086302 49.232822),(20.086302 49.232822,20.086432 49.232968),(20.086432 49.232968,20.086531 49.233051,20.086623 49.233072,20.086668 49.233121,20.086591 49.233206,20.086566 49.233272,20.086575 49.233332,20.086625 49.233395,20.086717 49.233458,20.086877 49.233525,20.087014 49.233571,20.087153 49.23365,20.087235 49.233678,20.087384 49.233798,20.08747 49.23383,20.087573 49.233845,20.087599 49.233884),(20.087599 49.233884,20.087656 49.2339,20.08779 49.233972))"
Rzeżuchy - Mały Staw,#16A34A,standard,1440,1665,"MULTILINESTRING((20.042302 49.212372,20.04242 49.212412,20.042582 49.21243,20.042697 49.212451,20.042783 49.212464,20.042886 49.212504,20.042945 49.212543,20.043029 49.212553,20.043115 49.212573,20.043219 49.212621,20.043291 49.21268,20.043347 49.212733,20.0435 49.212775,20.043574 49.212809,20.04364 49.212879,20.043679 49.212941,20.043691 49.212987,20.043691 49.213053,20.043743 49.213138,20.043744 49.213243,20.043717 49.21327,20.043724 49.213301,20.043744 49.213319,20.04374 49.213376,20.043702 49.213452,20.043757 49.213516,20.043739 49.213568,20.043747 49.213633,20.043766 49.213742,20.043827 49.213833,20.043906 49.213899,20.043964 49.213945,20.044012 49.213988,20.044039 49.21402,20.044214 49.214037,20.044269 49.214006,20.044304 49.214011,20.044324 49.21405,20.044318 49.214078,20.044348 49.21409,20.044419 49.214083,20.044427 49.214117,20.044495 49.214114,20.044596 49.214138,20.044691 49.214241,20.044722 49.214291,20.044741 49.214366,20.04478 49.214489,20.044857 49.214612,20.044891 49.214715,20.04492 49.214822,20.044856 49.214825,20.044761 49.21479,20.044663 49.214734,20.044546 49.214707,20.044551 49.214771,20.044562 49.214804,20.044588 49.214843,20.044609 49.214881,20.044679 49.215013,20.044646 49.215044,20.044655 49.21507,20.044694 49.215087,20.044743 49.215138,20.044729 49.215219,20.044806 49.215323,20.044858 49.215351,20.045111 49.215381,20.045127 49.215428,20.045258 49.215468,20.045272 49.215524,20.045516 49.215608,20.045664 49.215698,20.045696 49.215751,20.045623 49.215836,20.045626 49.215872,20.045673 49.215936,20.045756 49.215995,20.045774 49.216095,20.045872 49.216176,20.04613 49.216315,20.04638 49.216428,20.04653 49.216443,20.046726 49.216571,20.04684 49.216597,20.04687 49.216665,20.046926 49.216698,20.046995 49.216689,20.047128 49.216714,20.047234 49.21671,20.047407 49.216753,20.047501 49.216771,20.047601 49.216755,20.047772 49.216807,20.047836 49.216864,20.04801 49.217039,20.048178 49.217074,20.048261 49.217108,20.048392 49.217176,20.048614 49.217256,20.04865 49.217273,20.048767 49.217338,20.048854 49.217368,20.048964 49.21739,20.049099 49.217435,20.049231 49.217538,20.049374 49.21761,20.049417 49.217671,20.049639 49.217741,20.049777 49.217786,20.049842 49.217846,20.049918 49.217873,20.050006 49.217869,20.050077 49.217885,20.050139 49.217966,20.050215 49.217999,20.050306 49.218007,20.050392 49.217995,20.050564 49.218041,20.050786 49.21806,20.051013 49.218141,20.051161 49.218202))"
Via Slovakia (Štrbské pleso - Zuberec),#7C3AED,standard,1511,1594,"MULTILINESTRING((19.749973 49.202749,19.750016 49.20278,19.750044 49.202775,19.750062 49.202776,19.750135 49.202791,19.750264 49.202833,19.750322 49.202852,19.75039 49.202863,19.750457 49.202852,19.750527 49.202871,19.750563 49.202913,19.750566 49.202912,19.750576 49.202939,19.750572 49.202965,19.750538 49.203043,19.750515 49.203128,19.750512 49.20319,19.750532 49.203223,19.750533 49.203278,19.75056 49.20331,19.750577 49.203355,19.750632 49.203406,19.75068 49.203479,19.750716 49.203542,19.750742 49.203593,19.750762 49.203664,19.750767 49.203717,19.750778 49.203758,19.750781 49.203794,19.750763 49.203834,19.750763 49.203857,19.750817 49.203888,19.750866 49.20392,19.75089 49.203949,19.750907 49.204092,19.750913 49.204141,19.750933 49.204183,19.750964 49.204214,19.750976 49.204227,19.750987 49.204243,19.751025 49.204282,19.751033 49.204308,19.751049 49.204325,19.751078 49.20435,19.751082 49.20437,19.75109 49.204381,19.75111 49.204394,19.751108 49.204412,19.751118 49.204424,19.751137 49.204434,19.751152 49.204448,19.751177 49.204499,19.751185 49.204546,19.751198 49.204572,19.751248 49.204628,19.751295 49.204709),(19.751295 49.204709,19.751195 49.204682,19.751158 49.204669,19.751055 49.204655,19.750933 49.204631,19.75088 49.204622,19.750821 49.204602,19.750772 49.204595,19.750724 49.204598,19.750673 49.204609,19.750617 49.204622,19.750561 49.204628,19.750518 49.204627,19.750488 49.204633,19.750464 49.20465,19.750431 49.204681,19.750376 49.204707,19.750283 49.204736,19.750183 49.204778,19.750067 49.204847,19.750021 49.204884,19.749983 49.204921))"
Zazadnia - Rusinowa Polana,#2563EB,standard,974,1208,"MULTILINESTRING((20.087706 49.282197,20.087714 49.282144,20.08772 49.282121,20.087749 49.282064,20.087777 49.282017,20.087813 49.281963,20.087858 49.281901,20.088535 49.281145,20.088652 49.281012,20.088712 49.280941,20.088742 49.280901,20.088774 49.280853,20.088817 49.28078,20.088901 49.280635,20.088949 49.280485,20.088959 49.280023,20.088892 49.279677,20.088799 49.279064,20.088783 49.278795,20.08902 49.27816,20.089016 49.277986,20.089119 49.277286,20.089096 49.277181,20.089016 49.277041,20.088936 49.276957,20.088563 49.276683,20.088383 49.276494,20.088244 49.276287,20.08823 49.275741,20.088182 49.275626,20.088045 49.2755,20.08782 49.275356,20.08746 49.275206,20.087061 49.275078,20.086449 49.274934,20.086012 49.274784,20.085824 49.274699,20.085628 49.274611,20.084961 49.274138,20.084899 49.274073,20.084896 49.274002,20.084881 49.273868),(20.084881 49.273868,20.084862 49.273807),(20.084862 49.273807,20.084746 49.273459,20.084703 49.273298,20.084743 49.273198,20.084783 49.273067,20.085068 49.272708,20.08518 49.272519,20.085396 49.272293,20.085491 49.272171,20.085516 49.272038,20.085642 49.271783,20.085781 49.271679,20.085914 49.271627),(20.085914 49.271627,20.086015 49.271572),(20.086015 49.271572,20.086131 49.271522,20.086283 49.271249,20.086484 49.270691,20.086739 49.270263,20.086677 49.269959,20.086707 49.269742,20.086774 49.26946,20.086749 49.269136,20.086699 49.269028,20.086572 49.268898,20.086487 49.268687,20.086315 49.268384,20.086229 49.268046,20.086216 49.267992,20.0862 49.267833,20.086221 49.267679,20.086197 49.267551,20.085744 49.26701,20.085695 49.266879,20.085677 49.266782),(20.085677 49.266782,20.085708 49.266551),(20.085708 49.266551,20.085687 49.266453,20.085459 49.26624,20.085382 49.266012,20.08536 49.26593,20.085408 49.26587,20.085516 49.265865,20.085695 49.2659,20.086134 49.266044,20.086243 49.266043,20.086269 49.265999,20.086274 49.265904),(20.086274 49.265904,20.086305 49.2658,20.086336 49.265756,20.086399 49.265682,20.086333 49.265566,20.0862 49.265348),(20.0862 49.265348,20.086185 49.265263),(20.086185 49.265263,20.086189 49.265086,20.086312 49.26491,20.086355 49.264759),(20.086355 49.264759,20.086346 49.26432,20.086552 49.264173),(20.086552 49.264173,20.086704 49.264012,20.086779 49.263901,20.086827 49.263551,20.0868 49.263359),(20.0868 49.263359,20.08681 49.263325),(20.08681 49.263325,20.086866 49.263262),(20.086866 49.263262,20.086904 49.26324),(20.086904 49.26324,20.087184 49.263237,20.08722 49.263235,20.087273 49.263231,20.087332 49.263223,20.087378 49.263213,20.087427 49.263194,20.087589 49.263116,20.087821 49.263027,20.087991 49.26296,20.088172 49.262894,20.088234 49.262876,20.088284 49.262865,20.088366 49.262851,20.0885 49.262831,20.088703 49.262804,20.088791 49.262795,20.08888 49.262791,20.088936 49.26279,20.088985 49.262791,20.08905 49.262796,20.089377 49.262829,20.089423 49.262835,20.089585 49.262865,20.089622 49.262872,20.089895 49.262895,20.089937 49.262896,20.089984 49.262895,20.09029 49.262857))"
Rusinowa Polana - Palenica Białczańska,#2563EB,standard,987,1225,"MULTILINESTRING((20.09029 49.262857,20.090364 49.262845,20.090412 49.262833,20.090588 49.262763,20.090734 49.262704,20.090974 49.262611,20.09104 49.262583,20.091085 49.262561,20.09114 49.262531,20.091253 49.262461,20.091362 49.262399,20.091429 49.262364,20.09147 49.262335,20.091521 49.26229,20.091583 49.26223,20.09161 49.262192,20.091631 49.262145,20.091654 49.262079,20.091669 49.262064,20.091685 49.262051,20.091706 49.262042,20.091735 49.262034,20.091809 49.262002,20.09186 49.261974,20.091906 49.261942,20.091949 49.26191,20.091989 49.261875,20.09202 49.261834,20.092053 49.261786,20.092092 49.261712,20.092128 49.261634,20.092171 49.261512,20.09218 49.261486,20.092218 49.261305,20.092227 49.261234,20.092231 49.26119,20.092228 49.261155,20.092222 49.261119,20.092211 49.261088,20.092192 49.261048,20.092168 49.261013,20.092134 49.260976,20.092061 49.260901,20.091994 49.260833,20.091903 49.260739,20.091798 49.260618,20.091748 49.260556,20.091722 49.260513,20.091561 49.260237,20.091531 49.260193,20.091462 49.260106,20.091406 49.260038,20.091375 49.259995,20.091317 49.259883,20.091275 49.259811,20.091243 49.259747,20.091207 49.259655,20.091172 49.259548,20.091149 49.259489,20.091133 49.259456,20.091103 49.259412,20.091051 49.259324,20.090988 49.259209,20.090974 49.259181,20.090951 49.25913,20.090925 49.259084,20.090897 49.259046,20.090847 49.258992,20.090809 49.258957,20.09078 49.258908,20.090707 49.258812,20.09066 49.258756,20.090611 49.258706,20.090564 49.258667,20.090368 49.258545,20.090285 49.258501,20.090203 49.258448,20.090169 49.258428,20.090097 49.258396,20.089935 49.258331,20.089767 49.25826,20.089719 49.258243,20.089656 49.258224,20.089572 49.258202),(20.089572 49.258202,20.089635 49.258009,20.089651 49.257968,20.089669 49.257938,20.089686 49.257914,20.089713 49.257889,20.089932 49.257739,20.089954 49.257723,20.089972 49.257703,20.090079 49.257592,20.090121 49.257562,20.090159 49.25754,20.090201 49.257516,20.090271 49.257489,20.090403 49.257446,20.090502 49.257393,20.090562 49.257355,20.090588 49.257329,20.090624 49.25729,20.090663 49.257232,20.090685 49.257197,20.090718 49.257132,20.090732 49.257098,20.090745 49.257058,20.090758 49.257002,20.090773 49.256964,20.090802 49.256911,20.090823 49.256886,20.090852 49.256851,20.090909 49.256799,20.090939 49.25677,20.090965 49.256737,20.090978 49.256713,20.090986 49.256688,20.091003 49.256605,20.090999 49.256575,20.090994 49.256553,20.090953 49.256471,20.090919 49.256377,20.090895 49.256319,20.090882 49.256252,20.09084 49.256102,20.090834 49.25607,20.090836 49.256035,20.090843 49.256003,20.090859 49.25597,20.090908 49.255876,20.09094 49.255822,20.090947 49.2558,20.090947 49.25578,20.090941 49.255756,20.090931 49.255708,20.090928 49.255669,20.09093 49.255616,20.090936 49.255589,20.090948 49.255552,20.090966 49.255525,20.090984 49.255508,20.091014 49.255484,20.091045 49.255465,20.091076 49.25545,20.091115 49.255442,20.091171 49.255437,20.091248 49.255434,20.091306 49.255437,20.0914 49.255444,20.091467 49.25545,20.091507 49.255457,20.091548 49.255466,20.091593 49.255478,20.091639 49.255493,20.091886 49.255585,20.091937 49.2556,20.091984 49.255611,20.092033 49.255621,20.092081 49.255629,20.092119 49.255629,20.092191 49.255623,20.092361 49.255604,20.092422 49.255598,20.092475 49.255586,20.092626 49.25554,20.092671 49.255533,20.092745 49.255528,20.092824 49.255524,20.092872 49.255525,20.092912 49.255533,20.092969 49.255545,20.093067 49.255571,20.093188 49.255609,20.09326 49.255633,20.093284 49.255636,20.0933 49.255633,20.093322 49.255625,20.093335 49.255606,20.09334 49.255576,20.093344 49.255533,20.093345 49.255473,20.093356 49.255409,20.093382 49.255289,20.09338 49.255273,20.093369 49.255252,20.093351 49.255233,20.093316 49.255203,20.093114 49.255084,20.093032 49.255021,20.092929 49.254941,20.092877 49.25489,20.092823 49.254826,20.092807 49.254793,20.092802 49.254765,20.09281 49.254746,20.092834 49.25473,20.092874 49.254719,20.093039 49.254693,20.093219 49.254678,20.093272 49.254668,20.093321 49.254658,20.093379 49.254639,20.093515 49.254601,20.093553 49.254579,20.093593 49.254547,20.093645 49.254525,20.093696 49.254517,20.093781 49.254515,20.093884 49.254517,20.093937 49.254511,20.093975 49.254503,20.094023 49.254488,20.094089 49.254466,20.094129 49.25444,20.094146 49.254419,20.094172 49.254404,20.094209 49.254394,20.094243 49.254387,20.094297 49.254384,20.094371 49.254389,20.094443 49.254387,20.094522 49.254376,20.094631 49.25435,20.094759 49.254312,20.094815 49.254305,20.094849 49.254308,20.094905 49.254311,20.094963 49.254307,20.095016 49.254295,20.095079 49.254285,20.095143 49.254283,20.095217 49.25428,20.095275 49.254274,20.095355 49.254261,20.095529 49.254246,20.09562 49.254233,20.095696 49.254219,20.095733 49.254209,20.095773 49.254193,20.095815 49.254169,20.095865 49.254141,20.095935 49.254118,20.096094 49.254081,20.096264 49.254047,20.096328 49.254032,20.096392 49.254016,20.096527 49.253975,20.096625 49.253957,20.096708 49.253943,20.097013 49.253895,20.097063 49.253878,20.097102 49.253854,20.097178 49.253823,20.09721 49.253803,20.097232 49.253785,20.097263 49.253751,20.097324 49.253681,20.097367 49.253645,20.097408 49.253614,20.097446 49.253596,20.097572 49.253543,20.097642 49.25351,20.09771 49.253471,20.097775 49.25343,20.097864 49.253375,20.097982 49.253317,20.098109 49.253257,20.098205 49.253209,20.098318 49.253156,20.098519 49.253047,20.09857 49.253028,20.098655 49.253018,20.098755 49.25302,20.098908 49.253039,20.098968 49.253034,20.099093 49.253012,20.099215 49.253006,20.099308 49.253008,20.099412 49.253035,20.099505 49.253062,20.099967 49.253251,20.100148 49.253354,20.100329 49.253476,20.100417 49.253525,20.100505 49.253565,20.100663 49.25362,20.101024 49.253791,20.101114 49.253831,20.101191 49.253857,20.101269 49.253879,20.101355 49.253918,20.101431 49.253952,20.101489 49.253974,20.101638 49.254016,20.101682 49.254029,20.101728 49.254052,20.10178 49.254087,20.101831 49.254124,20.101931 49.254205,20.102048 49.254288,20.102218 49.254404,20.102297 49.254449,20.102364 49.254483,20.102439 49.254513,20.102497 49.254531,20.102569 49.254544,20.102645 49.254553,20.102812 49.254569,20.102919 49.254578),(20.102976 49.254545,20.102919 49.254578))"
Szlak 5617,#16A34A,standard,0,0,"MULTILINESTRING((19.8166 49.186065,19.816892 49.186165,19.817367 49.186416,19.817767 49.186633,19.818196 49.186761,19.818542 49.18684,19.81899 49.186983,19.819207 49.187052,19.819414 49.187089,19.819619 49.187085,19.819846 49.187073,19.820036 49.187049,19.82013 49.186987,19.820351 49.186958,19.820556 49.186837,19.820766 49.186784,19.821315 49.186819,19.821731 49.186849,19.822099 49.186886,19.82238 49.186945,19.822583 49.186962,19.822756 49.186923,19.823102 49.186901,19.823469 49.186928,19.823812 49.186943,19.824145 49.186911,19.824631 49.186985,19.825411 49.187202,19.825887 49.187473,19.825929 49.18758,19.826145 49.187754,19.826461 49.187914,19.826547 49.187979,19.826727 49.188003,19.826891 49.188101,19.827135 49.188327,19.827518 49.188774,19.827538 49.188981,19.827793 49.189258,19.827944 49.189334,19.828056 49.189455,19.828101 49.189574,19.828413 49.189792,19.828472 49.189934,19.828547 49.190136,19.82864 49.190542,19.82877 49.190831,19.828861 49.190954,19.828848 49.191122,19.828989 49.191348,19.829083 49.191614,19.82916 49.19181,19.829377 49.191873),(19.829377 49.191873,19.829279 49.191964,19.82919 49.192022,19.829062 49.192059,19.82897 49.192127,19.828871 49.192203,19.828807 49.192281,19.828699 49.192339,19.828552 49.192422,19.828434 49.192476,19.828378 49.192588,19.828252 49.192699,19.828026 49.192876,19.827852 49.192983,19.827798 49.193046,19.827779 49.193117,19.827745 49.193235,19.827686 49.193321,19.827664 49.193384,19.827597 49.193489,19.827399 49.193687,19.82733 49.193797,19.827236 49.194022,19.82715 49.194218,19.827088 49.194295,19.827051 49.194374,19.827083 49.194579,19.827169 49.194786,19.827189 49.194904,19.827215 49.195224,19.827273 49.195449,19.827319 49.195596,19.827387 49.195817,19.82747 49.196107,19.827507 49.196378,19.827479 49.196494,19.827495 49.196598,19.827545 49.1968,19.827604 49.197001,19.827668 49.197168,19.827745 49.197325,19.827822 49.197368,19.828055 49.197434,19.828336 49.197558,19.82857 49.197666,19.828812 49.197784,19.828973 49.197885,19.829091 49.197967,19.829118 49.198015,19.829099 49.198181,19.829054 49.198265,19.828995 49.198364,19.828945 49.198455,19.828926 49.198545,19.828957 49.198599,19.829011 49.198662,19.829027 49.198735,19.829034 49.198811,19.829043 49.198863,19.829066 49.198908,19.829079 49.19896,19.829084 49.199,19.829068 49.199038,19.829062 49.199086,19.829037 49.199165,19.829041 49.1992,19.829035 49.199219,19.829047 49.199251,19.829044 49.199286,19.829071 49.199338,19.829083 49.199363,19.829131 49.199387,19.829162 49.19942,19.82919 49.199478,19.829189 49.199504,19.829218 49.199545,19.829249 49.199586,19.829282 49.199613,19.829284 49.199654,19.829311 49.199687,19.829394 49.199725,19.829455 49.199745,19.829512 49.199781,19.829566 49.199823,19.829618 49.199878,19.829683 49.199919,19.829692 49.199959,19.829754 49.199999,19.829795 49.200047,19.829853 49.20008,19.829913 49.200096,19.829937 49.20012,19.829945 49.20015,19.829971 49.200178,19.829956 49.200235,19.829955 49.200265,19.829947 49.20031,19.829955 49.200341,19.829945 49.200372,19.829959 49.200418,19.829943 49.200451,19.829931 49.200489,19.829935 49.20051,19.829929 49.200541,19.829941 49.200567,19.829974 49.200613,19.829983 49.200657,19.829941 49.200724,19.829928 49.200791,19.829884 49.200852,19.829885 49.200887,19.829857 49.20096,19.829869 49.201025,19.829897 49.201123))"
Internationaler Bergwanderweg Eisenach–Budapest (Slowakei West),#DC2626,standard,793,897,"MULTILINESTRING((19.749914 49.297832,19.750013 49.297822,19.750106 49.297821,19.750189 49.297823,19.750854 49.297864),(19.750854 49.297864,19.751061 49.297871),(19.751061 49.297871,19.751178 49.297878,19.751267 49.297865,19.751321 49.297851,19.751375 49.297833,19.75144 49.297807,19.751506 49.29777,19.751724 49.297621,19.751852 49.29753,19.752361 49.297163),(19.752361 49.297163,19.752443 49.297104),(19.752443 49.297104,19.752568 49.297015,19.752686 49.296936,19.752798 49.296867,19.752825 49.296856),(19.752825 49.296856,19.752945 49.296893,19.753195 49.296795,19.753743 49.296695,19.753987 49.296661,19.754236 49.296676),(19.754236 49.296676,19.754941 49.296851,19.75662 49.29759,19.757887 49.298239,19.758264 49.29848),(19.758264 49.29848,19.758482 49.298604,19.758544 49.298714,19.758605 49.298819,19.758702 49.298838,19.758925 49.298878,19.759024 49.298964,19.75938 49.299293,19.759894 49.299764,19.761273 49.300597))"
Zakopane - Magura Witowska,#1F2937,standard,0,0,"MULTILINESTRING((19.9456 49.29837,19.945529 49.298293),(19.945529 49.298293,19.944702 49.298627,19.943898 49.298946,19.942535 49.299498,19.940899 49.300156),(19.820454 49.300097,19.820382 49.299956,19.820237 49.299821,19.820014 49.299639,19.819771 49.299449,19.819596 49.299288,19.819475 49.299111,19.818561 49.298502,19.818309 49.298326,19.818081 49.298184,19.817858 49.298021,19.817614 49.297871,19.817155 49.297719,19.816911 49.297609,19.816638 49.297484,19.816509 49.297395,19.816318 49.297303,19.815929 49.297087,19.815583 49.296832,19.815074 49.296519,19.814731 49.296276,19.814607 49.296225,19.814385 49.296194,19.81417 49.296204,19.814004 49.29622,19.813797 49.296169,19.813285 49.295947,19.812984 49.295863,19.812813 49.29584,19.812472 49.295737,19.811812 49.295642,19.811295 49.295487,19.810533 49.295345,19.810337 49.295373,19.810072 49.295443,19.809825 49.295459,19.808702 49.295601,19.808586 49.295616,19.808004 49.295648,19.807456 49.295646,19.807203 49.295638,19.806534 49.295618,19.806368 49.295613,19.805131 49.295597,19.804228 49.295612,19.803334 49.295608,19.802747 49.295634,19.801644 49.295721,19.80059 49.295782,19.7999 49.295834,19.7996 49.295867,19.799319 49.295888,19.798811 49.295878),(19.798811 49.295878,19.798653 49.295814,19.798447 49.295763,19.798345 49.295765,19.798154 49.295788,19.79802 49.29583,19.797926 49.295851,19.797881 49.295861,19.797835 49.295875,19.797742 49.295926,19.797607 49.295963,19.79742 49.295992,19.797006 49.296033,19.79658 49.296043,19.796167 49.296033,19.796006 49.295982,19.795877 49.295954,19.795655 49.295936,19.7954 49.29591,19.795285 49.295912,19.795161 49.295924,19.795028 49.295929,19.794913 49.295929,19.794767 49.295929,19.794666 49.295935,19.794599 49.295938,19.794558 49.295943,19.794504 49.295951,19.794446 49.295958))"
Szlak Náučný ovčiarsky chodník v Račkovej doline,#7C3AED,standard,0,0,"MULTILINESTRING((19.814851 49.183982,19.814819 49.183995,19.814795 49.184075,19.814792 49.184128,19.8149 49.184272,19.814953 49.184333,19.814995 49.1844,19.815052 49.184522,19.815149 49.184607,19.815248 49.184722,19.815313 49.184808,19.815431 49.184924,19.815751 49.185128,19.816118 49.185303,19.816176 49.185361,19.816178 49.185457,19.816182 49.185536,19.816241 49.185601,19.81637 49.185722,19.816406 49.185815,19.816455 49.185882,19.816526 49.185934,19.816575 49.185989,19.8166 49.186065),(19.814956 49.18394,19.814851 49.183982),(19.811249 49.179769,19.81152 49.180211,19.811595 49.180292,19.811737 49.180394,19.811914 49.180485,19.812008 49.180548,19.812153 49.180637,19.812268 49.180665,19.812368 49.18072,19.812416 49.180767,19.812448 49.180844,19.81251 49.180935,19.812571 49.181083,19.812644 49.181197,19.812719 49.181281,19.812743 49.181386,19.812748 49.181458,19.812778 49.181509,19.812812 49.181543,19.813092 49.181709,19.813228 49.181741,19.813255 49.181759,19.813298 49.181792,19.813316 49.181812,19.813414 49.181872,19.813467 49.181935,19.813634 49.1821,19.813899 49.182485,19.813996 49.182657,19.814025 49.182713,19.814057 49.182762,19.814127 49.182894,19.814321 49.183129,19.814406 49.183251,19.814502 49.183348,19.814548 49.183381,19.814728 49.183478,19.814886 49.18365,19.815004 49.183788,19.815039 49.183823,19.81505 49.183863,19.815012 49.183909,19.814956 49.18394))"
Náučný chodník A. Kocyana v Oraviciach - Okruh A,#16A34A,standard,793,1228,"MULTILINESTRING((19.749914 49.297832,19.750013 49.297822,19.750106 49.297821,19.750189 49.297823,19.750854 49.297864),(19.750854 49.297864,19.751061 49.297871),(19.751061 49.297871,19.751178 49.297878,19.751267 49.297865,19.751321 49.297851,19.751375 49.297833,19.75144 49.297807,19.751506 49.29777,19.751724 49.297621,19.751852 49.29753,19.752361 49.297163),(19.752361 49.297163,19.752443 49.297104),(19.752443 49.297104,19.752568 49.297015,19.752686 49.296936,19.752798 49.296867,19.752825 49.296856),(19.752825 49.296856,19.753473 49.296514,19.753996 49.296253,19.75444 49.29604,19.754916 49.29582,19.755435 49.295566,19.755962 49.295301,19.756486 49.29504,19.756998 49.294791,19.757669 49.294459,19.757888 49.294351,19.758651 49.293982,19.759375 49.29362,19.760486 49.293065,19.760872 49.292875,19.761306 49.292656,19.761522 49.292556,19.761668 49.292488,19.761851 49.292415,19.762023 49.292354,19.762208 49.292292,19.763037 49.29204,19.764167 49.291699,19.764888 49.291473,19.765991 49.291139,19.766413 49.291019,19.766808 49.290897,19.767213 49.290773,19.76743 49.290712,19.767637 49.290657,19.767789 49.290615,19.767907 49.290583,19.768148 49.290507,19.768472 49.290391,19.768603 49.290332,19.768681 49.29028,19.769053 49.289976,19.769196 49.289862,19.769275 49.289808,19.769369 49.289752,19.769452 49.289709,19.769565 49.289664,19.769812 49.289576,19.770552 49.28932,19.770936 49.289196,19.771301 49.289072,19.771899 49.288859,19.772071 49.288796,19.772121 49.288778,19.772166 49.288761,19.772247 49.288719,19.772391 49.288629,19.77246 49.28858,19.772521 49.288532,19.772617 49.288452,19.772949 49.288117),(19.772949 49.288117,19.773082 49.287975,19.773245 49.287812,19.773346 49.287717,19.773473 49.287598,19.773535 49.287546,19.773618 49.287485,19.773717 49.287416,19.773855 49.287335,19.774115 49.287192,19.774251 49.287129,19.774346 49.287066,19.774751 49.286673,19.775143 49.286298,19.775247 49.286185,19.775352 49.286062,19.775616 49.285746,19.775679 49.285676,19.77575 49.285614,19.775839 49.285551,19.775922 49.285508,19.776021 49.285468,19.776128 49.285436,19.776238 49.285408,19.777139 49.285198,19.777581 49.285109,19.777909 49.28505,19.778158 49.285001,19.778356 49.284954,19.77845 49.284927,19.778538 49.284895,19.778664 49.284835,19.778786 49.284765,19.779107 49.284607,19.779232 49.28457,19.779336 49.284543,19.77948 49.28452,19.779881 49.284469,19.780279 49.284434,19.780699 49.284408,19.781081 49.284406,19.781771 49.284407,19.782246 49.284389,19.782468 49.284382,19.782681 49.284369,19.782862 49.284355,19.783013 49.28434,19.783321 49.284301,19.783935 49.284219,19.784249 49.28418,19.784505 49.284145,19.784723 49.284121,19.784993 49.284095,19.785165 49.284067,19.785336 49.284031,19.785937 49.28389,19.786121 49.283853,19.786313 49.28381,19.786665 49.283734,19.787197 49.283648,19.787338 49.283631,19.787498 49.283616,19.787845 49.283601,19.787988 49.283597,19.788126 49.2836,19.78832 49.283618,19.788496 49.283637,19.789 49.283696,19.789185 49.283715,19.789373 49.283731,19.789557 49.283744,19.789772 49.28375,19.789999 49.283756,19.790243 49.283753,19.790655 49.283743,19.791075 49.283716,19.791347 49.283688,19.791647 49.283643,19.792003 49.283601,19.792185 49.283599,19.792382 49.283603,19.792921 49.283664,19.793045 49.283676,19.79317 49.28368,19.793294 49.283676,19.793419 49.283666,19.793573 49.28364,19.793723 49.283602,19.79387 49.28355,19.794022 49.283475,19.794126 49.283405,19.794245 49.283319,19.794356 49.283238,19.794505 49.28313),(19.794505 49.28313,19.794588 49.283071),(19.794588 49.283071,19.79477 49.282949,19.794873 49.282901,19.794989 49.282863,19.795121 49.282842,19.795232 49.282833,19.795462 49.28282,19.795899 49.282795,19.796258 49.28277,19.796626 49.282734,19.797328 49.282641,19.797531 49.282613,19.797742 49.282591,19.798157 49.282548,19.79882 49.282478,19.799159 49.282436,19.799501 49.282384,19.799691 49.282343,19.800017 49.282259,19.800335 49.282173,19.801004 49.281973,19.801336 49.281886,19.801711 49.281757,19.802074 49.281625,19.802222 49.281585,19.802396 49.281555,19.803353 49.281403,19.803534 49.281368,19.804104 49.281247,19.804922 49.281095),(19.804922 49.281095,19.805063 49.281078),(19.805063 49.281078,19.805206 49.281061,19.805321 49.28106,19.805441 49.281066,19.805555 49.281082,19.805669 49.281108,19.806011 49.281206,19.806182 49.281248,19.806317 49.281285,19.806492 49.281301,19.807971 49.281423),(19.807971 49.281423,19.808221 49.281455,19.808472 49.281496,19.808763 49.281554,19.808813 49.281567,19.809221 49.281675,19.809685 49.281808,19.809981 49.281887),(19.809981 49.281887,19.810106 49.281913,19.810247 49.281933,19.810399 49.281949,19.81055 49.281956,19.81184 49.281954,19.812436 49.28196,19.813021 49.281961,19.813229 49.28197,19.813414 49.281991,19.813618 49.282033,19.813775 49.282066,19.813875 49.282081,19.814125 49.282139,19.814677 49.282247,19.815302 49.282363,19.815498 49.282407,19.815693 49.282445,19.81588 49.282471,19.81603 49.282482,19.816436 49.28251,19.816632 49.282532,19.816813 49.282564,19.817005 49.282613,19.817176 49.282679),(19.817176 49.282679,19.817242 49.282718,19.817301 49.282766,19.817352 49.282813,19.817394 49.282864,19.817437 49.282917,19.81747 49.282976,19.817501 49.283036,19.817527 49.283105,19.81755 49.283176,19.817554 49.28324,19.81755 49.283305,19.817529 49.283374,19.817503 49.283439,19.817461 49.2835,19.817409 49.283557,19.81735 49.283614,19.816711 49.284174,19.816159 49.284639,19.81606 49.284735,19.815918 49.284882,19.815845 49.284962,19.815496 49.285413,19.815401 49.285517,19.815237 49.285689,19.815165 49.285756,19.815078 49.285821,19.814988 49.285876,19.814886 49.285918,19.814783 49.285943,19.814676 49.285963,19.814481 49.28599,19.814375 49.286007,19.814083 49.286063,19.813872 49.286111,19.813626 49.286183,19.813418 49.286253,19.813278 49.286306,19.813153 49.286358,19.813023 49.286414,19.812903 49.286472,19.812785 49.286543,19.812683 49.286608,19.812392 49.286779,19.812173 49.286905,19.81209 49.286953,19.811765 49.287128,19.81146 49.287302,19.810491 49.287894,19.810375 49.287965,19.809878 49.288236,19.809432 49.288494,19.809337 49.288547,19.809268 49.288598,19.809199 49.28865,19.809122 49.2887,19.80868 49.28895,19.808411 49.289104,19.808265 49.289183,19.808184 49.289219,19.808104 49.289247,19.807965 49.289285,19.80782 49.289313,19.807522 49.28936,19.807219 49.289407,19.807076 49.289437,19.806861 49.289502,19.806661 49.289571,19.806441 49.289648,19.806254 49.289723,19.805909 49.289881,19.805924 49.289894,19.805647 49.290001,19.805465 49.290081,19.804989 49.290272,19.804498 49.290459,19.804312 49.290519,19.804125 49.290567,19.803836 49.29064,19.803311 49.290779,19.802882 49.290904,19.802633 49.290986,19.802398 49.291067,19.802313 49.291096,19.802219 49.291122,19.802171 49.29113,19.802116 49.291134,19.802061 49.291137,19.802002 49.291135,19.801891 49.291121,19.801773 49.291101,19.801295 49.291012,19.800835 49.290921,19.799861 49.290716,19.799502 49.290638,19.799124 49.290568,19.798742 49.290514,19.79832 49.290442,19.79747 49.290323,19.796525 49.290189,19.796069 49.290128,19.795601 49.29007,19.795081 49.290006,19.794867 49.289981,19.794629 49.289966,19.794421 49.289959,19.794208 49.28995,19.793737 49.289918,19.792981 49.28992,19.792263 49.289926,19.792067 49.289932,19.79147 49.289948,19.791167 49.289963,19.790903 49.289977,19.790427 49.290019,19.78997 49.290039,19.789561 49.290064,19.789329 49.290085,19.789114 49.290121,19.788816 49.290182,19.788509 49.290247,19.787388 49.290503,19.786986 49.290585,19.786861 49.290602,19.786723 49.29062,19.786489 49.290654,19.786074 49.290732,19.785615 49.290832,19.785456 49.290856,19.78538 49.290867,19.785268 49.290883,19.784922 49.290917,19.784545 49.290958,19.784277 49.290995,19.78368 49.291142,19.783357 49.291229,19.783095 49.291313,19.782643 49.291458,19.782284 49.291589,19.781436 49.291892,19.781246 49.291972,19.781086 49.292032,19.780819 49.292107,19.780444 49.292202,19.7801 49.292302,19.779588 49.292462,19.779339 49.292528,19.779097 49.292588,19.778857 49.29265,19.778644 49.292713,19.777952 49.292922,19.777663 49.293006,19.777472 49.293078,19.777366 49.293131,19.777282 49.293183,19.777119 49.293302,19.776796 49.293515,19.776587 49.293654,19.776337 49.293855,19.776131 49.294037,19.775763 49.294394,19.775714 49.294457,19.775676 49.294515,19.775635 49.294592,19.775608 49.294677,19.77557 49.294852,19.775538 49.294945,19.775496 49.295029,19.775447 49.295102,19.775384 49.295183,19.774841 49.295827,19.774628 49.296036,19.774446 49.296222,19.774366 49.296326,19.774295 49.296438,19.774167 49.29667,19.774066 49.296947,19.774009 49.29724,19.774023 49.297418,19.774047 49.297539,19.774066 49.297626,19.774064 49.297718,19.774036 49.297806,19.773968 49.297911,19.773871 49.297994),(19.765047 49.300004,19.7651 49.29995,19.765208 49.299884,19.765342 49.299818,19.765558 49.299745,19.765812 49.299674,19.766078 49.299585,19.766291 49.299491,19.766694 49.299302,19.767046 49.299115,19.767463 49.298898,19.767677 49.298781,19.767856 49.298664,19.768383 49.2983,19.768673 49.298071,19.768821 49.297972,19.768897 49.29793,19.768976 49.297894,19.769069 49.29786,19.769179 49.29784,19.769283 49.29783,19.769412 49.297824,19.769633 49.297811,19.769849 49.297791,19.77019 49.297763,19.77063 49.297738,19.770831 49.297736,19.771027 49.297741,19.771237 49.29775,19.77144 49.297767,19.771705 49.297795,19.771947 49.297823,19.772191 49.29786,19.772365 49.297902,19.772565 49.297954,19.772766 49.298014,19.772935 49.298057,19.77319 49.298119,19.773288 49.298135,19.773368 49.298145,19.773451 49.298148,19.773548 49.298144,19.773636 49.298118,19.773755 49.298065,19.773871 49.297994),(19.754609 49.300349,19.75437 49.299947,19.754255 49.299735,19.754172 49.299605,19.754005 49.299438,19.753818 49.299277,19.753682 49.299144,19.753504 49.298967,19.753313 49.298791,19.753152 49.298656,19.752941 49.298478,19.752806 49.298375,19.75275 49.298322,19.752709 49.298275,19.752664 49.298219,19.752617 49.298173,19.752509 49.298088,19.752196 49.297873,19.751903 49.297694,19.751807 49.297657,19.751724 49.297621),(19.793812 49.295962,19.793945 49.295924,19.794043 49.295915,19.794111 49.295911,19.794198 49.295939,19.794286 49.295978),(19.794286 49.295978,19.794446 49.295958))"
Szlak Maryjny - etap 1.,#2563EB,standard,0,0,"MULTILINESTRING((19.945609 49.296223,19.945423 49.296227,19.945274 49.296221,19.945173 49.296191),(19.945853 49.295538,19.945743 49.295613,19.945725 49.295671,19.945661 49.295973,19.945609 49.296223),(19.945908 49.295509,19.945853 49.295538),(19.945908 49.295509,19.945706 49.295357,19.945675 49.295334,19.945599 49.295277,19.945516 49.295219,19.945363 49.295111,19.945286 49.295057,19.944739 49.294739,19.944662 49.294694,19.944389 49.294532,19.944327 49.294496,19.944085 49.294354,19.943998 49.294303,19.943928 49.29426,19.943847 49.294209,19.943769 49.294154,19.943688 49.294097,19.943615 49.294041,19.94356 49.293992,19.943501 49.293943,19.943448 49.293891,19.943389 49.293836,19.943337 49.293784,19.943245 49.29369,19.943077 49.293517,19.943038 49.293478,19.942991 49.293434,19.942948 49.293396,19.942918 49.293373,19.942893 49.293354,19.942865 49.293334,19.94283 49.293311,19.942793 49.293286,19.942749 49.293261,19.942715 49.293242,19.942669 49.293217,19.942627 49.293196,19.942583 49.293176,19.94255 49.293161,19.942509 49.293145,19.942464 49.293126,19.942429 49.293114,19.942381 49.293099,19.942346 49.293088,19.942328 49.293082,19.942285 49.29307,19.94224 49.293058,19.942143 49.293032,19.942084 49.293016,19.942014 49.292997,19.941951 49.292979),(19.941951 49.292979,19.941772 49.29293),(19.941772 49.29293,19.941746 49.292923,19.941717 49.292915,19.941679 49.292904,19.941624 49.292889,19.941566 49.292873),(19.941566 49.292873,19.941526 49.292862,19.941399 49.292827),(19.941399 49.292827,19.941323 49.292806,19.941266 49.292791,19.941207 49.292775,19.941003 49.29272),(19.941003 49.29272,19.94091 49.292696,19.940872 49.292687,19.940836 49.292679,19.940798 49.292671,19.940686 49.29265,19.940578 49.292631,19.940559 49.292628,19.940448 49.292608,19.940418 49.292603,19.940168 49.292558,19.940109 49.292548,19.940049 49.292538,19.939988 49.292527,19.939884 49.292509,19.939834 49.292501,19.939376 49.292422,19.939307 49.29241,19.939175 49.292386,19.938971 49.292352,19.938939 49.292346,19.938815 49.292324,19.938765 49.292315,19.938723 49.292307,19.938675 49.292297,19.938626 49.292288,19.938576 49.292276,19.938529 49.292265,19.938474 49.292251,19.938426 49.292239,19.938381 49.292227,19.938341 49.292215,19.938285 49.292198,19.938243 49.292184,19.938205 49.292172,19.938154 49.292153,19.938107 49.292136,19.938049 49.292114,19.937999 49.292093,19.937943 49.29207,19.937902 49.292051,19.937864 49.292034,19.937817 49.292011,19.937786 49.291995,19.937758 49.29198,19.937723 49.291962),(19.937723 49.291962,19.937684 49.291939,19.937655 49.291921,19.937616 49.291898,19.937571 49.29187,19.937486 49.291813,19.937428 49.291776,19.937377 49.291739,19.937184 49.291607),(19.937184 49.291607,19.937104 49.29155,19.937042 49.291506,19.936905 49.291413,19.936837 49.291369,19.936741 49.291311,19.936656 49.29126,19.936613 49.291237,19.936565 49.29121,19.936473 49.291161,19.936446 49.291147,19.936391 49.291118,19.936341 49.291094,19.936278 49.291064,19.93621 49.291032,19.936156 49.291008,19.936089 49.290979,19.935944 49.290918,19.935842 49.290875,19.935795 49.290856,19.935717 49.290823,19.935336 49.290665,19.935132 49.290581,19.935017 49.290533,19.93488 49.290475,19.934799 49.290442,19.934717 49.290409,19.934632 49.290376,19.934515 49.290333,19.934376 49.290285,19.934222 49.290239,19.934059 49.290191),(19.934059 49.290191,19.933751 49.2901,19.933703 49.290086,19.933648 49.290068,19.933609 49.290056,19.933563 49.29004,19.933515 49.290023,19.933476 49.290008,19.933431 49.289988,19.9334 49.289974,19.933364 49.289955,19.933327 49.289935,19.933286 49.289913,19.933252 49.28989,19.933223 49.289872,19.933176 49.28984,19.933141 49.289815,19.933107 49.289789,19.933077 49.289765,19.933045 49.289737,19.933023 49.289717,19.933001 49.289696,19.932978 49.289673,19.932958 49.289653,19.932938 49.289631,19.932922 49.289612,19.932901 49.289586,19.932885 49.289566,19.932869 49.289544,19.932854 49.289521,19.932839 49.289499,19.932827 49.289479,19.932813 49.289454,19.932798 49.289424,19.932761 49.289342,19.932748 49.289313,19.93273 49.289278,19.932717 49.289252,19.932706 49.289229,19.932695 49.289211,19.932686 49.289196,19.932674 49.289178,19.932658 49.289155,19.932634 49.289125),(19.932634 49.289125,19.932616 49.289103,19.932591 49.289075,19.932556 49.289039),(19.932556 49.289039,19.932528 49.289012,19.932495 49.288986,19.932429 49.288933,19.932335 49.288862,19.932229 49.288784,19.93211 49.288695,19.932 49.288616),(19.932 49.288616,19.93194 49.288573),(19.931276 49.28809,19.931695 49.288395,19.93194 49.288573),(19.924886 49.28496,19.924947 49.284975,19.924998 49.284988,19.925048 49.285001,19.925093 49.285013,19.925145 49.285028,19.925185 49.28504,19.925225 49.285053,19.925284 49.285072,19.925332 49.285091,19.925378 49.285109,19.925422 49.285126,19.925485 49.285153,19.92555 49.285181,19.925605 49.285207,19.925649 49.285229,19.925716 49.285265,19.925774 49.285296,19.925926 49.285377,19.926013 49.285424,19.926197 49.285523,19.926261 49.285557,19.926329 49.285591,19.926416 49.285633,19.926464 49.285656,19.926507 49.285676,19.926541 49.285691,19.926585 49.285709,19.926623 49.285724,19.926661 49.285739,19.92669 49.285749,19.926735 49.285766,19.926773 49.28578,19.926852 49.285807,19.926955 49.28584,19.927276 49.285941,19.927672 49.286066,19.927819 49.286112,19.928401 49.286295,19.928663 49.286378,19.928902 49.286453,19.928959 49.286472,19.929006 49.286488,19.92904 49.286501,19.929068 49.286513,19.929102 49.286529,19.929135 49.286546,19.929164 49.286563,19.929189 49.286577,19.929216 49.286593,19.929245 49.286614,19.929285 49.28664,19.93 49.287161,19.930297 49.287377,19.930585 49.287586,19.930824 49.287761,19.930937 49.287842,19.931015 49.287899,19.931276 49.28809),(19.924496 49.284865,19.924721 49.28492,19.924886 49.28496),(19.923882 49.284717,19.924292 49.284816,19.924496 49.284865),(19.921463 49.283728,19.921704 49.283818,19.921964 49.283916,19.922116 49.283974,19.92222 49.284014,19.922279 49.284038,19.922352 49.284067,19.922396 49.284085,19.922428 49.284099,19.922466 49.284115,19.922504 49.284132,19.922549 49.284154,19.92261 49.284184,19.922854 49.284304,19.923002 49.284376,19.923095 49.284422,19.923184 49.284463,19.923218 49.284479,19.923262 49.284499,19.923271 49.284503,19.923306 49.284519,19.923352 49.284538,19.923418 49.284565,19.923467 49.284585,19.923513 49.284602,19.923549 49.284616,19.923588 49.28463,19.923625 49.284642,19.923679 49.284659,19.923717 49.284671,19.923747 49.28468,19.923787 49.28469,19.923835 49.284704,19.923882 49.284717),(19.91514 49.2814,19.915405 49.281493,19.915565 49.281549,19.915905 49.281671,19.915946 49.281687,19.916689 49.281948,19.917095 49.282098,19.917528 49.282259,19.918021 49.282443,19.918109 49.282477,19.918359 49.282571,19.918662 49.282683,19.919368 49.282945,19.91959 49.283029,19.919957 49.283166,19.92007 49.283208,19.92029 49.283289,19.920621 49.283414,19.920651 49.283425,19.921047 49.283573,19.921463 49.283728),(19.914613 49.281215,19.914785 49.281277,19.91514 49.2814),(19.914182 49.281064,19.914224 49.281079,19.914347 49.281121,19.914613 49.281215),(19.914046 49.281019,19.914182 49.281064),(19.910572 49.279665,19.911158 49.279825,19.911736 49.279986,19.911886 49.280034,19.912031 49.280085,19.912154 49.280132,19.912252 49.280174,19.91241 49.280244,19.912813 49.280439,19.913023 49.280535,19.913514 49.280792,19.913606 49.280834,19.913802 49.280917,19.914046 49.281019),(19.90622 49.278448,19.906777 49.278604,19.907473 49.278793,19.909071 49.279246,19.909597 49.279393,19.910572 49.279665),(19.905878 49.278359,19.90622 49.278448),(19.904406 49.278143,19.904667 49.278162,19.904947 49.278196,19.90534 49.278253,19.905608 49.278305,19.905878 49.278359),(19.904406 49.278143,19.90444 49.27811),(19.904302 49.278101,19.90444 49.27811),(19.904302 49.278101,19.904254 49.278073,19.90419 49.278054,19.904048 49.278013,19.903671 49.277903,19.90357 49.277887,19.903461 49.277878,19.903234 49.277871,19.902592 49.27786,19.902009 49.277871,19.901852 49.277863,19.90162 49.277832,19.901463 49.277798,19.901259 49.27773,19.901125 49.277628,19.900925 49.277376,19.900874 49.277264,19.900859 49.277146,19.900873 49.276789,19.900867 49.276683,19.900891 49.276586,19.900958 49.276407,19.901028 49.276246,19.901021 49.276167,19.90095 49.276065,19.9009 49.276032,19.900817 49.275995,19.900547 49.275932,19.900413 49.275877,19.900047 49.275683,19.899732 49.27556,19.899448 49.27546,19.898954 49.275256,19.898817 49.275179,19.898685 49.275046,19.898431 49.274749,19.898079 49.274555,19.897733 49.274433,19.896572 49.273904,19.896374 49.273802,19.896192 49.273727),(19.896192 49.273727,19.896038 49.273677),(19.896038 49.273677,19.895978 49.273673,19.895814 49.273671,19.895691 49.273694,19.895419 49.273819,19.89506 49.273979,19.89438 49.274195,19.894103 49.274302,19.894007 49.274317,19.89377 49.274319,19.893264 49.274214,19.892661 49.274051,19.892255 49.273896,19.892149 49.273864,19.891929 49.273829,19.891513 49.273778,19.891429 49.273759,19.891196 49.273676,19.891035 49.273642,19.890584 49.273593,19.889577 49.273533,19.888721 49.273502,19.888584 49.273517,19.888155 49.27366,19.887945 49.273698,19.887668 49.273771,19.887559 49.273786,19.887217 49.273792,19.886689 49.273841,19.886362 49.273851,19.885779 49.273846,19.88557 49.27387,19.885372 49.273914,19.885156 49.273941),(19.885156 49.273941,19.885004 49.273953,19.884801 49.273961,19.884581 49.273953,19.883244 49.273802,19.882462 49.273697,19.882206 49.273657),(19.882206 49.273657,19.882026 49.273648,19.881841 49.273662),(19.881841 49.273662,19.88179 49.27367),(19.88179 49.27367,19.881558 49.27372,19.881323 49.273768,19.881196 49.273801,19.880736 49.273942,19.880575 49.273969,19.880353 49.273994,19.880143 49.274041,19.879991 49.274089,19.879643 49.274228,19.879298 49.274353,19.878726 49.27444,19.877667 49.274541,19.87755 49.27454,19.877351 49.274513,19.877129 49.274503,19.876973 49.274512,19.876611 49.274573,19.876375 49.274579,19.876086 49.274569,19.875813 49.274557,19.875564 49.274562,19.875233 49.2746,19.874419 49.274775,19.873993 49.274844,19.873777 49.27489,19.873283 49.275031,19.873157 49.275054,19.872415 49.275093,19.872185 49.275118,19.871514 49.275236,19.871355 49.275255,19.871246 49.27525,19.871165 49.275259,19.871125 49.275272,19.870991 49.275316),(19.868932 49.275474,19.869121 49.275442,19.869237 49.275422,19.869653 49.275376,19.869739 49.275366,19.869933 49.275351,19.870202 49.275327,19.870448 49.275314,19.870716 49.275308,19.870991 49.275316),(19.86881 49.275497,19.868932 49.275474),(19.868297 49.275635,19.868507 49.275569,19.86881 49.275497),(19.867984 49.27575,19.868297 49.275635),(19.867776 49.275836,19.867882 49.275795,19.867984 49.27575),(19.864802 49.277973,19.864829 49.277953,19.864936 49.277871,19.865104 49.277742,19.86517 49.277692,19.865185 49.27768,19.865494 49.277444,19.865516 49.277427,19.86571 49.27728,19.865931 49.277113,19.86667 49.276553,19.866847 49.276419,19.867069 49.27625,19.867335 49.276066,19.867446 49.275999,19.86752 49.275957,19.867645 49.275897,19.867776 49.275836),(19.863764 49.2787,19.863807 49.278682,19.864006 49.278568,19.864161 49.27846,19.864203 49.278428,19.864488 49.278214,19.864516 49.278192,19.864767 49.278,19.864802 49.277973),(19.859823 49.279311,19.860043 49.279254,19.860209 49.279222,19.860372 49.279197,19.860665 49.279163,19.862641 49.278954,19.862922 49.278923,19.863187 49.278879,19.863393 49.278833,19.863606 49.278766,19.863764 49.2787),(19.859386 49.279503,19.859522 49.279436,19.859599 49.279397,19.859725 49.279345,19.859823 49.279311),(19.858527 49.279124,19.858779 49.279176,19.859178 49.279363,19.859386 49.279503),(19.857923 49.279016,19.858527 49.279124),(19.857726 49.278849,19.857923 49.279016),(19.856576 49.278369,19.856649 49.278361,19.856796 49.278345,19.8569 49.278377,19.857052 49.278463,19.857432 49.278673,19.857726 49.278849),(19.850061 49.277817,19.850688 49.277845,19.851273 49.277871,19.852689 49.277974,19.853722 49.278058,19.854237 49.278072,19.854642 49.278131,19.854851 49.278193,19.855087 49.278231,19.855334 49.278214,19.855537 49.278236,19.856243 49.27831,19.856473 49.278362,19.856576 49.278369),(19.850061 49.277817,19.850038 49.277787,19.849894 49.277653),(19.849834 49.277656,19.849894 49.277653),(19.849761 49.277664,19.849834 49.277656),(19.849782 49.277738,19.849761 49.277664),(19.84199 49.279054,19.842199 49.279066,19.842693 49.279085,19.843012 49.27902,19.843226 49.27897,19.843422 49.27892,19.843674 49.278807,19.843893 49.278721,19.845228 49.278296,19.845379 49.278247,19.84576 49.278159,19.845969 49.278122,19.846294 49.278121,19.846443 49.278129,19.846768 49.278114,19.847216 49.278107,19.847881 49.278001,19.848172 49.277963,19.848341 49.277966,19.848481 49.27795,19.848731 49.277864,19.849002 49.277748,19.849085 49.277717,19.84918 49.277701,19.849291 49.277716,19.849363 49.277749,19.849505 49.277766,19.849693 49.277747,19.849782 49.277738),(19.831387 49.276658,19.831472 49.276635,19.831571 49.27664,19.831851 49.276644,19.832256 49.276578,19.832621 49.276615,19.832792 49.276651,19.832912 49.276708,19.833047 49.276819,19.833405 49.276966,19.833646 49.277035,19.833934 49.277169,19.834048 49.277228,19.8343 49.277265,19.834906 49.277318,19.835173 49.277384,19.835301 49.277383,19.836006 49.277326,19.836358 49.277278,19.8366 49.277274,19.836803 49.277293,19.83691 49.277277,19.837009 49.277299,19.837181 49.277307,19.837302 49.277347,19.837456 49.277396,19.837602 49.277413,19.837723 49.27738,19.837837 49.277327,19.837906 49.277311,19.837957 49.277327,19.838062 49.277316,19.838152 49.27727,19.838346 49.277223,19.838432 49.277199,19.838518 49.277215,19.838673 49.277257,19.838793 49.277277,19.839066 49.277364,19.839293 49.277453,19.839607 49.277554,19.840009 49.277697,19.840418 49.277832,19.840721 49.277993,19.840928 49.27814,19.841211 49.278335,19.841305 49.278402,19.841432 49.278492,19.841587 49.278642,19.841815 49.278894,19.84199 49.279054))"
European long distance path E3 - part Slovakia (west),#7C3AED,standard,793,897,"MULTILINESTRING((19.749914 49.297832,19.750013 49.297822,19.750106 49.297821,19.750189 49.297823,19.750854 49.297864),(19.750854 49.297864,19.751061 49.297871),(19.751061 49.297871,19.751178 49.297878,19.751267 49.297865,19.751321 49.297851,19.751375 49.297833,19.75144 49.297807,19.751506 49.29777,19.751724 49.297621,19.751852 49.29753,19.752361 49.297163),(19.752361 49.297163,19.752443 49.297104),(19.752443 49.297104,19.752568 49.297015,19.752686 49.296936,19.752798 49.296867,19.752825 49.296856),(19.752825 49.296856,19.752945 49.296893,19.753195 49.296795,19.753743 49.296695,19.753987 49.296661,19.754236 49.296676),(19.754236 49.296676,19.754941 49.296851,19.75662 49.29759,19.757887 49.298239,19.758264 49.29848),(19.758264 49.29848,19.758482 49.298604,19.758544 49.298714,19.758605 49.298819,19.758702 49.298838,19.758925 49.298878,19.759024 49.298964,19.75938 49.299293,19.759894 49.299764,19.761273 49.300597))"
Antałówka - Gubałówka górna st. kolejki,#EAB308,standard,865,916,"MULTILINESTRING((19.979113 49.300343,19.978893 49.29997,19.978809 49.299769,19.978613 49.299479,19.978596 49.299441,19.978477 49.29917,19.978386 49.298955,19.97833 49.298628,19.978318 49.298588,19.978207 49.297999,19.978103 49.297648,19.978048 49.297521,19.977932 49.297253,19.977779 49.296867,19.977648 49.29658,19.977504 49.296335,19.977438 49.296213,19.977232 49.295748),(19.977232 49.295748,19.977079 49.295348,19.97703 49.295218,19.977018 49.295196,19.97698 49.295124,19.976941 49.295048,19.976925 49.295018,19.976878 49.294891,19.976831 49.294809),(19.976831 49.294809,19.976747 49.294662,19.976714 49.294584,19.976626 49.294401,19.976578 49.29431,19.976359 49.293901,19.976336 49.29386,19.976301 49.293798,19.976025 49.293438,19.975986 49.293354,19.97597 49.29328,19.975965 49.293166,19.97599 49.293018,19.97607 49.292635),(19.97607 49.292635,19.976098 49.292524,19.976154 49.292319,19.976198 49.29223,19.976293 49.292119,19.976469 49.291956,19.976601 49.291832,19.976635 49.291795,19.976795 49.291556,19.976926 49.291249,19.97704 49.290981,19.977102 49.290875,19.97715 49.290796,19.977166 49.290774,19.977189 49.290742,19.977208 49.290685),(19.977208 49.290685,19.977068 49.290643,19.977012 49.290631,19.97627 49.290489,19.976056 49.290455,19.975636 49.290383,19.975312 49.290327,19.974944 49.290267,19.974335 49.290171,19.973337 49.29),(19.973337 49.29,19.973061 49.289952,19.972977 49.289937,19.972895 49.289915),(19.972895 49.289915,19.972804 49.289877,19.97273 49.289827,19.972658 49.289752,19.972607 49.28966,19.972545 49.289555,19.972488 49.289496,19.972451 49.289466,19.972405 49.28944,19.972298 49.289396,19.97222 49.289378,19.972137 49.289365,19.972064 49.289355,19.971981 49.289353,19.97184 49.289357,19.97176 49.289366,19.971694 49.289378,19.971553 49.28942,19.971457 49.289465,19.971374 49.28951),(19.971374 49.28951,19.971341 49.289531,19.971262 49.28958,19.971141 49.289668,19.971088 49.289713,19.97104 49.289758,19.970969 49.289847),(19.970969 49.289847,19.9708 49.290068,19.970748 49.290125,19.970718 49.29015,19.970684 49.290172,19.970652 49.290192,19.970614 49.290213,19.970525 49.290254,19.970414 49.290283,19.970308 49.2903,19.970205 49.290312,19.970152 49.290315,19.970095 49.290316,19.970026 49.29031,19.969964 49.290299),(19.969363 49.290884,19.969556 49.29072,19.969774 49.290499,19.969848 49.290424,19.969919 49.290352,19.969943 49.290328,19.969964 49.290299),(19.969016 49.291066,19.969363 49.290884),(19.96687 49.292316,19.967681 49.291851,19.968667 49.291275,19.969016 49.291066),(19.965448 49.292965,19.965513 49.292936,19.965714 49.29284,19.965904 49.29275,19.966111 49.292651,19.966747 49.292372,19.96687 49.292316))"
Zakopane - Dzianisz,#EAB308,standard,822,1058,"MULTILINESTRING((19.920792 49.300052,19.920898 49.299925,19.921038 49.299692,19.921243 49.299517,19.921325 49.299472,19.921492 49.299413,19.921638 49.299257,19.921734 49.299092),(19.921734 49.299092,19.921868 49.298837,19.92192 49.298637,19.92198 49.298533,19.922175 49.298371),(19.922175 49.298371,19.922282 49.298287,19.922435 49.298184,19.922651 49.298101,19.92293 49.29802,19.92351 49.298,19.923616 49.297985,19.924117 49.297834,19.924609 49.297779,19.924858 49.297599,19.924998 49.297464,19.925081 49.297166,19.925155 49.296934,19.925435 49.296763),(19.925435 49.296763,19.925881 49.296461,19.926065 49.296293,19.926261 49.296115,19.926424 49.295942,19.926541 49.29583,19.926628 49.295707,19.926605 49.295552,19.926585 49.295381,19.926553 49.295146,19.926528 49.295036,19.926508 49.294916,19.926481 49.29476,19.926402 49.294723),(19.929941 49.292827,19.929816 49.292894,19.929634 49.292963,19.929227 49.293091,19.929022 49.293186,19.928666 49.293373,19.928607 49.29342,19.928497 49.293417,19.927743 49.293332,19.927166 49.293252,19.92703 49.293243,19.926944 49.293252,19.926877 49.293279,19.926838 49.293328,19.926685 49.293712,19.926487 49.294326,19.926402 49.294723),(19.929982 49.292775,19.929941 49.292827),(19.931105 49.293087,19.930985 49.293053,19.929982 49.292775),(19.931105 49.293087,19.931209 49.293117,19.931831 49.293294,19.932299 49.293413,19.932786 49.293516,19.932855 49.293519,19.932945 49.293537,19.933005 49.293555,19.93342 49.29363,19.933556 49.293636,19.934788 49.293844),(19.934846 49.293855,19.934788 49.293844),(19.935654 49.294004,19.934846 49.293855),(19.935796 49.29403,19.935735 49.29402,19.935654 49.294004),(19.935796 49.29403,19.936007 49.29407,19.936376 49.29415,19.936522 49.294187,19.936642 49.294217,19.937103 49.294364,19.937455 49.294495,19.938052 49.294712,19.938522 49.294868,19.939071 49.295017,19.940188 49.295309,19.941383 49.295621,19.941812 49.295732,19.942192 49.295831,19.942486 49.295902,19.942783 49.29596,19.942919 49.29601,19.942985 49.296026,19.943187 49.296059,19.94337 49.296056,19.94357 49.296096),(19.943587 49.296049,19.94357 49.296096),(19.943797 49.295999,19.943793 49.296022,19.943775 49.296032,19.943751 49.296036,19.943607 49.296009,19.943587 49.296049),(19.94382 49.295931,19.943805 49.295964,19.943797 49.295999),(19.944709 49.296074,19.944594 49.296035,19.944497 49.296003,19.944415 49.295988,19.944305 49.295973,19.944201 49.295966,19.944135 49.295966,19.944062 49.295958,19.94382 49.295931),(19.94506 49.296163,19.944709 49.296074),(19.945173 49.296191,19.94506 49.296163),(19.945609 49.296223,19.945423 49.296227,19.945274 49.296221,19.945173 49.296191),(19.945853 49.295538,19.945743 49.295613,19.945725 49.295671,19.945661 49.295973,19.945609 49.296223))"
Szlak Papieski,#EAB308,standard,1103,1295,"MULTILINESTRING((19.793761 49.236397,19.793702 49.236326,19.793587 49.236231,19.793433 49.236175,19.793305 49.236103,19.793292 49.236093,19.793144 49.235974,19.793102 49.235903),(19.793102 49.235903,19.793003 49.235813),(19.793003 49.235813,19.792847 49.235692,19.792759 49.23567,19.792393 49.235597,19.791601 49.235472,19.791477 49.235412,19.791393 49.235361,19.791304 49.235326,19.791048 49.235257,19.790851 49.23518,19.790412 49.234942,19.790296 49.234892,19.790067 49.234832,19.789457 49.234615,19.789102 49.234425,19.788847 49.234239,19.788556 49.234111,19.788206 49.234046,19.78797 49.233955,19.78787 49.233863,19.787807 49.233707,19.787672 49.233553,19.78753 49.233463,19.7874 49.233336,19.787254 49.233054,19.787102 49.232861,19.786489 49.232338,19.786421 49.232196,19.78637 49.231908,19.786274 49.231721,19.786043 49.231118,19.78587 49.230736,19.785773 49.230635,19.785603 49.230535,19.785403 49.230372,19.78539 49.230262,19.785588 49.22986,19.785632 49.229704,19.785635 49.229593,19.785586 49.229471,19.785492 49.229329,19.785394 49.229137,19.785191 49.228458,19.785108 49.228193,19.78508 49.228,19.785087 49.227772,19.785116 49.227502,19.785158 49.227319,19.785101 49.227105,19.784965 49.226903,19.78488 49.226773,19.784852 49.2266,19.784926 49.226335,19.784933 49.226198,19.784924 49.226112,19.784874 49.225991),(19.784874 49.225991,19.78482 49.225909),(19.78482 49.225909,19.78466 49.225713,19.784617 49.22565,19.784565 49.225527,19.784571 49.225278,19.784653 49.225091,19.784694 49.224925,19.784662 49.224658,19.784681 49.224493,19.784717 49.224384,19.784824 49.22423,19.784896 49.224165,19.785055 49.224009,19.785281 49.223856,19.785521 49.223722,19.785752 49.223585,19.785878 49.223424,19.785878 49.223266,19.785878 49.222982,19.785899 49.222826,19.785965 49.222685,19.786128 49.222424,19.786333 49.222189,19.786441 49.222088,19.786489 49.221983,19.7865 49.221879,19.786441 49.221709,19.786425 49.221581,19.786433 49.221441,19.786446 49.221336,19.786453 49.221189,19.786471 49.220989),(19.786471 49.220989,19.786573 49.22094,19.786696 49.220833,19.78675 49.220797,19.78681 49.22077,19.786909 49.220737,19.787023 49.220697,19.787119 49.220641,19.787133 49.220633))"
Via Slovakia (Zuberec - Námestovo),#7C3AED,standard,793,897,"MULTILINESTRING((19.749914 49.297832,19.750013 49.297822,19.750106 49.297821,19.750189 49.297823,19.750854 49.297864),(19.750854 49.297864,19.751061 49.297871),(19.751061 49.297871,19.751178 49.297878,19.751267 49.297865,19.751321 49.297851,19.751375 49.297833,19.75144 49.297807,19.751506 49.29777,19.751724 49.297621,19.751852 49.29753,19.752361 49.297163),(19.752361 49.297163,19.752443 49.297104),(19.752443 49.297104,19.752568 49.297015,19.752686 49.296936,19.752798 49.296867,19.752825 49.296856),(19.752825 49.296856,19.752945 49.296893,19.753195 49.296795,19.753743 49.296695,19.753987 49.296661,19.754236 49.296676),(19.754236 49.296676,19.754941 49.296851,19.75662 49.29759,19.757887 49.298239,19.758264 49.29848),(19.758264 49.29848,19.758482 49.298604,19.758544 49.298714,19.758605 49.298819,19.758702 49.298838,19.758925 49.298878,19.759024 49.298964,19.75938 49.299293,19.759894 49.299764,19.761273 49.300597))"
